m_max,r_max,sampleweight
0.0522285123588517,17.6384525944013,0.000109540274901887
0.0904327141889371,15.8889799064491,2.282392441376e-05
0.0584073113859631,67.8282466705423,9.51525584329638e-05
0.0726562557159923,13.5465373808984,6.46151563061138e-05
0.0480122713558376,6.80389935034327,0.000136133474847817
0.0479251104174182,35.6663960742299,0.000119141378214211
0.0895836028805934,20.6761529296637,2.38389393743843e-05
0.0486485990206711,37.7202376734931,0.000117485653641738
0.0899248636653647,32.227234748425,2.30237293973994e-05
0.0483893934427761,8.45629014424048,0.000125503824295468
0.0142347324243747,18.0969520262443,0.000156589952529297
0.0418776770611294,55.7187776535284,0.000132981104180012
0.0518788491142914,46.8814942997415,0.000110093132970102
0.0266772060911171,24.8119678127114,0.000167767821185718
0.0329143945244141,42.7103616436943,0.000153493835243545
0.0330492777866311,25.5466836167034,0.000153185151000747
0.0188565225503407,27.1790082205553,0.000167216116953902
0.0318388987192884,13.0274494818877,0.000157074021785177
0.0513584657595493,50.452168697957,0.000111284045312989
0.0442965867347084,13.5742979496717,0.000128697582955843
0.0761175368144177,63.1688277993817,5.46221958341789e-05
0.0764019249612466,27.3728310700972,5.39713653432665e-05
0.0208080376265571,57.6763697736897,0.000171682215591413
0.0404810613882728,35.2412454225123,0.000136177299500094
0.0188517489936203,69.1718909097835,0.000167205192531423
0.0568044035602361,27.714519376168,9.88208593053381e-05
0.0220044119376689,62.3625408206135,0.000174420152769521
0.0760506378067657,52.1196825720836,5.47752961461193e-05
0.0533661421225406,60.8070130983833,0.000106689419948012
0.0231099549587816,28.2797840959393,0.000175931578471505
0.0895668219961226,33.5234668245539,2.38431181024433e-05
0.0696689153555781,47.4363992118742,6.93800523642909e-05
0.0233702355576679,26.4038139069453,0.000175335918800604
0.0244679335784167,15.1748384919483,0.00017320428646797
0.0995730733149685,64.958619409008,9.43522846258864e-07
0.0474298884882592,15.1259657321498,0.000121028925505444
0.0482752856914885,30.9655509574804,0.000118339991981803
0.0269348788703792,64.3465555133298,0.000167178129585375
0.0207457123720087,67.5218866707292,0.000171539582445601
0.036809649434872,41.85632480192,0.000144579431834433
0.0568847441440448,66.2597613153048,9.86369975579922e-05
0.0867494410043582,68.2239691389259,3.02907759053569e-05
0.097695652754046,69.967703652801,5.2400540446899e-06
0.0851250676694326,19.1838581429329,3.41428504242338e-05
0.0947807696927339,47.2117091785185,1.19108481509141e-05
0.0910601399582811,49.1710383177269,2.04256167992516e-05
0.0156009946693666,58.717072479194,0.000159765747335549
0.0219186415360309,40.0365611235611,0.000174223864727188
0.0273640833375976,41.3877499150112,0.000166195882761039
0.0565983728179708,44.7132386779413,9.92923666119075e-05
0.0248257193062455,57.0873986394145,0.000172005002188346
0.0101244167797267,28.7298302096315,0.000147232440599037
0.0683374653756619,60.4742431174964,7.2427114113231e-05
0.0819156137062237,27.7113704010844,4.13531293420626e-05
0.0530186052410863,13.9275821775664,0.000108822466206164
0.0165965631813742,33.2404853159096,0.000162044134640477
0.0228367291600443,21.1297084495891,0.000176323788617494
0.021868319795467,13.5344723961316,0.000173482815380326
0.0213808327284642,46.9581156724598,0.000172993073732033
0.0480074180243537,5.79727132688277,0.000144771244463618
0.0408731248462573,63.432061325293,0.000135280050948514
0.0355736966570839,33.881791443564,0.000147407945477079
0.0690203596046195,17.3718214267865,7.12449789662179e-05
0.036559638553299,19.3419217609335,0.000145204460249706
0.0372537018568255,19.1961323551368,0.000143621737010081
0.0195537219638936,34.3117078195792,0.000168811677956166
0.0180703715933487,32.9836390609853,0.000165416987774378
0.0249961204640567,39.4214419776108,0.000171615034215253
0.0414224486914463,18.4301287028939,0.000134128467701888
0.0138193760765716,21.0294514591806,0.00015568677102434
0.084735406821128,29.4248452095781,3.48999513256492e-05
0.0804753081593663,55.7388494280167,4.46493102011374e-05
0.0888193185278215,29.5663182949647,2.55538013874464e-05
0.0686087212804705,42.8293701796792,7.18063371376149e-05
0.0395993803930469,67.4826925829984,0.000138195051932288
0.0159118864778429,30.5227502726484,0.000160477232221918
0.0211522715352476,43.0270884430502,0.000172470004837484
0.0434369462891482,20.9296204149723,0.000129421135520669
0.0441194437607192,19.8498452838976,0.000127895962428466
0.0849530920130201,55.5228556436487,3.4401772474374e-05
0.085908386381343,61.2158639414702,3.2215553710919e-05
0.0169617043854669,65.0010735553224,0.000162879770836155
0.0608062230120413,29.7596838709433,8.96625798643581e-05
0.0202195180533454,54.8824198567309,0.000170335371543882
0.0247482946608216,42.4216995004099,0.000172182190726447
0.028516077902168,29.9999800615478,0.000163559509915166
0.0354578418028541,30.2403302956373,0.000147673082658406
0.0343975796876475,54.9324916221667,0.000150099523143462
0.0608525823126547,7.86006474285387,0.00010132892703331
0.0213192173163407,12.4156169546768,0.000171903538371028
0.0168157433066517,49.7013498120941,0.000162545734689998
0.0507844823342748,5.45970724546351,0.000143253513435243
0.0435814551194198,13.693815744482,0.000130268468087407
0.0793859753827565,16.31959025166,4.78431075680324e-05
0.0243711796985008,63.4533571673092,0.000173045229213791
0.0228696594573557,16.6622859064955,0.000176224072310909
0.0459682498453185,20.3473125200253,0.000123648746980755
0.0961962141585536,62.1996103832498,8.67156259411122e-06
0.0953449154668488,26.0810153349303,1.06197842468539e-05
0.0999853568780236,33.0583864520304,0
0.0534388528275304,55.5357008159626,0.000106523019398795
0.0208985655545257,8.53126947884448,0.000168747446283047
0.069443579162471,34.3206943687983,6.98957407529089e-05
0.0798983327927999,69.3158082861919,4.59697349982113e-05
0.0657447196403518,53.1047412671614,7.83606876413088e-05
0.060198450605385,26.6955045133363,9.10534845775041e-05
0.0982180319866166,10.9522661694791,1.09730575819148e-05
0.0139129400136881,19.8766300431453,0.000155888631027547
0.0766139714582823,9.55776823684573,6.20604218463717e-05
0.0619400091492571,15.6175606464967,8.78395687009173e-05
0.0823719741986133,11.0381251038052,4.59798265920594e-05
0.0216460142470896,13.6315714975353,0.000172998910938031
0.0216537840827368,56.6771005780902,0.000173617730792735
0.0662875006138347,53.4981874015648,7.71185177007931e-05
0.0367441050475463,57.8015397209674,0.000144729432058617
0.075876216206234,19.9276331847068,5.52474520464517e-05
0.068309960369952,50.2951928507537,7.24900601135066e-05
0.0576945971744135,8.84429842350073,0.000104737442789306
0.0565352997509763,16.56969559961,9.98892496318023e-05
0.0717064054775983,34.1871066379827,6.47171973503597e-05
0.0375545492535457,25.8026421419345,0.00014287470707683
0.0866773849260062,49.2009921651334,3.04556783225989e-05
0.0178005587169901,57.354582878761,0.000164799513211064
0.0198742335150018,7.14714983245358,0.000163542055946336
0.0195882674329914,55.3596449096222,0.000168890736260327
0.0465924785682,66.6009069769643,0.000122191144705197
0.0444548431225121,15.0440725241788,0.000127816490769343
0.0641323952912353,20.700978517998,8.20738513924492e-05
0.0450673001329415,16.6928765014745,0.000126024410375934
0.0111971944593824,42.4305942619685,0.000149687523314951
0.0353364872466773,5.16357375308871,0.00017140993838709
0.0185874035907909,18.062800145708,0.000166534418550148
0.0504357250896283,42.702821783023,0.00011339576399707
0.0554210653249174,55.4694511159323,0.000101986668825986
0.014433137436863,43.5906061704736,0.000157093072315787
0.058179368651472,27.0894839393441,9.56742119668504e-05
0.0413377707032487,46.6333157964982,0.000134216695479665
0.0725425312272273,14.1067286720499,6.4526111636082e-05
0.0457467589969747,18.9919947972521,0.000124206625426653
0.091155836104881,44.6837658493314,2.0206613402786e-05
0.0307332942797802,35.6020473851822,0.000158485346172439
0.0704347054543905,24.353317071218,6.76275195970027e-05
0.0970365441031754,14.4070232100785,8.81793097197054e-06
0.0658986797789112,44.2350379214622,7.80083454158087e-05
0.0372875015670434,24.4585360283963,0.000143485853423263
0.0165439587761648,42.5622003478929,0.000161923747939243
0.0581123033049517,34.8859919898678,9.58276929500973e-05
0.0531841333699413,16.8390346923843,0.000107485880482772
0.0241554612992331,15.2171350480057,0.000173907221143425
0.0612340550054796,56.6068209381774,8.86834739859228e-05
0.0530873254477047,12.6878098188899,0.000109463385436184
0.0242651620344259,23.3899632142857,0.00017328785370122
0.0809541631233878,59.5946879289113,4.35534367803034e-05
0.0509451874322258,51.3358237000648,0.000112229844706018
0.0917179722967558,43.7370263156481,1.89201484857456e-05
0.0254056726163253,44.5841313351411,0.000170677762281499
0.0179626579140313,63.0462631990667,0.000165170481907063
0.0277644652267918,28.2378103781957,0.000165279597239289
0.0318547059618868,14.9050052894745,0.000156476982819147
0.044187701663468,57.2141915559769,0.000127694546133468
0.0679455610900186,28.8990617450327,7.33239983943095e-05
0.0309144531493075,48.1673619523644,0.000158070758865259
0.0141518906597048,66.4228850440122,0.00015644943094013
0.0314662292040885,61.1709524132311,0.000156808003421296
0.0239649055618793,47.458472517319,0.000173974999314024
0.0658168340148404,18.6966386321001,7.83281968601473e-05
0.0559291205136106,5.06694388110191,0.000139081897261949
0.0300736379134469,8.85514743742533,0.000164128335844881
0.0454975021095015,21.2398898275569,0.000124697029968344
0.099290540816728,25.0327148055658,1.59010663176104e-06
0.0265603961399756,14.851990340976,0.000168510892984822
0.0241702782409266,46.4647345838603,0.000173504998004143
0.0193595937127248,59.0272431273479,0.000168367409844372
0.0477918824343942,52.2911497764289,0.000119446274302749
0.013533750991337,64.4616151216906,0.000155034800449014
0.0439115312602371,25.0643481779844,0.00012832657008072
0.0974071353464387,38.2218460540753,5.90033446820144e-06
0.0619183693802916,33.863563882187,8.71174007671072e-05
0.0775386835308746,62.8406402398832,5.13698605120364e-05
0.0121074750949629,26.5453286713455,0.000151770726850432
0.0150857341033407,16.5426404564641,0.000158464477662504
0.0557800531433895,65.2261186018586,0.000101165114831092
0.0273640457028523,59.9788311379962,0.000166195968889241
0.093280009815935,7.67265334841795,3.59639782641088e-05
0.0392350564873777,6.58298461232334,0.000154545496400586
0.062213104441762,26.1214817222208,8.64428910630817e-05
0.0366725642047823,53.2706966868136,0.000144893155344329
0.0656197169027291,52.366043649381,7.86467600180922e-05
0.0866509133251384,65.0452509336174,3.05162593460352e-05
0.0427611509873532,52.4588606180623,0.000130959248573426
0.0794108085939661,7.39843248389661,6.79405553322786e-05
0.057297150711529,17.8929031081498,9.79231135921837e-05
0.0285027199145407,11.7146413109731,0.000165193574995027
0.0628951846202836,31.9619559694547,8.48819308670299e-05
0.0181893921876326,49.6080716652796,0.000165689369843287
0.0804643009183928,68.9611564145889,4.46745005901399e-05
0.0698288510157727,10.8589318906888,7.4070364879368e-05
0.0193686392530799,63.5848562559113,0.00016838811082483
0.0186640494735912,25.5001060478389,0.00016677563675659
0.0605866725323722,14.3820083409082,9.14691341936154e-05
0.0916499218042009,40.481963296188,1.90758840041566e-05
0.0171739653754048,54.0081519854721,0.000163365536244535
0.0719203695654869,12.5522621150594,6.72721758245852e-05
0.0468753967806697,17.2826303355396,0.000121814686969601
0.0104602776700631,69.2283686518204,0.000148001067950681
0.0414113904675469,54.2007448046934,0.000134048214521955
0.0741083437460475,23.9426486357115,5.92202922232386e-05
0.0681418316927739,14.8270329809748,7.41080917798575e-05
0.0847049818956293,18.7082296202425,3.51392703221833e-05
0.0874347190675326,6.90508166328073,5.85632144241134e-05
0.0678675524774008,15.1590151619166,7.45655862611616e-05
0.0260291649680585,26.2168762669899,0.000169250882019844
0.0148056636634283,23.0141008715145,0.000157945609348771
0.0802612002170645,25.1708679622971,4.51393024133669e-05
0.0153345552785322,58.5612804885022,0.000159155993091328
0.0689053138974123,43.2780849409755,7.11275763642224e-05
0.0648721348750405,17.3041507357266,8.07285022466075e-05
0.0477561838459224,23.059317440493,0.000119527971553915
0.0445589543855749,50.8515598578379,0.000126844923552233
0.0521731471014209,53.666799714556,0.000109419623523334
0.0476329355244525,56.7038619855885,0.000119810028898642
0.0903883615788072,11.2591530894861,2.78010808207391e-05
0.0956494988664054,53.5673924675211,9.92273633656784e-06
0.0352836420712993,20.1522095012479,0.000148099389628929
0.0111490937764756,19.7894356551114,0.000149565473174564
0.0981760188704357,14.5048732450232,6.1591595182691e-06
0.0786994534451515,68.0078756669536,4.87134050248118e-05
0.0565634400211275,46.8640966108069,9.93723113268052e-05
0.089742692031432,44.1047742054798,2.34406344451829e-05
0.094631639982108,16.1393818049692,1.31451304781992e-05
0.0377066604071297,43.1963772454765,0.000142526596306869
0.0682816929463297,33.7829588039313,7.25547509292037e-05
0.0229549445887096,6.03945601265878,0.000165293936420368
0.0133227133611217,42.9996076866519,0.000154551834734705
0.0876808965066448,47.7438813820481,2.81591130756081e-05
0.0129744709539227,21.9896240299568,0.00015375487192398
0.0625408896198496,13.997951002093,8.7233900707684e-05
0.0163532723649405,17.0967098663095,0.000161383608232118
0.051409707099665,42.4570522177964,0.000111166778025606
0.0606050432333723,63.0215324251913,9.01229856005775e-05
0.0898836047737859,41.3673830428161,2.31181515628804e-05
0.0952556200348772,53.0653954157606,1.0824139422955e-05
0.0775767703750171,38.9135029574391,5.1282697668764e-05
0.0597436423785985,5.56895072455518,0.000126865934798363
0.0180539518641308,67.7839927596506,0.000165379410749644
0.0862692109681666,56.8101074662991,3.13897962185824e-05
0.0571105990721844,11.4203344762791,0.000101636665334116
0.0113339331187308,16.5343107981607,0.000149908426558477
0.0549024122674018,26.1260555020999,0.000103173621333677
0.0590578655083664,65.8616632188205,9.36637465272285e-05
0.0765316148172133,40.6860487780068,5.36745663607267e-05
0.0215711586340331,15.1115457469132,0.000173083375135036
0.0137214968842454,56.8715899134986,0.000155464462349521
0.0204581630323082,7.287698200671,0.000165156497853863
0.0445573713164777,39.4658417196479,0.000126848546451602
0.0948028834583238,64.8972998792306,1.18602401594234e-05
0.0203767131874338,62.3873444646597,0.00017069511715012
0.0746948908478953,5.63934070640244,0.000100322504465848
0.0618163632950746,22.4113791889977,8.73508446404125e-05
0.0273179219546728,9.7240907617379,0.000169205921829163
0.0935659836092964,63.0713684484363,1.46909212019649e-05
0.0464544366905466,59.9835383088794,0.000122507057530683
0.0344029226899147,29.6518838114571,0.000150087295528397
0.0304045151756145,44.6228502306622,0.000159237766651815
0.0272366575174965,13.1419762072619,0.000167399329829666
0.096652084288653,57.0807407272514,7.62829062981445e-06
0.0897168816579506,53.7600382405799,2.34997022306403e-05
0.0122546830866486,36.0585615853779,0.00015210761659272
0.0613210781035014,24.5505665137898,8.84843191117209e-05
0.0635719584045001,45.7878146925941,8.33331145076641e-05
0.0914707838743925,49.8315353004728,1.9485846332398e-05
0.0908488655393012,34.2988994834013,2.09091244114892e-05
0.0972804008657113,34.4039599271491,6.19036998911587e-06
0.0150243081641384,10.8284732338507,0.000157348816551987
0.0748315383540466,54.9226655147504,5.75652404673982e-05
0.012745746166911,62.3625571804587,0.000153231428640303
0.0346579950884916,52.1660311031155,0.000149503554974387
0.0114680835721083,12.0020598790143,0.000149719298553903
0.0996418650820851,5.29216638882645,6.43013707704527e-05
0.0877228887518868,35.4833927575965,2.80630126090798e-05
0.0140762930805795,44.2666332318913,0.000156276423696043
0.0360950685315766,10.3029542963486,0.000149391492430913
0.0182824368658476,26.0696257953532,0.000165902305277744
0.042724786750041,48.8274850952439,0.000131042469181196
0.0101229596277699,37.7748027665075,0.000147229105864682
0.0689129705773667,38.6385243339464,7.11100538309205e-05
0.0631162781454623,16.8863753019832,8.48174517708043e-05
0.065288337606471,18.3681646315381,7.95822656976291e-05
0.0486618986073881,13.5038226423785,0.000118861186077518
0.0282361467694864,25.2613520261366,0.000164200140400425
0.0788880769023672,8.74337782268412,5.94685563170496e-05
0.0886215175362304,18.6330261058174,2.61900879746168e-05
0.0719323922111653,63.8785024161916,6.4200020181103e-05
0.0903004751447588,43.0735201202333,2.21641316741739e-05
0.0127200725441799,5.8296809066087,0.000146410327784219
0.010411794311367,18.5836814832874,0.000147867782299579
0.0673575724684633,24.7392889205366,7.46696273436342e-05
0.0845946734305471,59.584578165086,3.52220237562369e-05
0.0382434482150711,35.8216934255324,0.000141298141898857
0.062584058328066,35.9459601913113,8.55939523762158e-05
0.0594170929654502,44.726705357898,9.28416441124477e-05
0.0831268973485567,67.6490059669595,3.85810717286764e-05
0.0471855848655105,6.45981481880881,0.000140501706700512
0.0552457452472299,33.3075632841792,0.000102387893889339
0.0856886985851452,38.1312710803468,3.27183155800096e-05
0.0112237440329045,44.0298217034433,0.000149748282781059
0.0489565465180203,36.9433978712186,0.000116780906896454
0.0747825193707831,8.69350680964999,6.84298908435686e-05
0.0900423321407288,56.5317004185636,2.27548993974839e-05
0.0582965253619477,34.0216442232486,9.540609544989e-05
0.0354623614507727,63.8372525572777,0.000147662739313557
0.072908259248361,14.4151004788,6.35169809925886e-05
0.0675891370652244,55.2724058006425,7.41396850732955e-05
0.0482154012890533,19.6770833211485,0.000118533240411456
0.0709508665301837,60.952227805974,6.6446270061485e-05
0.0949114991771057,24.1683494078461,1.16116699487311e-05
0.0316686468431726,53.6916382878553,0.000156344764805751
0.0458671139902435,29.6078172593843,0.000123851162499982
0.0698887883289717,39.711163318716,6.88768667118374e-05
0.0190541023435071,57.609729571268,0.000167668284019283
0.0695219022012316,45.3757111460436,6.9716496215699e-05
0.0372352331713773,16.2527697125915,0.000143942532474079
0.0431586078437977,16.9066448626108,0.000130348816712389
0.0186566351144575,55.2083063381724,0.000166758668781487
0.0725338072585873,62.6489912066609,6.28236644682493e-05
0.0373278792900965,11.8310674582608,0.000145417310283625
0.0326827887934633,48.3766980364453,0.000154023871650665
0.0884153172071092,13.6114060436375,2.89489714938143e-05
0.0984530864935368,8.71740439673886,1.75690524175136e-05
0.0495641273772344,7.00821897014976,0.000131470102556986
0.0278023764071986,56.2241895089392,0.000165192836407551
0.0169936664262787,37.5158643280156,0.000162952916890039
0.0897201846935786,57.4161575222388,2.34921431381701e-05
0.0124425365612842,63.4994182584342,0.000152537524697119
0.093977359936107,68.9518169406802,1.37494745920646e-05
0.0591513979923912,8.67738110246137,0.000101992714692887
0.0832807910814882,63.8695294421632,3.82288814743745e-05
0.0487084534787573,68.1719202990644,0.000117348674985019
0.0480111429840326,7.38320305710658,0.000131666301073414
0.0408070880430751,21.6472878679633,0.000135431178080613
0.0778774262033403,12.2797525115311,5.42299154943198e-05
0.0483263696404174,63.6141407117248,0.000118223084888699
0.0874312545545399,43.7404538167175,2.87304258959645e-05
0.0895172417815775,12.0320692379028,2.85022651426007e-05
0.0870086975861341,21.3315556594171,2.96974597272006e-05
0.0387804308184423,15.222509506857,0.000140659065792123
0.0867434692126699,29.1802070010453,3.030444252318e-05
0.0901242341473699,44.1851977061015,2.25674642888717e-05
0.0897304965928197,64.4814872031566,2.34685440588128e-05
0.0688644636445679,5.028191403253,0.000118889143676174
0.074648324912414,59.0255710936617,5.79845297222043e-05
0.0114640630455688,46.4757009467576,0.000150298259785136
0.0108127886871807,54.9778752401471,0.000148807799598539
0.0243751461617649,13.3558286225889,0.000173778107626877
0.0154754603095353,26.1140764178708,0.000159478458325981
0.04522517694626,19.2440031236038,0.000125389444965898
0.0645290626143105,28.8699563243426,8.11427538696726e-05
0.0771482038544491,12.5683918176219,5.55099968984572e-05
0.0291441898769699,40.8239284483716,0.000162122057512643
0.0270153838233091,68.184679041151,0.000166993891674546
0.0142924246028997,19.2731854401063,0.000156749538636205
0.0206162173114717,63.5075836977921,0.00017124322925803
0.0218763485481031,36.4558768610004,0.000174127076002334
0.0387730660801753,31.1403073533438,0.000140086096112191
0.077995647478383,21.0407505277544,5.03329905801085e-05
0.0103495978238061,61.9057210651226,0.000147747773924622
0.0416893362207338,14.5920893352013,0.000134241047668051
0.042215193042066,67.6378725399263,0.000132208689105709
0.0338708942732774,33.0697155464441,0.000151304857931896
0.0495876008132473,64.6266914834268,0.000115336720908625
0.0565302196261473,27.4796041974332,9.94483371605621e-05
0.0191286454163492,46.3233309332281,0.000167838877995273
0.0537345640454441,41.4927819522563,0.000105846275732545
0.038489108637441,20.9235383209307,0.000140743611705057
0.0529118473501876,69.0669053490274,0.000107729086660589
0.0682749592815526,68.2532332697883,7.25701611156035e-05
0.0201156514580362,11.4087805815507,0.000168854766338372
0.0240408605872653,11.6604216059204,0.000175176777783066
0.0252653825865127,67.2471397486515,0.000170998820068158
0.0976150442217477,19.4156190799549,5.55959601357476e-06
0.0601880079694092,29.407839702908,9.10773828516563e-05
0.0163977823872119,15.6467773171607,0.000161388176115212
0.0914943429734558,43.5590078937821,1.9431930653493e-05
0.0935102156852372,51.9938291888684,1.48185477074902e-05
0.0904337176703848,37.3894513200503,2.18592023044708e-05
0.0729601514013484,52.0688987825997,6.18479635790776e-05
0.0362264640210196,20.7804004359059,0.000145925100078268
0.018274655463174,13.4880250098649,0.000165353925743476
0.0526523220445961,53.7071105698124,0.000108323017820962
0.0994003121904098,47.9590285406448,1.33889167143991e-06
0.0649303184007295,45.9251024120022,8.02244684088738e-05
0.098765884200111,36.4735986897722,2.79079845791778e-06
0.013395898041781,8.65309031913057,0.000152771572703619
0.0652991375839338,14.8212777660228,8.05650450313665e-05
0.0241847632802092,62.3485815443564,0.000173471848573225
0.0647518331906758,64.3910964555107,8.06329369690973e-05
0.0241057785111479,45.549820488086,0.000173652607499347
0.0492132329987362,47.8227218973916,0.000116193472468832
0.0280405542207882,61.9390270311851,0.000164647759599423
0.0569123276253231,65.867089087842,9.85738719641108e-05
0.061744692909997,17.3399928561412,8.78612628085099e-05
0.0745166693534702,54.087049147347,5.82858272728025e-05
0.0827719019562937,64.0168237267062,3.93934889408367e-05
0.0554755647107959,44.9002244893927,0.00010186194540674
0.0985479277279228,40.425893808715,3.28959814198891e-06
0.0301003790763207,61.0937335051131,0.000159933790902526
0.0920958046871237,68.5799033590592,1.80554681435872e-05
0.0250721008237451,40.9433704067487,0.000171441150966788
0.0954642592463642,35.1696805586107,1.03466625592044e-05
0.0813544353353791,64.6580068452749,4.26374022580009e-05
0.0643075325596146,31.9537717185449,8.16497318005649e-05
0.0470389212365262,11.9028107670601,0.000123661545171972
0.0240778000326827,13.5935092356522,0.000174393226347989
0.0184371902048588,49.8831264278851,0.000166256462765397
0.0959273134428076,39.5795208809432,9.2869496515084e-06
0.0233206720440649,54.2070720542688,0.000175449346333535
0.0557545043691062,11.8507682532072,0.000104227467440469
0.0962079801084474,30.917590217432,8.64463587782297e-06
0.0879463424952701,15.4619959078264,2.87412209493814e-05
0.0567578198132105,46.9696268136613,9.89274675563614e-05
0.0759787442954257,39.980098742526,5.49398265240574e-05
0.0388129747309722,55.4120521224104,0.000139994764011752
0.0860844266740605,8.52340998826549,4.47826307551234e-05
0.0343125093844719,40.5520507344045,0.000150294208990236
0.0536556885554455,64.7331969207153,0.000106026784570375
0.0557755902200006,10.0082409929018,0.000106591796020848
0.0330362532101572,32.5402925233357,0.00015321495812033
0.0300698517658748,37.299183672294,0.000160003653534514
0.010502522776369,60.7169056893326,0.00014809774709706
0.0389334562490694,24.9614601733629,0.000139719038576485
0.0533033903758042,55.3427510010079,0.000106833029133519
0.0323161510843784,45.0232340896037,0.000154862932641257
0.0470224471506663,15.4711947869509,0.000121840194387185
0.018673340792302,31.4376669563353,0.000166796900207916
0.0750720510515384,68.3757737162523,5.70148202099975e-05
0.0970479615754448,33.2752662256826,6.72231402081455e-06
0.0907968846848235,57.0999371062499,2.10280840988568e-05
0.070757146247197,7.79002523398958,8.13019979473456e-05
0.0242069698334672,42.4444326327648,0.000173421028234475
0.0630796154914424,67.1631408878602,8.44598554895777e-05
0.0662232275516726,14.4500069704372,7.86555382144399e-05
0.069633457348682,56.8351533147506,6.94611990375693e-05
0.0837627788237296,61.4306457806379,3.71258386000681e-05
0.0339000826794654,14.15463076788,0.000152029683021331
0.0990409340686165,62.7082172362134,2.16133888676162e-06
0.0390915104653686,10.7705455494579,0.00014226679166315
0.043097296548076,46.8929963000119,0.000130189969745378
0.0577345152758062,26.8888633244205,9.66922717703163e-05
0.0274626530101523,14.2291444144212,0.000166594996755734
0.0227999659860507,50.5088668060489,0.000176240801195375
0.0935116990935057,28.9048090297729,1.48151528848072e-05
0.0708882837835699,50.8103993954137,6.65894924853288e-05
0.0688171108788811,68.8782242580783,7.13294315206019e-05
0.0490844103135169,8.76017248257995,0.000123416284465689
0.0619626848795451,52.9787375580054,8.70159834666471e-05
0.0210279301088303,22.3506799107417,0.000172185445890501
0.0745585203007795,53.0180825165007,5.81900501706758e-05
0.0541767570679076,53.8705907040276,0.000104834304224249
0.0779336277232505,61.887133223936,5.04660193165672e-05
0.0854490202642046,50.3226904664189,3.3266826342565e-05
0.0729879827564582,25.9142567089293,6.17842707187708e-05
0.0344151493930258,50.9681417490356,0.000150059314365059
0.0747135866829194,9.12490310845897,6.7343455366309e-05
0.0809475477063097,45.026813611621,4.35685763534275e-05
0.0430690179136582,25.7726983889006,0.000130254686217305
0.068543082010001,43.7836949306075,7.19565545046155e-05
0.0299667242448777,21.9610226922669,0.000160239663846004
0.0198754927911796,27.7198677742854,0.000169548059791411
0.0845223433268257,58.0991803621873,3.53875532884544e-05
0.0962469732877798,69.2101025138982,8.55539886028143e-06
0.0193606149009429,5.55349596776068,0.00015704272064592
0.0738679183460772,52.1998362033628,5.9770512697739e-05
0.0102260720194317,32.5632636225782,0.000147465081552251
0.0264652546867728,38.5385105316527,0.000168252878098522
0.0711172476224601,52.9745248751715,6.60655021245218e-05
0.0485204726620577,41.5066127409227,0.00011777887451541
0.0494315918860957,24.1443155542947,0.000115693751846014
0.025266955178231,17.6481694949325,0.000171114179378498
0.017097680689767,7.78572671115398,0.000159697575333738
0.0753345892531797,23.0453262769152,5.64139939499625e-05
0.0285371889197268,26.8390795134474,0.000163511196741517
0.0908096175501123,68.5568980115932,2.09989445687495e-05
0.0950282592349686,54.0650703839492,1.13444611827357e-05
0.0878050066973083,15.4172415763605,2.90900533529765e-05
0.0951250986731611,36.0851229669061,1.11228413304271e-05
0.0653702159551904,54.240777088562,7.92177501454251e-05
0.03129148875596,37.155341723701,0.000157207901985655
0.0665051178704016,17.7780639566481,7.69089106794546e-05
0.0171742081781849,15.0857053184882,0.000163087991563106
0.0828029826609418,60.5664595845155,3.93223598502274e-05
0.042092008611653,60.9334649250377,0.000132490600233906
0.0143964922381565,58.6572212795727,0.000157009208719749
0.0862187414756045,41.9450490397867,3.15052971105379e-05
0.0264746824000031,14.5255984144751,0.000168771333859338
0.0809326353785582,39.8904474719893,4.36027036463523e-05
0.045040151483845,57.753805067623,0.0001257436900895
0.0210974699817598,58.7666469567921,0.000172344589898933
0.0688081958447583,58.0328438233119,7.1349833833776e-05
0.0117463002284057,17.1448769583367,0.00015087137246983
0.0977584814885631,28.6929978721309,5.09626867042195e-06
0.0308793471194804,48.8381888077129,0.000158151100028846
0.0932656928966753,63.2354328758083,1.53781451741694e-05
0.0162684754794464,8.98702481528744,0.00015913929671518
0.0829121859511361,32.7480764803477,3.90724449653811e-05
0.072493884714786,52.7798387978692,6.29150283632303e-05
0.014733345231507,9.99617385910824,0.00015634369439006
0.042610717471689,58.8277427910361,0.000131303520020535
0.0301671954803169,12.7132937056012,0.000160982832490581
0.0297826338885352,12.4823140003718,0.000161954509613314
0.0837795527721755,21.7872614017688,3.70874509343959e-05
0.068765978901647,26.7158190521877,7.14464485278704e-05
0.0844223801419139,49.2487635184079,3.56163219253851e-05
0.0538237271900289,13.8084820657969,0.000107054508448596
0.0190550770121627,40.6901525112335,0.000167670514576662
0.0467301961709745,69.1963623324409,0.00012187597399214
0.0383408358716406,15.1513183163479,0.000141677951528124
0.0106472090934403,23.2242550083902,0.000148428865914134
0.0361940479744226,33.7555551400874,0.000145988253563391
0.0899052981450223,6.67344757937826,5.72349375076493e-05
0.0930779872997664,21.3552521157544,1.5807714856118e-05
0.0485917585482821,23.3657086919993,0.000117615734705106
0.0823974949773401,48.9939697051887,4.02503301300022e-05
0.0542208970920183,32.4942168279085,0.000104733288503723
0.0689502516272478,20.0084883975796,7.10866003912727e-05
0.0237638834677637,35.6318284024019,0.000174435044184587
0.0774659827165306,18.8582063594367,5.16809573039968e-05
0.039675546977669,5.43506611022167,0.000162166078026756
0.0521529647358693,8.69839478633367,0.000116954383474659
0.0881598617555574,34.668983456213,2.70629872646145e-05
0.0585248297126964,23.7049404939171,9.48836143467496e-05
0.0946194180985913,17.1479751134757,1.28655986811703e-05
0.0618328305496834,45.1093304459937,8.73131588524478e-05
0.0911514343274757,55.8168678800575,2.02166869975596e-05
0.0135734109510668,10.2634086005855,0.000153914735167261
0.0139934817841277,67.7437188010663,0.000156086907651426
0.036889560634736,56.4504428079817,0.000144396552744651
0.0842082138825208,7.75272823753767,5.37205725944647e-05
0.0328269976982847,67.8153952478897,0.000153693845405319
0.0678302595671266,58.8395236048382,7.35878692608822e-05
0.0911592396185734,67.6838097441942,2.01988243633626e-05
0.0624475207086653,50.8620940090623,8.59064226632285e-05
0.028250430370681,64.882609207416,0.000164167451966391
0.0662019195384346,40.8425405342132,7.73143724645606e-05
0.0930911903060041,23.7911439838354,1.57774993948653e-05
0.0124744196655229,50.4799534357153,0.000152610490102375
0.0538669322128408,58.0490860471036,0.000105543347356912
0.0667728668707423,62.589224409312,7.60077429980571e-05
0.0657885347818956,8.49552703090012,8.82480809847423e-05
0.0683654134278186,55.3540120832622,7.23631541883606e-05
0.0422230850439519,67.0740093791392,0.000132190628031368
0.0507169455266558,59.8124336998444,0.000112752182901563
0.0236811820790172,39.6147717011627,0.000174624308702245
0.0138040822884068,10.2363836194854,0.000154410711952699
0.0284760447381996,8.1163612252567,0.000168436905839078
0.0891164891188964,33.6892195849214,2.48737179035506e-05
0.090753161450848,28.29205670394,2.11281459831155e-05
0.0148511334764771,11.7643438524101,0.000157227171195675
0.0492367636202835,27.6181247318164,0.000116139621961545
0.0109255745285191,65.1026129245292,0.00014906591325519
0.0584802519017831,25.2397579688113,9.49856319550221e-05
0.0287167848995887,27.8330659924541,0.000163100186152494
0.0194241593871266,13.5690691100899,0.000167965172628072
0.0157339346921071,20.2834390080534,0.000160059268446181
0.0777122640493326,9.01083388365805,6.11922885156586e-05
0.0555726824491285,7.30762635357678,0.00011701795333887
0.0576567007042468,65.1782075618394,9.6870352665645e-05
0.0226369866682217,68.5449563537259,0.000175867818317523
0.0921470949775539,38.8687427691184,1.79380888319951e-05
0.0486038113688119,48.5436269501224,0.000117588151477078
0.0963668220350519,39.3537360848859,8.2811215393309e-06
0.0302341026393697,65.1201986835804,0.000159627760664782
0.0465216838405468,68.609682363458,0.00012235316048492
0.060270949122496,19.4942500046454,9.09669765137061e-05
0.0491454777796753,24.6372585289646,0.000116348532245321
0.05771894978825,14.8029927560128,9.77829219520917e-05
0.0835228586010635,19.8959382926114,3.7757374694087e-05
0.0744485750235617,24.7497503377963,5.84416631142638e-05
0.0272272071731277,13.7940605671611,0.000167226898650727
0.0866227842029184,55.1165523508098,3.0580633654977e-05
0.0145280575240031,21.5790902869776,0.000157310299677756
0.0935504704876803,23.5877155594062,1.47264234290076e-05
0.0302804837329313,6.90064260619693,0.000169878227305998
0.0159477755450644,22.3416702519171,0.000160559365389206
0.0222113193222322,33.6401247791946,0.000174893666297318
0.0627459789486602,56.6571294295136,8.5223392357575e-05
0.0378153610345908,33.9583043358289,0.000142277831780211
0.0507803702563979,11.4978389325552,0.000115661525568579
0.0409879094990902,7.40190711221658,0.000145759752978599
0.0632418077485636,45.7259214483202,8.40886738228963e-05
0.0172692393464968,67.8733245516196,0.000163583573480153
0.047375716206152,17.8255429514684,0.000120597770869622
0.014130340158008,44.293240045663,0.000156400111994333
0.069373419363983,8.81204564706422,7.97070969191547e-05
0.0699923640512861,51.8083312455565,6.86398306786827e-05
0.0753600322478451,23.930777789792,5.63557669215404e-05
0.0724395903293044,41.2741094361991,6.30392826331456e-05
0.0154006472765468,57.379488904262,0.000159307246538396
0.0333502577012405,56.7094706429634,0.000152496349769879
0.0890971214952879,66.6351343761198,2.49180412697721e-05
0.0365667960909195,8.9357782737352,0.000150047831975939
0.0883700889814645,55.3821029362734,2.65818761839807e-05
0.0202914158604108,16.0094691067934,0.000170299367412486
0.075420569810085,58.7599454133306,5.62172249612281e-05
0.0812814489286393,24.1196414572187,4.28044337586386e-05
0.0280522462003864,56.3814984855708,0.000164621002166293
0.0611834406107664,30.6712710612919,8.87993064906377e-05
0.0684028010535985,24.3973497685511,7.22775915265136e-05
0.096727180168964,54.9708526744507,7.45643153795958e-06
0.0795350520149805,57.753842130769,4.68011135546093e-05
0.0428020911989734,22.1992629906163,0.000130865555716238
0.0292300729732961,65.0796034000814,0.00016192551156526
0.0678897824161686,34.0349895437248,7.34516495010418e-05
0.0988445873372257,19.1345216927584,2.77126276361535e-06
0.0139218761073425,7.32935213716701,0.000152117705132402
0.0219819512660615,20.2873254474252,0.000174353845807602
0.0459557421598584,40.5436046351679,0.000123648334373063
0.0449751509563066,34.8908385599498,0.000125892445674847
0.0736440851539374,13.1610071263276,6.27280405733919e-05
0.0137079676124267,63.3953789807856,0.00015543350022006
0.0204906324506737,52.859181095846,0.000170955824675541
0.0754762356635183,32.2992138296831,5.60898320472792e-05
0.0778053251141682,52.968581529567,5.075964354453e-05
0.0872942564543337,57.5756072776858,2.90439500066054e-05
0.0626461775554344,12.4713248910848,8.81835867404006e-05
0.0260752776102163,62.8990142105613,0.000169145351905922
0.0498456915770657,36.9445730256848,0.000114746072738548
0.0546340900287032,19.4160114589613,0.000103863261972766
0.0797408006433398,5.36614438286051,9.59628619497077e-05
0.0825307271513157,67.3134142230265,3.99454244503501e-05
0.0671531159314327,55.6227864057291,7.51375320360403e-05
0.0671733569493517,13.4104843833484,7.70881157227933e-05
0.0605834838049486,55.2565010648686,9.01723249754467e-05
0.0146533787739463,44.5248120801989,0.000157597100979188
0.0890414005308412,60.6585991103202,2.50455603068674e-05
0.0256295200367458,8.46191216493025,0.000174092133498287
0.0902051783539355,65.6186066637747,2.2382221133406e-05
0.0617144586727955,42.8098429110833,8.75840563128527e-05
0.0404700137255713,35.1997836423107,0.000136202582395389
0.0589059703983367,11.5704939281568,9.74769206044773e-05
0.0767162169306539,34.4530544150621,5.3252099090365e-05
0.0265460440795869,69.1682187980041,0.0001680679892388
0.0417020074580796,26.1866903398186,0.000133383129142255
0.018542226201389,52.8618551813997,0.000166496840678286
0.0759635972324759,45.5709442414809,5.49744910152657e-05
0.0273636383423582,51.2686278682668,0.000166196901145502
0.0248074346245267,50.5502246308606,0.000172046847210763
0.0809259372740053,69.9122337438166,4.36180324521516e-05
0.0833690243586898,26.9094657571986,3.80269570701533e-05
0.0327579715312459,59.7311425977387,0.000153851813782977
0.0946908300695941,6.20888804318383,5.58060543411363e-05
0.0888307203678414,37.9517252603546,2.55277079471246e-05
0.0407782427291386,21.0701277700719,0.000135500983270101
0.0431226789206267,37.3885759850964,0.000130131881452417
0.0655156105221249,28.8151557161473,7.88850104780755e-05
0.0488917695987038,33.0943504010793,0.000116929150747925
0.0856157118850388,16.5769120166078,3.35686567775474e-05
0.0767146387230605,41.6786667355336,5.3255710864042e-05
0.0612601061281748,8.49305799580179,9.79302906823221e-05
0.0444419429963455,54.9610933230724,0.000127112707497323
0.0239332603360526,38.2615673344117,0.000174047420327662
0.0868869774742052,58.5347724542953,2.9976019720238e-05
0.0352704416844063,47.4866430356633,0.00014810195324407
0.01400076511316,14.5541397004854,0.000155821088841612
0.0351618209155276,35.7869669829961,0.000148350535012055
0.0592490045633167,36.6471239202656,9.32263192773484e-05
0.0923919688630849,34.2064190795645,1.73776878697579e-05
0.0901057435851544,34.809829404112,2.2609780474754e-05
0.0720663051633164,58.7749768118374,6.38935565209263e-05
0.0400931921508163,24.1284484870266,0.000137064949456812
0.0916113435500301,31.9751446682494,1.9164171453477e-05
0.0306103355321102,52.1630420337897,0.000158766740819158
0.0324791383231059,48.2215049583465,0.0001544899316362
0.087972099413164,14.9820603721309,2.8983737882982e-05
0.0930026153614745,6.70041329576634,5.08986198445913e-05
0.0510105446516536,39.1070839506574,0.000112080272820976
0.0588813465670683,65.4958680830896,9.40677152245931e-05
0.0484445682633668,9.81568195275031,0.000122957039442725
0.0982395996293053,49.5164377056062,3.99521590427231e-06
0.0384889543475583,41.2241709255613,0.000140736294021193
0.0838718445668928,68.1944771960843,3.68762384955765e-05
0.0176656778226607,25.0449726427905,0.000164490834387245
0.0670733065716922,40.178591987351,7.53201780617572e-05
0.0740141821373254,25.4307268350385,5.94357837854328e-05
0.0571575193735771,36.3966211385559,9.80127435638478e-05
0.0509048520377837,26.0819709103089,0.000112322153421619
0.0407359228143469,6.48820730741136,0.00015237194463341
0.0505419525946491,67.015242499765,0.000113152659282573
0.0716035921103321,62.0449004124384,6.49524887119595e-05
0.0373544777720235,28.4050104476046,0.000143332576443006
0.0137281181267463,38.7770041730255,0.000155479615254294
0.0324522743863054,14.8051981569733,0.000155144059069159
0.0519246424478479,19.898714547744,0.000110039488667997
0.0301180240511894,69.3396861234214,0.000159893409867718
0.0447900992794894,69.6209622884635,0.000126315941783986
0.084315767090302,16.5801685489714,3.65323527013856e-05
0.0176628054492176,10.5718203156721,0.000163069881208546
0.0566884993785061,22.8943399642594,9.90861093740743e-05
0.0260611462872475,19.9320073775016,0.000169202669118196
0.0972706600464881,32.6945655001327,6.21266213535197e-06
0.0654972066706978,42.6592801080551,7.89271282238133e-05
0.073551523021888,27.5205523753539,6.04945925388315e-05
0.0768490045913495,54.4047373789363,5.29482106921975e-05
0.0550520595605485,38.7375108560082,0.000102831149179516
0.024024791137781,13.9451653789729,0.000174440568142755
0.054260146736633,69.1720206988975,0.000104643464557973
0.084916117656976,27.8204183490016,3.44863893564898e-05
0.0674994114949368,31.3665883324575,7.43450246333609e-05
0.0947278865263797,61.7411405534949,1.20318728050816e-05
0.0921766675054096,20.2108737267554,1.7938397905871e-05
0.0126297066174448,19.1319687699433,0.000152945323065434
0.088873740171548,68.2985971984454,2.54292558833607e-05
0.0296215392835438,43.5810169251636,0.000161029629603528
0.0800849693408236,36.4742213324644,4.55426118655249e-05
0.0924534312216565,57.8115034417715,1.72370294863202e-05
0.0323560145357624,43.232979743043,0.00015477170398098
0.0410556557704695,8.09518418507651,0.000141800990777525
0.0714589774166234,64.5797190384474,6.52834436168987e-05
0.022143776207231,8.89838059083559,0.00017173249625517
0.0236349299619906,9.19590734876692,0.000175205193979246
0.0854318801313639,9.52581405406818,4.29606940075018e-05
0.0623211626592092,34.3870510661509,8.61955967103019e-05
0.0513293745834381,54.8544665263034,0.000111350621310058
0.0331930504762568,5.07320289150812,0.0001755179893676
0.05174483706709,42.9932484740857,0.000110399823412164
0.0192277730093338,46.4179190178402,0.000168065734355935
0.0857310912129469,16.9373566808645,3.3207344716504e-05
0.0166099218814634,64.0757390100043,0.000162074706411607
0.0979405619064346,46.0802344395779,4.67957237323016e-06
0.0775140273035504,55.4519036912825,5.14262870006659e-05
0.060859724113252,42.1380167733878,8.95401410484173e-05
0.0595477777952328,38.0106354888994,9.25425681035821e-05
0.0488657551887445,55.5269662779756,0.000116988685476757
0.0691855994379148,40.5867455014959,7.04861348064254e-05
0.0133578119101003,51.1399665696081,0.000154632158778154
0.0399171615601517,13.1179208180401,0.000138818013907923
0.0460551086161286,37.7024900715333,0.00012342093136687
0.0838792533311062,17.0590118947439,3.74011196765774e-05
0.0511945581668988,69.5749556343071,0.000111659152574591
0.0679220370063558,34.4245221035089,7.33778339394588e-05
0.0679278400703333,60.4041538632009,7.33645534598769e-05
0.0432369517954067,37.854690735694,0.00012987036467677
0.0817177385976538,40.9945757687092,4.18059722452774e-05
0.0737768061365932,63.2169452367816,5.99790256216698e-05
0.0370012434595265,46.737762587145,0.000144140963373239
0.0939523315732367,23.5050857649185,1.38067527236435e-05
0.0903479092149064,28.3722417079844,2.20555774341172e-05
0.0491582912160084,7.08345691440627,0.00013166930151226
0.0389493241137825,16.8029928184114,0.000139965392169249
0.0553162217349745,27.320727838669,0.000102226606410842
0.0618294909480028,5.4882878344506,0.000124292170995118
0.0121989404130727,23.1443870312069,0.000151980047873655
0.0697380247758702,56.4698921365198,6.92218934591575e-05
0.0885478895576671,69.6603690390475,2.61749744281066e-05
0.0300827245670371,45.2465503348503,0.000159974193757117
0.0226264299126342,20.2356568339746,0.000175827407898204
0.0331899583083577,36.6128542518709,0.00015286319956206
0.0414259831723757,21.7744427139405,0.000134014818695324
0.0332804093533196,56.338338701753,0.000152656199732241
0.075992283730302,58.1673116411548,5.49088411361449e-05
0.0841782447230071,23.4938975225668,3.61750328854162e-05
0.0471709347865544,42.3244786460418,0.000120867330936019
0.0700450875842944,46.5526437351946,6.85191713500398e-05
0.0123714926606044,52.681776387617,0.000152374938677725
0.0550142706511542,35.7593135931529,0.000102917630190509
0.0915181352570653,52.9877928306814,1.93774813250165e-05
0.0396641835686751,35.8534913195763,0.000138046747992489
0.0260018215235323,8.47548626596108,0.000173282491077547
0.0857378035457805,66.7713347030804,3.26059374587944e-05
0.0166362275206484,35.0000877294224,0.000162134907626937
0.0260754409944639,34.4959818164352,0.000169144977996351
0.062766408266034,67.466703762766,8.51766392744959e-05
0.0907076595141552,9.25451495801099,3.23480369437118e-05
0.0432811316335574,66.1977064854,0.000129769257840663
0.0102709358627908,57.5933975121006,0.00014756775375404
0.0454235992883332,21.9682705576997,0.00012486615870988
0.0877302361396141,63.0089895997662,2.8046197899976e-05
0.0752035494078882,49.0064082422759,5.67138824220777e-05
0.0414015537803061,35.1323462568689,0.00013407072606492
0.0641164818499237,10.4068774054758,8.75306333411488e-05
0.0133245195564814,51.8095070507843,0.000154555968264973
0.0825640338589437,31.9607414514758,3.98692010876047e-05
0.0957731652772054,46.5576609107666,9.63972218232878e-06
0.0128848868492059,39.2896391346585,0.00015354985611196
0.0248392066895031,62.3507825413253,0.000171974135922067
0.0397036942676641,55.3277406841517,0.000137956326616261
0.042866602789145,14.740468878299,0.000131521666798561
0.02252888641553,7.0530140271876,0.000168475045524994
0.074223183656577,26.6245674376842,5.89574777698948e-05
0.0808985000778921,54.7466863377485,4.3680823268206e-05
0.0813023303658702,30.2442701731343,4.27566459862035e-05
0.076250132676214,6.36108042905107,8.74250541757915e-05
0.061842582852114,40.307573430473,8.72908404265598e-05
0.0575433406815864,65.6543830118608,9.71297803528414e-05
0.032507321969606,5.83786750328727,0.000171656716444571
0.0324452053825371,26.5421415132005,0.000154567588151124
0.0127084467397071,25.2725162811112,0.000153146067823446
0.0445829395996407,61.4951959182508,0.000126790032696833
0.0566052688821219,17.9223475453909,9.94990627991844e-05
0.0521943425666541,34.4796269957442,0.000109371117088742
0.0663660595822148,30.7542711240239,7.69387332318323e-05
0.0756031912798062,50.2780176012311,5.57992904512454e-05
0.0434952834551223,60.5354020302184,0.000129279165209472
0.0922523294994608,5.68351708585396,6.93271321531168e-05
0.065651261524763,37.7696298924275,7.85745692391415e-05
0.021156805830542,40.9964898554608,0.000172480381703276
0.0734096938441508,53.9544236962684,6.08191727099875e-05
0.0533975046267733,46.8018888519146,0.000106617645950911
0.0256059203692712,66.1001828452572,0.000170219489513076
0.0313297793432139,5.11124896002002,0.000174621255626169
0.082457201180514,35.4008757567499,4.01136907589332e-05
0.0842935645394027,48.2635204459075,3.59111201536319e-05
0.0361323735956103,38.1631509552244,0.000146129397161276
0.0728858532058075,11.7628001549747,6.6056591953541e-05
0.0282614678284153,41.0519724164624,0.000164142192425459
0.0234311440610327,26.4193341787905,0.00017519652793081
0.0180889428104274,40.9242999425624,0.000165459488541245
0.0295200156187639,62.3221425060183,0.000161261969443724
0.0627097736322321,23.4200816892553,8.53062492703095e-05
0.0574805476749316,41.3963521062396,9.72734839628643e-05
0.0942330602020957,39.1460312483832,1.31642971453407e-05
0.0463225052203052,9.90362853044644,0.000127462103444198
0.0351308604492806,6.54371237265877,0.000162552650925616
0.0901114255934954,41.7508948163595,2.2596777034494e-05
0.0253099037567154,37.230182037456,0.000170896932083789
0.0830302197858691,55.7662213256117,3.88023211242148e-05
0.085072476696223,21.7823234223761,3.41285571774539e-05
0.0313181923679076,60.2816066064406,0.000157146789998159
0.0699174440442585,11.416478123283,7.31213847400766e-05
0.0351648308569565,69.0100797219202,0.000148343646674128
0.0701326640346088,48.4922860481311,6.8318750113128e-05
0.0976704225759022,51.869433557149,5.29779403635366e-06
0.0250478392373771,54.5944997179322,0.000171496674308187
0.068385009248741,42.6377723901533,7.23183085859929e-05
0.0230998384626582,17.4105930642691,0.000176079488441353
0.0618287847726606,15.6582493067253,8.80756588223871e-05
0.0249225398642011,17.0050100283697,0.000171948563628306
0.0697748991567642,42.2909089247696,6.91375053730613e-05
0.0619388425140642,44.2202516482212,8.70705474089335e-05
0.0149785256851465,26.0965518304147,0.000158341209080016
0.0356914525479078,57.0599871512968,0.00014713845771858
0.0788803614862263,31.4782705029938,4.82993917457928e-05
0.0453377160034143,57.6947200868744,0.000125062705088863
0.0290675185970031,11.1329358851071,0.000164245121175544
0.0856336785992608,13.618715852499,3.52316224361485e-05
0.0231775646680035,19.3429400213063,0.000175810350206868
0.0971588652185164,44.0574588545132,6.46850782927966e-06
0.0449421923072077,26.4490770280827,0.000125967872495592
0.0122536965156905,18.4974890714511,0.000152076311369545
0.0627123024733737,24.383752013091,8.53004619442905e-05
0.0383163133775815,38.2145207782742,0.000141131387869141
0.0964809666248038,62.5183031335473,8.01989834767672e-06
0.0423616239265539,39.1518260689918,0.000131873577795696
0.0196127937827259,25.7051374798175,0.00016894686552034
0.0266108041093685,17.6933254371397,0.000168041618643842
0.0514992031734437,13.4744971431792,0.000112463362183586
0.0254684812342748,39.6540191362146,0.000170534022944577
0.0170280656521209,38.1174330273643,0.000163031640512284
0.03028879013611,35.1561101805419,0.000159502606748392
0.0626367583079264,45.2353368641343,8.54733469496324e-05
0.0815420749667101,25.5473416275345,4.22079835401834e-05
0.0179772682208568,28.7190821545664,0.000165203918016373
0.079019583913032,31.2344526324887,4.79807771994612e-05
0.0225811143266037,64.5150449231733,0.000175739952849398
0.0928782068588771,34.0224868839141,1.6264918167397e-05
0.0689096014713869,40.4361390066333,7.11177641272997e-05
0.0877328951098025,58.8194773008581,2.80401127698737e-05
0.094932642611675,65.2739510359243,1.15632825878171e-05
0.0473388082138263,13.563180383062,0.000121826009679667
0.0485932937148027,38.6957103165332,0.000117612221432167
0.0365930273407139,62.65759578906,0.000145075177755827
0.0418254586006515,13.1577973882668,0.000134491311551695
0.0399565474526025,65.960001294734,0.000137377664796782
0.0955816846177913,9.15460933349095,2.21376701932568e-05
0.0314136598142795,6.70440140529536,0.000168701573743513
0.0829476146004163,59.8587591818068,3.89913654778549e-05
0.0458858026377857,65.9485640376806,0.000123808392990106
0.0352367718098685,31.4612048538402,0.000148179007724782
0.0328080172347836,22.363928721752,0.000153737282744448
0.0371601134235971,62.5167292286642,0.000143777384870196
0.0781249333685264,20.6750208011363,5.00581240267738e-05
0.0850351591431536,21.7834964429494,3.42139594758783e-05
0.0232593587785959,6.45242470898666,0.000167567125399351
0.0247936997865327,56.5378609974869,0.000172078279784356
0.0704679127736017,39.8672816588078,6.75515236875209e-05
0.0529875661944971,42.1554233913776,0.000107555801897624
0.0834137390670367,48.1105536688119,3.79246261681487e-05
0.0812913734372705,13.2456265715882,4.53825699680746e-05
0.0157400566455908,6.33626927854493,0.000153180741143068
0.0672564652166329,31.929520101985,7.4901014210764e-05
0.0422960534505546,36.8906838016119,0.000132023637724564
0.0481458332110196,21.8644167319871,0.000118636247723658
0.0203128283121623,14.7627205832396,0.000170171465153717
0.086022639956791,50.8598213223741,3.19540811023505e-05
0.0221057275007479,47.1329119766597,0.000174652016362962
0.0591058113356121,25.9402818931267,9.35540211162665e-05
0.0831771455798298,53.6382266925648,3.84660771995737e-05
0.044478991762735,16.6650534444489,0.000127370262302072
0.0219480775226839,50.5515847075731,0.000174291229833144
0.0436082799336873,11.3543308246881,0.000131759156063045
0.0668460797565058,54.0701501839794,7.584019319363e-05
0.0378572751185857,23.0194590310566,0.000142181910187955
0.033064387969207,39.3382809043396,0.00015315057091134
0.067476433198899,57.3270464141388,7.43976111277607e-05
0.0945148135814816,14.2649853543844,1.4642134212557e-05
0.0523131683445536,55.1540541555733,0.000109099180862758
0.0878205985249952,30.8275639417116,2.78394009701696e-05
0.0728350125206635,50.2039656322449,6.21343475231926e-05
0.0118474777624942,9.25444114953279,0.000149723836336472
0.0233710061269812,31.2983075750526,0.000175334155330467
0.0487347056623548,27.6293438626453,0.000117288596104345
0.0992957507353276,29.2064400506206,1.57818358251451e-06
0.0142149499175139,53.5016451706179,0.000156593743873612
0.0581741107255221,15.1908516930416,9.65841899829059e-05
0.0102524947538041,15.6046515330672,0.000147396917521158
0.0885575617710128,9.37505621928722,3.66250026234043e-05
0.0687740781879984,45.8827933855355,7.14279130770407e-05
0.0145819531404413,39.2835595679935,0.000157433641353194
0.0340975468652323,58.1931402347982,0.00015078615692648
0.0122180767380632,12.0730543881655,0.000151411823853369
0.0726528011774644,10.5838083894923,6.8344014626792e-05
0.0738760469062254,40.1062438334338,5.97519102529794e-05
0.0705000257515349,11.582971526077,7.16098246552247e-05
0.0721945334039629,54.4171429239214,6.36001024872778e-05
0.0748910927609541,47.0835077262018,5.74289484864709e-05
0.07544414737029,49.6133430767804,5.61632670334669e-05
0.0441847144369967,28.2553030177951,0.000127701382487559
0.0194029368693009,58.2966405607294,0.000168466601910521
0.076882544986438,22.4653518164996,5.28714525289468e-05
0.0973302924470045,67.0362877228763,6.07619166379704e-06
0.0729570741322823,24.037432508776,6.18550059982477e-05
0.0620232548378408,49.4707769993693,8.68773673670253e-05
0.0113719526561908,56.5026298363227,0.000150087462497677
0.0504722415842116,49.6412054216489,0.000113312194944136
0.0347133184992708,45.5887053732295,0.000149376945750346
0.0679882347211242,46.6924270195887,7.3226338556545e-05
0.0331537741143256,23.3515561243985,0.000152946008135581
0.0321371707133949,10.6143102084752,0.000157806673909353
0.0453944649663754,21.3440570025705,0.000124932833447465
0.076239191358909,62.7259343129117,5.43437858941167e-05
0.0832262750575319,48.2980973494705,3.83536429703428e-05
0.0691400069138035,18.9598318561912,7.07133891177235e-05
0.0731027041049674,14.4487533764914,6.30567670261385e-05
0.0653969378606416,35.7505504973233,7.91565962927175e-05
0.0813413538457826,27.7680326567497,4.26673396249091e-05
0.0532738039130345,64.2338677647058,0.000106900738608416
0.0723681698925793,25.1913773664273,6.32027303661585e-05
0.0474781560129486,48.3550731209107,0.0001201642462828
0.0451611820585095,45.1753055397421,0.000125466708122415
0.0805303875729442,8.84552303585224,5.56214150212627e-05
0.0769000120344572,22.4754459015094,5.28314786848754e-05
0.092851833011955,16.1773230857216,1.7189481437788e-05
0.0136654620594345,19.6026290603913,0.000155319455591706
0.0392105514067225,49.2874075006694,0.00013908489830202
0.0966886666230857,53.2509376259986,7.54457090048296e-06
0.0864218108495697,43.6868498229887,3.10405669808865e-05
0.0285246753250249,38.9805118844379,0.000163539834464551
0.0207188251544721,56.385725303553,0.00017147805027141
0.0747548462660052,33.0955654790159,5.77407525267639e-05
0.0887728428444825,49.8448291653767,2.56601623316006e-05
0.0845531869702973,35.9395669272635,3.5316966719197e-05
0.0949480426823721,44.0669397404417,1.15280390810689e-05
0.0756482714810409,32.6313267229125,5.56961231082069e-05
0.0491022081742995,23.3994609594811,0.000116447555987422
0.0646041445806623,22.9961899132468,8.09709266203156e-05
0.0942020876449533,57.970859548077,1.32351787372584e-05
0.0162563968845643,17.5403659092262,0.000161184044030737
0.0543461261829361,18.6178931128234,0.000104560050248523
0.0347242996934801,60.6030005624052,0.000149351814970115
0.0589517078455538,46.8427463015541,9.39066914058138e-05
0.0960564720118418,13.4481274185237,1.18144277600141e-05
0.080830809273757,49.9524847709108,4.38357356292757e-05
0.0947430466860533,47.8138665144797,1.19971783416425e-05
0.0563183377915993,9.66373643255793,0.00010603427347781
0.0390590567630716,13.5085565398913,0.000140558472788947
0.0918902400624938,29.3487152527086,1.85259087264804e-05
0.012463711721357,19.0742335596588,0.000152565081497734
0.0867805309500545,25.5606210848782,3.02196256663417e-05
0.0968010577606037,36.7767716979142,7.28736053492912e-06
0.0171402049134485,28.4589484333992,0.000163288274451899
0.087521095732227,66.6212809167337,2.85248217650252e-05
0.0193732758704573,66.3370701647364,0.000168398721857665
0.0100433268328197,14.5527923363261,0.000146844119548806
0.0834454673994333,23.817988098599,3.78520149627249e-05
0.0664051698567346,46.108796580229,7.68492282385713e-05
0.0319850453734398,46.0638059012126,0.000155620677627456
0.0596173608768731,54.2528308590408,9.23833252107676e-05
0.0179437191504985,15.1605656091124,0.00016484627328174
0.0611974771763198,5.30522992950864,0.000127613765841494
0.0445401859213598,30.3869321697857,0.000126887875724871
0.0859508162038401,31.2280098197516,3.21184518361994e-05
0.0310306945559569,60.1916518085636,0.000157804737047552
0.028146419103723,29.9446802737657,0.000164405484756047
0.0518777116690762,18.0599311948754,0.00011027982790116
0.0492599536851049,40.290727163665,0.000116086550828165
0.0987060194113292,38.1237517867703,2.92780075673266e-06
0.067346053281799,68.7827825406566,7.46959893351423e-05
0.0513211084972136,67.9550685686991,0.000111369538487217
0.0567582833534107,33.5954394133296,9.89264067312202e-05
0.0711673995875754,47.2283851727843,6.59507279033029e-05
0.0196792115853168,7.44070679298602,0.000164058714980883
0.0138323385431431,35.6283207668457,0.000155718126688483
0.0348965481179766,33.7691501411609,0.00014895761947384
0.0995724932244048,57.0168907789048,9.44850400274737e-07
0.0978253650735132,32.4009818583727,4.94320365378023e-06
0.0276349415001459,46.2449419556651,0.000165576016030078
0.035557330865413,32.163784019649,0.000147445399064179
0.0679160903184675,68.4580260084476,7.33914431065103e-05
0.0333376227365807,64.7203660046216,0.000152525265251568
0.0783038878394291,32.179054277949,4.96186683426788e-05
0.0229807025543414,32.4005006882362,0.000176227376333587
0.0435272411163896,49.113969366299,0.000129206029178301
0.027275714315474,20.6775046221446,0.000166408510772788
0.0818510183598846,58.8332096277736,4.15009576585283e-05
0.0833984701312147,8.4057754825335,5.09326346405631e-05
0.0917880472075194,42.9768603283446,1.87597800277719e-05
0.0888780938787386,11.5673698636238,3.06531850811915e-05
0.052926426937338,22.5428248546086,0.000107695720854144
0.0985599015280605,66.2032683333382,3.26219575441203e-06
0.0535651884973049,27.43368808995,0.000106233896568269
0.0332499039615505,32.9067715187557,0.000152726012202704
0.0502931397594512,42.2156508674379,0.000113722074644932
0.0923296079435386,32.9482777928934,1.75204026359486e-05
0.0386864930484444,21.1246872029733,0.00014028630183611
0.0243421233911067,57.5448743475135,0.000173111725412793
0.0862884729797952,52.7521800959949,3.13457145484285e-05
0.0547535072546452,69.4208882527892,0.000103514394757719
0.0408746662153863,68.1525188696105,0.000135276523480727
0.0222020831773989,44.6166908775922,0.000174872529113005
0.0758247340540402,50.5207024805713,5.52922834113228e-05
0.0843113333359361,26.9333691557404,3.58704557493672e-05
0.0971068770508282,7.71694072056562,2.74131881171414e-05
0.0310082362941466,54.1958704183344,0.000157856133428596
0.0935021616192535,48.300067371456,1.48369796702021e-05
0.0841031442745589,20.2404547482729,3.64069933950371e-05
0.0748889994015917,14.6323641412891,5.88995833220978e-05
0.0729927596868947,23.0694211961236,6.17733385754459e-05
0.0349659553053789,15.4913243732881,0.000149264648198217
0.0728190365922637,59.3028896139003,6.21709088969317e-05
0.0700864144740626,18.6963282036595,6.85657566835745e-05
0.0189001468988135,13.7142345868051,0.000166804733682824
0.0857254109648056,49.0245338005479,3.26342982384171e-05
0.0596647426648997,46.5454982966185,9.22748906198556e-05
0.0244054542644881,37.8386703459546,0.000172966790879225
0.0938931974768639,52.9810861870647,1.39420828117684e-05
0.0242167657846585,68.994211005047,0.000173398609917137
0.0914343988918699,64.2442034184933,1.95691144161808e-05
0.0549419130547904,58.6616185063031,0.000103083222640433
0.0241018916130997,52.8785578266252,0.000173661502777836
0.0112673666840419,24.6500660781749,0.000149848114478587
0.0399084232375026,63.7601022818126,0.000137487798453502
0.0981098485016264,13.0544088722672,7.70127437037946e-06
0.0574315012618899,43.6347702157218,9.73857280962198e-05
0.0552202649321407,34.3516887992155,0.00010244620632663
0.0848098762799054,13.2308654207736,3.74607609474993e-05
0.0480404713889584,35.7895633857697,0.000118877371297689
0.0431128639844246,31.7062061419711,0.000130154343217501
0.082431470414158,42.4849757342599,4.01725763611841e-05
0.0706550134904683,53.6006904277019,6.71233382910262e-05
0.0524396311258897,26.0509989992715,0.000108809767133751
0.0914000995573588,43.8179846061394,1.96476094342285e-05
0.059239190465305,54.1400757490192,9.32487791242092e-05
0.0885913863126189,12.1358928107657,3.04202319085916e-05
0.0561143190832809,6.69319037115201,0.000121537219464867
0.0616624411894009,56.3372089643963,8.77030998265548e-05
0.0683213845896535,49.0205537120346,7.24639154566372e-05
0.0241670335014351,21.074658917496,0.000173514592050004
0.0434208489069715,60.4451510298532,0.00012944951082357
0.0420913270791061,62.8429031348787,0.000132492159940831
0.0280292720533907,18.5755929700099,0.000164734284874384
0.0450510332896374,5.90114419115707,0.00014906059543965
0.020572222545743,43.6076049576513,0.000171142545965509
0.0627908462914638,31.8654410552699,8.51207121472061e-05
0.0195415193797089,60.9603416989557,0.000168783751989687
0.0726476117735729,63.8939822500106,6.2563219547524e-05
0.0693291282979772,32.7189494937193,7.01576648631591e-05
0.0819013849855401,34.1301789472345,4.13856921804609e-05
0.0704812850314193,6.64498439989984,9.46469889774508e-05
0.0408347446355038,32.2762742545456,0.000135367885169752
0.0873529549431987,30.5816976854112,2.89096168188482e-05
0.0545177843119018,16.2690372555517,0.000104544376966941
0.0549153769761324,36.5265984588768,0.000103143951223155
0.082622129060328,52.2997765906621,3.97362485406782e-05
0.0574742797715589,29.4889483193401,9.72878282408326e-05
0.0688943873532116,53.885276063811,7.11525820763288e-05
0.0659204735024832,51.2711779458914,7.79584698497228e-05
0.0216643198207021,38.9723285112996,0.00017364184213348
0.0964493562257849,21.3481748406775,8.09223965915832e-06
0.0184966015745886,60.6776040291879,0.00016639242740161
0.0794918108661659,42.7572197210975,4.69000721730482e-05
0.0889140068972483,39.9779519706499,2.53371043181593e-05
0.0268736156029627,65.9329147031531,0.000167318332342952
0.0706150305550546,26.8180077907164,6.7214840393957e-05
0.0603641908802092,21.8607346620411,9.06741831697957e-05
0.0663686175085604,58.9527760480996,7.69328793434835e-05
0.0926184641057625,48.6606881802436,1.6859346962709e-05
0.0667630260554142,51.3445586618036,7.60302639882684e-05
0.0829809908568859,12.9446764744353,4.19322512643865e-05
0.0518566758790985,59.3041323113721,0.000110143877059497
0.0736851909081452,9.12462034495547,6.95668592686515e-05
0.0568696723086759,24.0904422511812,9.8671489888708e-05
0.0866811962192878,26.0483512468636,3.04469560678034e-05
0.066053963273298,48.1706264300738,7.76529746522614e-05
0.0291291966009885,64.4345741590951,0.00016215637005793
0.0967352485680021,58.4937548870221,7.43796677363855e-06
0.0948859776649624,45.100576824043,1.16700766666701e-05
0.0432210689480417,51.1865662795026,0.000129906713031871
0.030997623463627,37.3106767435093,0.00015788042119788
0.074667424755171,65.927345242817,5.79408191801986e-05
0.0451067013433203,10.4863620235119,0.000129315459695308
0.0546591451088898,13.5239384870511,0.000105299829106394
0.0400872988556512,32.7407216478605,0.000137078436433073
0.0919327772362158,31.3222422252875,1.84285611753811e-05
0.0816341558517888,67.8957911441103,4.19972537741657e-05
0.0820308077102527,24.0141113300342,4.10895045355144e-05
0.0272578889830038,38.9620510174427,0.000166438911609826
0.0695672159222886,59.070450643776,6.96127944557999e-05
0.0784089850867167,58.4377090085764,4.93781502556612e-05
0.07029872095678,30.6224074121565,6.79387240488169e-05
0.0894510158407502,5.43048229650594,7.86273957222162e-05
0.0883089307392947,26.0406062146649,2.67218385882458e-05
0.0725771407759748,5.24684335221537,0.00010966047780795
0.0968612791155465,40.0279562990181,7.14954222415266e-06
0.0759352364763618,49.8963231779635,5.5039395425067e-05
0.041065174175892,44.7124274203088,0.000134840540508717
0.0835337915993296,15.5402647063602,3.87347090547688e-05
0.05624086903641,25.8072102617007,0.000100110524345451
0.0477138916961849,32.5907776283566,0.000119624758360546
0.0511760259885341,14.1740099654999,0.000112888533271743
0.070388371613808,13.9683519257233,6.94854650791602e-05
0.0915086648380384,10.9735873911995,2.58156431331295e-05
0.0244287516176701,30.22428735625,0.000172913474213333
0.0556487117172219,44.3739415577147,0.000101465693479756
0.050133649262134,53.9306221192237,0.000114087073256239
0.0634651201101951,48.6974954407197,8.35776170310852e-05
0.092391374334693,48.3887419546954,1.73790484651607e-05
0.0959413500502706,26.3732235541102,9.25482646976646e-06
0.0358405297878198,11.8402305000927,0.00014873481256806
0.0454519491270185,29.8797936469782,0.00012480127928493
0.0770510150166228,6.50229166611098,8.40322290018225e-05
0.0555270684673451,63.3912085823249,0.000101744077571767
0.0885331390216015,17.018364429241,2.6791706787727e-05
0.024387860565912,65.9975072008092,0.000173007054566756
0.0889153012097813,32.3760619398672,2.53341422465307e-05
0.0115933736623265,5.54099094704725,0.000143782844205207
0.0622255106433295,17.6968214043882,8.66987686537453e-05
0.0727472599246539,48.0417463241611,6.23351718746171e-05
0.0428962724003941,66.0160220204853,0.000130650019315587
0.0628318483615294,36.2848124478478,8.50268777251784e-05
0.0737135807494633,28.8353047496639,6.01237187469029e-05
0.0924268863210455,59.3176311510615,1.72977782583367e-05
0.0845692335581407,22.8290940716397,3.52802436392793e-05
0.0339300142461434,36.7113782942761,0.000151169560165824
0.0763262657751329,67.8158889943734,5.41445135767264e-05
0.0819846521108411,14.8864818282891,4.26425826940161e-05
0.0242621622979641,67.75521099451,0.000173294718684785
0.0150504507333972,39.2110611789394,0.000158505811631086
0.0423448469815776,20.2262249670457,0.000131942697083631
0.0171036846889183,53.9527929632459,0.000163204696862874
0.0417519720247947,26.3616711273789,0.00013326878378769
0.0216376794711687,8.58219009474851,0.000170372820158937
0.0786110795405693,54.5967522915453,4.89156512588562e-05
0.0905529394303448,45.2158139995299,2.15863598620994e-05
0.0853334948606789,28.6130642134231,3.35312095664366e-05
0.0714295562868938,35.6119006429799,6.53507747223567e-05
0.041744763860479,12.4186227621976,0.000135140571840442
0.0901449458720163,47.3981045978144,2.25200649085896e-05
0.0350430975644849,30.7965595228598,0.000148622236831218
0.0620800961274654,9.57329908735119,9.36621729872186e-05
0.0782563844299875,66.7549071938265,4.97273812677132e-05
0.0658265960402787,30.3438234631903,7.81733111344018e-05
0.0561748586362228,56.8055214127526,0.000100261591053534
0.0294215931114741,21.066007692134,0.000161490035358039
0.0543689384334721,60.5324727401603,0.000104394491616412
0.0357691433606669,39.8940350301564,0.000146960660048841
0.0748696997761726,50.7100827014074,5.74779069502558e-05
0.0977573952358216,28.4972823958378,5.09875459120625e-06
0.0784389194194228,66.0862315446138,4.93096446703637e-05
0.0495625282358378,60.0831650744658,0.000115394100226454
0.088892175371293,17.1055126434658,2.59486239517145e-05
0.0926670080656186,16.4388289907947,1.75296666520744e-05
0.0283443741337396,57.699903040193,0.000163952458950292
0.0693365282821469,61.4310110243969,7.01407297855771e-05
0.0517474810546264,7.2977699781768,0.000124793235968381
0.0312756486353464,30.260710909497,0.000157244152559352
0.0638296250021085,25.3872450755443,8.27434370542147e-05
0.0867363507347181,15.8495896519162,3.12663723677387e-05
0.0735152038373053,24.8300950962584,6.05777100421278e-05
0.0233654506015591,32.3530322720762,0.000175346869310912
0.0272866494720802,51.8524180771783,0.000166373092399591
0.0811211619409733,15.6341012520716,4.41728037977887e-05
0.0533363048522733,30.0212247052696,0.000106757703403114
0.0767420856421813,33.5049338743556,5.31928977966035e-05
0.0215522867161781,36.6930168273393,0.000173385451136777
0.0331160273239948,32.9989194590598,0.00015303239275588
0.0739412057469599,22.6463813730516,5.96027923633086e-05
0.0925568425958045,28.0792215350084,1.7000369568693e-05
0.027254252389539,30.5843483889475,0.000166447234059043
0.0871918143634684,36.6519741376396,2.92783916914341e-05
0.0701005459437147,43.3889867574908,6.83922532921348e-05
0.0704909146437421,13.8101657223888,6.93474874197455e-05
0.0892136125569232,36.8697318492923,2.46514481094156e-05
0.0210798422107473,11.3211363507435,0.000170967349923468
0.0634751630970277,55.4726516071241,8.35546333655445e-05
0.0122452451684512,57.568234995706,0.000152086017644234
0.042786428774707,28.5829041502439,0.00013090139962671
0.036272897773888,45.3412942995783,0.000145807803519089
0.0877281802264042,18.6556466110051,2.82308510150508e-05
0.0480668489867821,28.9675275154877,0.000118817005402935
0.0857525400421582,60.5598183500115,3.25722125610487e-05
0.021673839755822,45.0800332170911,0.000173663628780063
0.0967762082465925,56.3162511400878,7.34422936572689e-06
0.0541221083165147,62.7704383281525,0.000104959369470791
0.0354125859378837,36.3819205842447,0.000147776652012979
0.0950356172886677,37.2404229221866,1.13276220642472e-05
0.0245796191482805,23.6451293085702,0.000172568209510479
0.0295140253868885,49.5342552266084,0.000161275678262448
0.020661326283589,6.41632798942737,0.000162577004517549
0.0181572524923831,14.6624324924778,0.000165264594938398
0.0335994273540564,32.9100428370293,0.000151926117820092
0.039965585176833,38.6449177342001,0.000137356981703751
0.0879632175923325,10.6327262485866,3.44028524959741e-05
0.0829961705254391,64.6601793298032,3.88802438405023e-05
0.0516439961083233,40.7246157282498,0.000110630600859924
0.071171185169369,28.8681225536857,6.59420644899905e-05
0.0976938587753102,24.6019928774331,5.24415961686065e-06
0.0333310562698171,8.44055846566334,0.000157676542720383
0.0989233287586831,22.7528728719335,2.43048203654253e-06
0.0918583292141557,37.8679943166208,1.85989376249101e-05
0.0389100745529868,7.07443487597629,0.000151979052287852
0.0615517308958806,5.3198472619988,0.000126844949675872
0.0892643822683021,29.7132582019549,2.45352601580235e-05
0.0514554491359741,61.2151321070269,0.000111062096053877
0.075696984147653,56.6989060724154,5.55846427631984e-05
0.0573375072074123,33.2993360527325,9.76008362056846e-05
0.046755644781515,23.2343218824826,0.000121817734111625
0.0192903871880844,67.9055825795513,0.000168209028713133
0.0740297539113089,8.06005769059993,7.2028084896348e-05
0.0489066101773642,55.229047004832,0.000116895187654868
0.0874799011298455,69.5514891995117,2.86190968028205e-05
0.090480694968719,62.7263836865313,2.17516933999066e-05
0.041085280328989,19.3764612230007,0.000134852737374878
0.0763189602550119,13.1200733105652,5.67403749864017e-05
0.0500574925262481,54.8851955519058,0.000114261360146729
0.0934157419134863,37.2334286570549,1.50347536637955e-05
0.0861717320326716,36.9069015386049,3.16128795789449e-05
0.0853211686643772,63.3726671722252,3.35594184228168e-05
0.0914036532328464,48.0710501817521,1.96394767451979e-05
0.041188327698037,67.0814015017822,0.000134558700114984
0.097537538271863,7.26394282770343,3.32602809291801e-05
0.0169082081248052,39.8746082966682,0.00016275734309795
0.031332613453269,19.4387052278034,0.000157156530500425
0.0226231635478325,24.8412584885955,0.000175836183707118
0.0855080349603668,41.7966849182267,3.31317695052721e-05
0.0575489060766995,9.37025735154748,0.000103932087030829
0.0911093960236758,19.5060357369948,2.04320298035692e-05
0.0333054052991793,33.9815547934268,0.000152598995787927
0.0671324063651264,5.76206892030314,0.000111740340440169
0.0230355705134571,66.0348290624097,0.000176101809423838
0.0381299075623974,25.1953741325997,0.000141557982963058
0.0549633193458431,28.147606641287,0.000103034233724862
0.0778576294053346,45.4514150205068,5.06399436629554e-05
0.0355610697809607,60.0223440583795,0.000147436842447919
0.0810265969531611,44.1696914937347,4.33876698680194e-05
0.0707823252328672,41.9432456279174,6.68319816900977e-05
0.060084434656892,39.1388904408086,9.13144133699205e-05
0.0193313828459941,56.410134525504,0.000168302848460756
0.0970022606733255,62.4353770760354,6.82690185576155e-06
0.0385480842739344,7.39645459223539,0.000150736358844156
0.0812333106738515,48.1045514217112,4.29145995455905e-05
0.0606798308901489,17.0513162598945,9.03452411356932e-05
0.0245166847598739,44.953271370614,0.000172712236676726
0.0958822086406872,64.1389754111879,9.39017329438489e-06
0.0439575803466141,22.3066626803484,0.000128221185416039
0.0324314303323627,12.6523792976514,0.000155921618431633
0.0287422365485691,45.7690481643658,0.000163041939318421
0.0528638836485334,40.3190264874138,0.000107838852977651
0.0765538744069636,56.0644592146855,5.36236246464315e-05
0.0571827294770628,12.110199984163,0.000100783908266067
0.0862882193224505,12.4824253714178,3.50939010093791e-05
0.0445280740922317,45.8345309039578,0.000126915593995781
0.0466470995964483,58.7730448215734,0.000122066142903872
0.0637574369506911,64.2066248389892,8.29086414956301e-05
0.0954284787038341,55.448470923584,1.04285473646004e-05
0.0147575442888774,33.48432314815,0.000157835486769786
0.0554176692082547,60.1465157524217,0.000101994440937094
0.0180430773505941,69.155286741443,0.000165354524111215
0.0147791150119156,10.1222942967433,0.000156502455917724
0.011697786024306,49.7356102033518,0.00015083314157499
0.0204111498803832,10.6153401976917,0.000169165031824341
0.0758395976619795,36.5243935119361,5.52582676150959e-05
0.0629705033334903,50.3051702375524,8.47095618156546e-05
0.0377085281256586,8.38056987966411,0.000148428124709347
0.0935294962418266,68.4663085395005,1.47744235966578e-05
0.0285881402459927,19.7365528566297,0.000163426521003969
0.0804734394559637,55.1966280268971,4.46535867828671e-05
0.0266496389755048,25.8667091117241,0.0001678309093263
0.0614608313771896,6.91225856542587,0.000109067935609079
0.0285251079779118,49.1935215878766,0.000163538844325918
0.0481241155532189,49.6752948290668,0.000118685949211028
0.03693395400187,30.9893246425781,0.000144294957241296
0.0525249397475273,54.2940283089411,0.000108614535888291
0.0445269634062424,49.3773321062326,0.000126918135832759
0.0994792248541489,43.3741864550393,1.15829776043048e-06
0.0281854030210525,18.1360067299102,0.00016441040401257
0.0977895880304277,53.4464516991284,5.02508045059614e-06
0.0196507840044797,13.8585926045198,0.000168526563809309
0.0380815420323052,46.5611881751102,0.000141668668876111
0.0259856668720022,68.9885992906056,0.00016935042866947
0.0328635190962814,27.5053469208069,0.000153610265130782
0.0492070387094282,16.8654866248835,0.000116555074617948
0.0514818969951011,19.4836819381453,0.000111069852984538
0.0586459429329261,45.4741487884894,9.46064432429007e-05
0.0848500455659814,39.7177464689594,3.46375972457676e-05
0.0583986389869824,30.6669754139148,9.51724054686048e-05
0.0336617265408859,39.1651320713572,0.000151783544331007
0.0848229441908188,65.7972080167383,3.46996195258737e-05
0.0465310051874258,18.20855742204,0.00012247804516062
0.0622222516965121,60.1321922312491,8.64219573062923e-05
0.062111805411987,49.8895267746411,8.66747168195788e-05
0.0898729918384925,25.3484506008681,2.31424395719416e-05
0.0561140952026472,43.3816729986575,0.000100400649926924
0.023580004775431,16.4676135254558,0.000175052461416274
0.0147227870090865,40.7279141061008,0.000157755943730735
0.0856125399633311,32.6182243635412,3.28926067865004e-05
0.028236542835366,58.3423190040048,0.000164199233992216
0.0741649711295031,63.2997113431338,5.90906988200519e-05
0.0264200311130844,69.5857834757771,0.000168356373553563
0.0990353775792755,69.9799297086429,2.17405507316338e-06
0.0174310713075101,29.4601083185989,0.000163953930598781
0.0990111458743922,44.9671032035258,2.22951002992117e-06
0.0580233785207383,14.8536784318276,9.70697816958364e-05
0.0855149306892417,61.1346861475613,3.31159884305019e-05
0.0490026816446334,58.5595985874534,0.000116675325326207
0.0980783784156665,43.1623213447165,4.36417530988761e-06
0.0473455466981977,20.5107775656506,0.00012049171207143
0.0151920552551746,35.7754320360255,0.000158829877670587
0.0265937027428299,34.221332493471,0.000167958921010955
0.0872414408880286,9.78469675406814,3.82656464543565e-05
0.0965162139316089,39.7782706015278,7.93923386764438e-06
0.0997667154367082,7.15087016113102,3.05762602746277e-05
0.0495668901992031,68.2350474176928,0.000115384117747262
0.0337818748992868,68.2411448878702,0.000151508581341331
0.035263109782245,59.2373311286792,0.000148118732514009
0.0360367282852531,35.0674638675991,0.000146348284217531
0.0383561212779023,27.1258769370616,0.000141040286339078
0.0578008327260614,47.2618649224751,9.65405023692815e-05
0.0208308091200888,45.5132846557535,0.000171734328812303
0.0305374004226178,58.7778890610207,0.000158933654924563
0.0938484478369355,27.919043910224,1.40444936557064e-05
0.0875799994310364,51.9264829403255,2.83900189483811e-05
0.0190252650552429,26.9152078509796,0.000167602289051888
0.0934760243096389,62.8856028907467,1.48967956584465e-05
0.0106795011716895,44.2730840656441,0.00014850276726823
0.0325323423277587,35.511586824432,0.000154368172734316
0.0418582159373909,24.0382682229392,0.000133025641523982
0.0939713032566942,21.4043041982222,1.37633354778977e-05
0.0935562349529937,61.8992169597186,1.47132312835838e-05
0.0872611040784977,52.2725048195571,2.91198201765854e-05
0.0288140051485971,49.521086277673,0.00016287769480363
0.0192195389210247,30.846068803221,0.00016804689040693
0.090318958980497,9.21593441744335,3.33157811071014e-05
0.0232148730009794,43.1871796073392,0.000175691470500513
0.0903446087986231,42.4874124734197,2.20631305321413e-05
0.0211321510490961,30.6135611853097,0.00017242395852358
0.0835153178218752,43.9146519952919,3.76921602527616e-05
0.0656816302076913,50.3712110430934,7.85050696308104e-05
0.0124166793120094,55.243475359166,0.000152478349635054
0.0818341645109467,8.00501422723755,5.57022229008943e-05
0.0541623493935913,51.6432931879535,0.000104867276603206
0.0460450672428124,41.0797497991007,0.000123443911339832
0.012378279089462,46.027281464776,0.000152390469616248
0.0514865733846091,64.9104849458672,0.000110990867311596
0.087921437995974,65.7892073865514,2.76086269272557e-05
0.047161663249135,23.3405996893998,0.000120888549117288
0.0315108456974849,50.4819196742028,0.000156705897287043
0.0571082759019919,35.888997692382,9.81254386713739e-05
0.0111348762456328,28.641719307052,0.000149544906282209
0.0764757050084882,33.6113258823752,5.38025175734096e-05
0.0593721090722829,49.5604867173825,9.29445910516913e-05
0.0490328325028531,60.0293292733841,0.000116606324216015
0.055174861419946,61.2405419733841,0.000102550113576142
0.029241373706609,67.8827476862352,0.000161899649510558
0.0728997489553876,52.1062387444545,6.19861963218811e-05
0.0701106257061474,60.0646712456364,6.83691854645705e-05
0.0357343707419932,45.6561734655406,0.00014704023819137
0.05304807016626,55.334192198934,0.000107417336810089
0.0430617462354712,61.2466129590757,0.000130271327662938
0.0399137839465402,49.4202821480576,0.000137475530315981
0.084628959458787,5.83038808777928,8.01233127571081e-05
0.0881913340417668,67.7809929149225,2.69909620282879e-05
0.0747628191532567,26.1232293350622,5.77225063439262e-05
0.0827303846506402,40.5941483692732,3.94885024943942e-05
0.0830620387685485,58.8092470250558,3.87295024629995e-05
0.0133903458481655,24.8599359986838,0.000154706613635427
0.0549306789156981,41.0706625785679,0.000103108932292336
0.0657115456601605,67.2518244001549,7.84366072534804e-05
0.0974668818037026,52.9401395982131,5.7636029744846e-06
0.0643527239467949,23.3170265902299,8.15463100052774e-05
0.0971740785823204,51.252656331053,6.43369160665103e-06
0.0303602245287038,29.9140954751056,0.00015933912707697
0.0784067907673307,42.3625471885316,4.93831720189772e-05
0.0854959737998433,54.2084824212361,3.3159371819616e-05
0.0938771981629543,51.7693381675053,1.39786977039224e-05
0.0724596972367726,52.7593307406642,6.29932673944508e-05
0.0628588595474139,10.7933286845218,8.96034471879772e-05
0.0620085524138995,64.7676005249377,8.69110142890157e-05
0.0824165784125216,58.5428598325234,4.0206657137207e-05
0.0746181055950001,66.1121065542102,5.80536875032398e-05
0.0298795784986578,33.1474342243746,0.000160439099404151
0.0760466539510526,60.5243296083063,5.47844133150254e-05
0.098970321919769,14.0957015007734,4.68179778406792e-06
0.0715584358852357,38.4941228968091,6.50558300378023e-05
0.0956425534747541,23.7280764174648,9.93863106603662e-06
0.0407109803240746,8.45389015041292,0.00014190197110771
0.061910711505916,10.6931817939039,9.18776271339275e-05
0.0869436618126929,8.48256741533987,4.30922394031539e-05
0.0180677344789729,41.7071183223743,0.000165410952661934
0.0289552402170375,16.4232218801044,0.000162800129505846
0.0653550131316297,24.4415543274954,7.92525422464025e-05
0.0792328671179712,6.65616042912006,7.78361377320641e-05
0.0379896944575012,54.4205934891943,0.000141878864704824
0.0189697721623816,37.2409877076279,0.000167475291963205
0.0355494609707967,37.1505864872597,0.000147463409545395
0.0421587316412479,29.4670709839556,0.000132337902652834
0.0990585350804031,27.922716808971,2.12105846273775e-06
0.0633495571557433,31.084118927829,8.38420861913363e-05
0.0698877218156122,35.3640865662601,6.88793074584757e-05
0.0522010624641553,53.8397263502702,0.000109355738409151
0.0439373939158395,49.4134238618426,0.000128267382646118
0.0264514519972727,36.5188915794715,0.000168284465952248
0.0547519148187712,54.3621687288396,0.000103518039093227
0.0731711089424789,45.2135353954509,6.13651811509539e-05
0.0425088859396055,7.94090161332861,0.000139263216916824
0.0339556034421548,57.9664037830662,0.000151110998551398
0.0219012616598047,6.76729709492065,0.000166207876476356
0.0429928450006992,63.3437018468976,0.000130429010129493
0.0716908438038081,45.482782231411,6.47528106904557e-05
0.0519300008309074,7.78150040772744,0.000120618584213928
0.0443586492375471,67.5699345069006,0.000127303327670959
0.0776350559294224,10.2584113867488,5.80865900861779e-05
0.0544224532181397,49.85571024823,0.000104272021485485
0.0289845425123349,17.9052228434011,0.000162602722899099
0.0791230773041025,45.4117907490581,4.77439295837371e-05
0.0807971574622206,34.9466353934258,4.39127487722865e-05
0.0424863069155253,24.4766469975002,0.000131588237172939
0.0183026897022501,22.9297345422674,0.000165948654479022
0.0139784497837536,29.8129691882059,0.000156052506484247
0.0292797257332131,12.3945739411283,0.000163124422926362
0.0448470233823173,48.8579514855519,0.000126185669329942
0.0258569439314306,59.2738899344113,0.00016964501483819
0.0542140902741812,34.2187652538996,0.000104748866103014
0.0910420025885105,38.4805788670201,2.04671246940189e-05
0.0490947962040082,42.1021867147647,0.00011646451849559
0.0708928226260469,7.0259569468908,8.93741969530097e-05
0.0150745273311622,37.8162447817158,0.000158560911620722
0.0762938531441614,27.6334082777612,5.42186908192107e-05
0.0139618552289903,57.1146854537074,0.000156014529366201
0.0142664887523279,23.3670976141002,0.000156711691986208
0.0840348215168342,35.2212984731887,3.65032610367038e-05
0.0329683950613253,53.2352065981831,0.000153370253454573
0.0831181320152246,24.482183738146,3.86011314472659e-05
0.0631694627250545,66.7301595152821,8.42542374994789e-05
0.0751476503489539,67.1550301276147,5.68418090335537e-05
0.0692771015316248,36.4052365720272,7.02767296211782e-05
0.0508879515016452,39.3593540950678,0.000112360830786884
0.0849034720682539,66.5853960125241,3.45153291516523e-05
0.0341278133937158,30.9977474051993,0.000150716891101547
0.0119836922804825,33.5551476571709,0.000151487446303007
0.0106338957604021,31.43594507128,0.00014839839796681
0.0543657241831534,9.27210646797903,0.000111029724819424
0.0843983456632122,21.6822191793472,3.56713255243278e-05
0.016279768019449,6.63694493588992,0.000155031240820794
0.0352930795704015,64.6992589591537,0.000148050145787888
0.074594420704525,68.9085682597943,5.81078910594254e-05
0.0238488218188286,16.7681781144347,0.000174416368158275
0.04419659079751,68.4269947267603,0.000127674203093377
0.0177616408909671,61.6618588368874,0.000164710448641748
0.0630570941767655,10.7704215263948,8.92047668238554e-05
0.0841349191893823,50.5692346952856,3.62741846209315e-05
0.0152543290238827,45.6405049259774,0.000158972392989566
0.0188433987111785,44.069603565149,0.000167186082668789
0.065510324370116,9.00864090770483,8.75175453374492e-05
0.0523487041774206,38.6146509763785,0.000109017856082496
0.0704587307129987,46.328016538173,6.75725370985105e-05
0.0632159539987333,21.4076617802493,8.41478408763815e-05
0.0590618288703263,42.307303956477,9.36546762588689e-05
0.0874661854654551,34.7118029370904,2.86504854970682e-05
0.0264965784875676,11.9078996474855,0.00016958265201765
0.0287334278598428,52.8591943986248,0.000163062098257083
0.0645769260893576,5.42837128625251,0.000120419328266915
0.0221844259859063,25.4212816350628,0.000174832120120101
0.0799131148448214,33.8428744592238,4.59359058450589e-05
0.0957154316920787,67.1406156057492,9.77184716000149e-06
0.0317146055726334,45.2629809768405,0.000156239586925483
0.0694186436082237,29.7414936602581,6.99528064892728e-05
0.0784151492221281,10.6718770531006,5.54184829362139e-05
0.0789447957114317,10.7545088301413,5.40630370509473e-05
0.0813757161074318,49.6145537961274,4.25887005962879e-05
0.0371316761826165,10.6224216194823,0.000146761806001105
0.0494876671535894,21.9439724646509,0.000115565421976159
0.0983883951115422,59.8582541907672,3.65469314398981e-06
0.0451774713862687,56.5624582744204,0.000125429429525186
0.0937192403385416,13.3009565062821,1.72652120514966e-05
0.0714440134982579,35.2236180147156,6.53176889764344e-05
0.0941922493022867,34.1033437009901,1.32576940687127e-05
0.0982991538057104,34.5602568786126,3.85892445085629e-06
0.0314427160588093,59.6822481660638,0.000156861813933638
0.0820730954804458,29.6052492328454,4.09927277515969e-05
0.0648203969490715,48.6905516474508,8.04760268269799e-05
0.0254022749699652,21.3193289830815,0.000170685537893363
0.0578135857079178,10.3016737487633,0.000101601713951543
0.0300798048567958,13.7126725167036,0.000160794892454476
0.0776483104424551,69.4589600339532,5.11189761574078e-05
0.081652501700446,35.7117827038746,4.19552687694427e-05
0.0438611780456267,10.9793341159821,0.000131512313787268
0.035819011409767,21.9834927807096,0.000146846535577626
0.0409601854952052,34.0089017350692,0.000135080810137932
0.0288681727368385,29.2074713867623,0.000162753730712863
0.0338301593554206,32.3380106501281,0.000151398080968375
0.0291128468397074,41.3729957561009,0.00016219378695902
0.0355211006756872,33.666161011206,0.000147528312900174
0.0156225726217963,44.3065502401441,0.000159815129103141
0.0341242014220916,21.1807026772294,0.000150725626283163
0.0453901296993718,20.2572440204676,0.000124974592480062
0.0421712738811039,6.87191530829296,0.000146932733147552
0.0340754467411898,53.1636332895141,0.000150836733698895
0.078842722424306,52.0213414693717,4.83855298265118e-05
0.0635829864325933,37.5452575064264,8.33078765467372e-05
0.0543913018959575,50.6507502647582,0.000104343312186362
0.0429149673134089,64.2710793751758,0.000130607235466996
0.0298261254886165,61.6943309502676,0.000160561428162061
0.040796811892651,13.388577173464,0.000136677836740125
0.0616246140585281,16.7742802761495,8.8242499130717e-05
0.0197936769085936,65.8684734243434,0.000169360821780188
0.0757776718470268,55.9569776500575,5.53999866318525e-05
0.0166448736004531,26.0455053451005,0.000162154694430383
0.0578576771588996,51.581758846296,9.64104122423114e-05
0.0619226233428344,60.5109345423989,8.71076654509171e-05
0.039605970014818,24.5455308142118,0.000138179971392469
0.0647997586289421,25.2392786450218,8.05232582189038e-05
0.0559493306023069,44.5467789936811,0.000100777718475386
0.0571660682861693,39.3810180411674,9.79931791303747e-05
0.030604590261355,25.3123622806743,0.000158779889037281
0.0130089233629406,23.2243232475594,0.000153833717257459
0.0899176371656358,32.6444149017334,2.30402674508259e-05
0.0983724607573822,55.2521522063762,3.69115937388005e-06
0.0872348391334526,21.9014138483908,2.91799282622004e-05
0.0438366338214837,28.3993542694952,0.000128497975033336
0.0457234530104324,54.435445201816,0.00012417993480311
0.0586666056024842,37.464445970254,9.45591561266056e-05
0.0761744519066997,24.7441096114926,5.44919440010302e-05
0.0173032622667961,59.1859590355307,0.00016366143591629
0.0720383279211819,64.5558907801751,6.39575832479043e-05
0.0101510313339531,69.4002399034798,0.000147293348775365
0.0907694840338081,69.7821488510817,2.10907912803989e-05
0.0100317131611519,13.4200685285032,0.000146722931533956
0.0471030974667519,46.8850617296994,0.000121022578602427
0.0755746254394762,49.537103867624,5.58646642022002e-05
0.0670169992512092,54.8360171308741,7.54490389915835e-05
0.0739763953862712,50.5641847092193,5.9522259857002e-05
0.0912218571919948,15.4643313551787,2.12879410182934e-05
0.0481463819532655,59.2723834363278,0.000118634991911173
0.0696988489967771,65.2713598543778,6.93115483615271e-05
0.0111740675731562,9.66962167876773,0.000148426298967272
0.0467398034245707,58.6086323123891,0.0001218539875147
0.0642931232927367,57.2500044526532,8.16827078241454e-05
0.0786101540527307,46.6813659179024,4.89177692645154e-05
0.0542213239194825,18.7561476975679,0.000104838580245254
0.0120613026479259,38.78221315681,0.000151665059871316
0.0533104330394417,22.0274596754462,0.0001068169117943
0.0448598980903626,23.4558430395555,0.000126156205188589
0.0626112590706907,57.4915891361889,8.55317026908017e-05
0.0524853939074092,19.519876256818,0.000108773061124025
0.034653852772899,52.4016364675481,0.000149513034783305
0.0422238048398867,54.7649142169394,0.000132188980757573
0.0198041118960828,9.89650765433908,0.000167390827699724
0.0354804092389532,65.4014721093699,0.000147621436428847
0.0406532873492688,17.4219356430694,0.000136001355286021
0.0457211729232222,30.3154930996243,0.00012418515284857
0.0745592883764766,7.80718584894203,7.31876220437467e-05
0.0956142581393942,69.2638748278841,1.00033857585516e-05
0.0715440228884109,6.17227887152694,9.85726572473468e-05
0.0366697127232328,52.2756998625118,0.000144899681042244
0.0183207664079964,64.1364995809272,0.000165990023542417
0.0480482252989896,32.5391437171493,0.000118859626250547
0.0148462802288123,41.9202822772786,0.000158038561532196
0.0151221801061183,34.2360124806874,0.000158669966373052
0.0780931622046046,47.434059799416,5.01009200465206e-05
0.0435349349072203,33.9315134321805,0.000129188421715687
0.0463398610195145,28.9333249814808,0.000122769267264302
0.0928814308950678,54.2695256345905,1.62575398674219e-05
0.0825228247139603,18.3941671298817,4.01816878905674e-05
0.0867103184084408,16.7070237721782,3.1036037585838e-05
0.0527670489042066,69.4417148048524,0.000108060462087912
0.0416155319497921,17.276001193095,0.000133822456587219
0.0511103754024953,48.7065715226345,0.000111851807263241
0.0895916210720316,13.9753331907559,2.60110037540811e-05
0.0893948666448705,40.5276081571355,2.42366428921307e-05
0.0310495237470605,29.8758462478872,0.000157761645899675
0.032023464916274,15.2308859745972,0.000156017897028491
0.0637188116740436,20.9079685912002,8.30104604837789e-05
0.0955900699994527,27.1327848930378,1.00587410156814e-05
0.0851820912025869,32.3786329478025,3.38777012125221e-05
0.0920109016448259,55.9180216502864,1.82497712090095e-05
0.0459925326379016,22.0089421165176,0.000123564138301065
0.0486864405474626,16.3621231401339,0.000117821960238592
0.0657017576508224,58.3373734273482,7.84590073956579e-05
0.0880823847022839,26.8050986470189,2.72402957395938e-05
0.0551130550471135,57.1689832350239,0.000102691559246155
0.0138477417780086,34.8668250010815,0.000155753377436522
0.0197368531790562,62.3270603874698,0.00016923077903332
0.0834753455314785,69.2263592814561,3.77836379942633e-05
0.0878092055488378,33.8264650502242,2.78654741252857e-05
0.0681594041851349,45.7482918340247,7.28346122925163e-05
0.047732100689318,56.6735085553955,0.000119583086553644
0.0875836811820045,13.0970446264837,3.13706281166116e-05
0.0612909802398645,13.8556058052927,9.0136848096019e-05
0.0440824354160577,58.0976284772623,0.00012793545098215
0.0635521599510685,53.5196941508912,8.33784238403837e-05
0.0318536630854942,6.38781588175334,0.000169601129261438
0.0422586103784852,23.0830780195538,0.000132109327276846
0.0593942390778102,25.5212874163408,9.28939458946346e-05
0.0766937509784475,30.8780794963241,5.33035130711034e-05
0.078668816331774,9.19558891444467,5.8591670701962e-05
0.0790881898952648,64.7918974526692,4.78237704268724e-05
0.0606768455076963,38.7461453583092,8.99586640211868e-05
0.0603426867094822,51.6055127512664,9.07233960858295e-05
0.0359681566688232,11.9604578067083,0.000148375317597713
0.0950210396084003,6.26583622535691,5.42291460304367e-05
0.0987911746860482,30.291104959324,2.73292045012659e-06
0.0625677955290303,55.3593273833394,8.56311702616941e-05
0.0232241320912726,33.7904260214418,0.000175670280804852
0.0805448040692136,10.40397360106,5.13356914603795e-05
0.0704124717228115,29.6792327961884,6.76784021341259e-05
0.0426990051055327,45.135470663663,0.000131101471219568
0.0344288560049608,18.4355464903638,0.000150115190134639
0.0531800636625849,17.4579143931624,0.000107395067470417
0.0109531658049673,36.78381386213,0.000149129056688543
0.0127630886388943,60.9766055794898,0.000153271117388517
0.0769682982680388,17.1282472589519,5.31560955838487e-05
0.0875860372930765,13.8467397831846,3.06458565731119e-05
0.0327015599398874,61.5188279643189,0.000153980913339715
0.0349774991348386,11.9320256065112,0.00015060793356625
0.01216231998289,48.4565947833471,0.0001518962409611
0.0237499431683682,52.0772878418211,0.000174466946962534
0.058423143774271,65.9899030812085,9.51163255548722e-05
0.0790221500536427,12.807415027637,5.10103928529212e-05
0.0708150299731642,32.8501517593395,6.67571359469821e-05
0.0112887718435377,25.810941925738,0.000149897100804557
0.0955532046710141,11.6101836843882,1.56964307969412e-05
0.0523238224140369,42.531233249465,0.000109074798716915
0.0233532452094369,68.9075149642304,0.000175374801703437
0.0186606025835499,60.9957732493058,0.000166767748449139
0.0985188637510873,10.1645420305431,1.24425000133035e-05
0.0786576485983096,27.8204632061534,4.88090766246867e-05
0.0374286647816189,22.9062089486979,0.000143162797328045
0.0229944608616643,34.3043730850332,0.000176195890049757
0.0369716454925947,38.1254279066343,0.000144208699175744
0.0880499475752004,46.0263185191434,2.73145290421382e-05
0.0378987696464174,44.4201110838912,0.000142086948762101
0.0906716791680083,14.0042175340932,2.35442583694382e-05
0.0770827431185171,58.993489301065,5.24132933193115e-05
0.0333507634233683,7.51746605150402,0.000160645801554051
0.0911245608772151,51.5915144141763,2.0278187664942e-05
0.0143025287985802,9.94298128294758,0.000155375535625425
0.0720719720423222,42.6876656501554,6.38805877045872e-05
0.0500625300919637,23.4064272721298,0.000114249831532037
0.0262198687088676,22.9909403400961,0.000168814450998954
0.0727849570731632,7.55847730790265,7.95843733002069e-05
0.0375420191674493,11.7386052303482,0.000144999541364041
0.0773610135656782,58.5768815304618,5.1776463360849e-05
0.014328572419472,65.5233247461729,0.000156853772252266
0.0421353377285413,68.2760306610726,0.000132391440297989
0.0679554465389811,28.2690018834546,7.33013752587363e-05
0.0272086357884109,21.8020706786774,0.000166551628968736
0.0966576121328399,46.0659961833153,7.61563999867542e-06
0.0348474189755507,25.6540751794819,0.000149070052935782
0.0394517845497467,9.44852872285992,0.000143096627333613
0.0456614044005983,62.0432886120398,0.000124321934839501
0.0312534474255517,54.0070870518684,0.000157294960669432
0.0480687139602378,21.2089870183263,0.000118812737357297
0.0531372474133968,60.9617473895196,0.000107213252103397
0.0749269149405882,18.1709118897561,5.75900796038906e-05
0.0953400170407258,69.972418526886,1.06309944365677e-05
0.0540093845431693,21.728692172328,0.000105217341083046
0.090235267165117,34.5577924139798,2.23133620196539e-05
0.0648933940427378,29.7560388338752,8.0308970869002e-05
0.0622734800865874,17.007430891972,8.67168813767816e-05
0.0284743967512623,44.5054201246239,0.000163654898433317
0.0278822502866387,6.3103694038,0.000175514745097409
0.0739854622585699,62.7521620504558,5.95015100577751e-05
0.0267597395484336,21.4545585855376,0.00016757894098399
0.0839916248130612,9.32083610561676,4.66955655849771e-05
0.083917565040756,40.3209655906539,3.6771605870128e-05
0.0822459025378339,30.1193401904311,4.05972538078086e-05
0.0993305646977387,13.58201791998,4.2997451094416e-06
0.0991790514881723,43.9000845898408,1.84525318144868e-06
0.0736402112687938,30.8120898588095,6.02916269232969e-05
0.0959561198437587,11.6594763670582,1.47131930703099e-05
0.0713897937326692,46.8121982784942,6.54417724765685e-05
0.0538210577843711,16.3409357331693,0.000106119637015268
0.0596111236722209,56.1950709822122,9.23975992338275e-05
0.018888685463462,47.7721756359097,0.00016728972270987
0.0127442476083525,68.7568986474071,0.000153227999145744
0.0198354940349236,30.9988243097905,0.000169456521482026
0.0172413424449041,69.6820064855274,0.000163519730614826
0.0301003638841212,29.8592858016491,0.000159933825670313
0.0911895743547939,35.268506630091,2.01294024430531e-05
0.0744815650209785,5.71550400345586,9.95900971839715e-05
0.0121941979951225,51.5111733484082,0.000151969194713153
0.0762543462798931,9.79900423320942,6.22279930815855e-05
0.087664627735503,11.0301181778777,3.42455893900028e-05
0.0166925500542857,69.9347526696511,0.000162263803372506
0.087666259650141,50.6685637298506,2.81926099446232e-05
0.0118138218438253,43.4739973407704,0.00015109869290061
0.0339650948788039,51.6655687137973,0.000151089277124388
0.0105054931971245,46.2381372135133,0.000148104544990784
0.0879633011599071,65.6545023282524,2.75128218670322e-05
0.0113313920190558,8.92151948064566,0.000148466141569243
0.087785021411255,31.9179106352385,2.79208202229019e-05
0.0216060800314881,44.7602071729489,0.000173508558693127
0.0603882015543059,16.874075725209,9.1043978012163e-05
0.0800398840685375,55.9110611188225,4.56457908138111e-05
0.045150887677446,25.9560440061614,0.000125490267110917
0.0121074014599435,46.5420056285802,0.000151770558334562
0.0861106478655711,19.1093951347284,3.1894447247927e-05
0.0504801046894863,25.1370240584947,0.000113294200000524
0.0113774960488081,12.8162229200825,0.000149664615028345
0.0396340262144804,50.6631246488541,0.000138115763968907
0.037280772596132,67.7204113034532,0.000143501252867615
0.0462241521361284,16.4924768730998,0.000123415709568355
0.0195879338751547,22.3898381309118,0.00016888997290358
0.0373730903328396,65.7834671693854,0.000143289981059802
0.0736390798585489,10.8532861398999,6.56348347498282e-05
0.0398135071527213,20.4044620750938,0.000137728416023408
0.0589168093306944,31.7936915718019,9.39865576654006e-05
0.0355378654249944,48.2479972532019,0.000147489946286996
0.0606715684919618,67.5004741910379,8.99707406241652e-05
0.0711007284210064,41.1904480331577,6.6103306794342e-05
0.0513236244302243,37.0758678810671,0.000111363780701828
0.0559707023389638,29.3988022429403,0.000100728808638548
0.0274981117714197,53.3652779459953,0.000165889154817722
0.0810067842085846,46.7717315279879,4.34330119064371e-05
0.0112665618536994,56.5729907003697,0.000149846272601094
0.0521675575664267,19.335019858554,0.000109508164826925
0.0390772679983638,8.86669356841594,0.000144743310943231
0.099309264102485,35.0494136312045,1.54725785132982e-06
0.0503096591704525,17.1240811131429,0.000113999239173265
0.0500401758914814,62.9740520229098,0.000114300989765726
0.0404186359490268,38.2144155818969,0.000136320161921482
0.040757946621161,62.9075304104481,0.000135543639644518
0.0794895765860565,59.5317387708928,4.69051853876342e-05
0.0170900156488642,55.9312579303514,0.000163173414869767
0.0798460821248591,19.4564950990025,4.6197040973098e-05
0.0396155253006145,35.5805776384659,0.000138158103844841
0.0160800013248809,13.9247018459719,0.000160455868627289
0.0176594341639429,65.2697070408613,0.00016447654559387
0.0550167244323529,51.1890142329503,0.000102912014641338
0.0391463131713681,29.1737042122986,0.000139231909359679
0.0133141098613851,52.9838438727893,0.000154532145376975
0.0469282948458567,67.2663006081712,0.000121422619450959
0.0830066832341254,33.8230139855295,3.88561852029275e-05
0.0437992309615947,64.671741881175,0.000128583572558882
0.0265716574783437,32.9909740376752,0.000168009372235691
0.0842375132651068,59.9047515343409,3.60393951143608e-05
0.0676257779682055,6.26288098050281,0.000104600615928031
0.0322172107850201,69.9558826279827,0.000155089360375044
0.0733658762089908,68.9791756717023,6.09194506340843e-05
0.0447514600888826,29.3478347570635,0.0001264043686881
0.050172315610107,66.0539194126613,0.000113998584201707
0.0730986592499539,15.8626428863499,6.23216311474415e-05
0.0353940975549631,39.9782285746187,0.000147818963211482
0.0505899523594417,12.9658288008068,0.000114866484505114
0.0530508486623876,41.780939482851,0.000107410978141421
0.0902859715395607,12.7311318693683,2.57699937821427e-05
0.0500369850895368,59.6683952363674,0.000114308292008169
0.0640161604853347,34.2224402562715,8.23165452112373e-05
0.0784923068410717,15.4042599257082,5.02806765991754e-05
0.0620530081633479,27.4872105417307,8.68092760219324e-05
0.0767640426871367,38.4646373405121,5.31426484648131e-05
0.0362629718193784,45.1958389161155,0.000145830519352777
0.0337599488883279,28.8186416041572,0.000151558759650924
0.0463116868236102,38.8146750698797,0.000122833744725673
0.0171070592431352,63.6084606521763,0.000163212419627701
0.0123945997236297,51.1083673092071,0.000152427819859096
0.0934313466073945,51.0242912499234,1.49990418709163e-05
0.0960047695832327,48.0566075711977,9.10968903618688e-06
0.0971075625438243,7.30548129184172,3.34903976484998e-05
0.0214727760036476,32.826969117159,0.000173203488573829
0.0826118264440447,42.2102495760191,3.97598263757185e-05
0.0416520222718828,17.8668381669559,0.000133667710063519
0.0552010098984465,5.85329833324067,0.000131589449561497
0.0137492338381708,59.731371938251,0.00015552793916999
0.0468091942672618,66.3289411226288,0.000121695184566275
0.0438150714384392,33.1854037905578,0.000128547321169941
0.0188321608840488,54.2293460061774,0.000167160364576705
0.0724506230722182,10.0802705914248,6.98857168412102e-05
0.0216280199354515,59.7080279979855,0.000173558768797262
0.0277440273179673,65.2915749175008,0.000165326369984151
0.0942292646458372,65.3848620387726,1.3172983385504e-05
0.0785824835672975,18.3623119688127,4.91955240533635e-05
0.0171764969616197,61.8820319185033,0.000163371329852734
0.0674548817751929,25.7111027545761,7.44469321836026e-05
0.0962163081159815,44.8422637069598,8.62557699195796e-06
0.0676302150124684,50.7479528826661,7.40456770041526e-05
0.0509202077053487,25.9701123682316,0.000112287011532722
0.0332323744893074,40.6062923534773,0.000152766128906415
0.0183694606553763,31.4667227678001,0.00016610146173448
0.0997035221313126,20.5120829027146,6.95398575186844e-07
0.0671576425991953,14.331646229839,7.659958477207e-05
0.0251308085117489,57.5113353028428,0.000171306796726536
0.0666239037923515,50.5684368161019,7.63486493069802e-05
0.0820420411787927,14.3805899075232,4.28306438934294e-05
0.0695552329858765,61.7287617654074,6.96402177520048e-05
0.0711388790723868,51.3485734222923,6.6015997926362e-05
0.0371803783299401,40.5643599363975,0.000143731008046511
0.0447883491590619,63.6338830040768,0.00012631994698515
0.0956236745161005,24.4147311430424,9.98183610838971e-06
0.0959691142034717,23.7113976990804,9.19128740296942e-06
0.069634050137829,68.5131746681873,6.94598424224786e-05
0.0430954505386762,5.83734542597085,0.000153042237923206
0.0593464653939009,60.5486012622714,9.30032773505975e-05
0.0928542130952701,19.342619831441,1.64540559826814e-05
0.0300964323733933,52.4758484936319,0.000159942823046208
0.0815145016694441,60.1735862263013,4.22710858276583e-05
0.0930015501682647,17.3983481968753,1.64882942013596e-05
0.0343348046811298,45.8983308041934,0.000150243185559652
0.0523758424329572,9.04508085106499,0.000115776309794506
0.0508168625482358,12.7995607280172,0.000114481582198389
0.0619733799155802,60.320903332904,8.69915075676667e-05
0.0430444447719492,23.1218568759505,0.000130310922562103
0.0371494745044038,6.80791948339902,0.000157078781228962
0.0882553681987338,8.92107162042521,3.87507354078836e-05
0.0929704271140509,24.5191020669881,1.60538694488901e-05
0.077700750164222,6.17012389702722,8.73946555348324e-05
0.054521840964444,9.71387150348164,0.000109859747515403
0.0519027103180997,42.5643931119703,0.000110038525915759
0.0144577207206748,60.4678256693296,0.000157149331871081
0.0525761768547818,68.9220747724176,0.000108497278287933
0.0462627944070846,56.5066247258801,0.000122945636433552
0.0402058048429899,57.5562363280915,0.000136807232057027
0.0461303273751401,66.4917280897498,0.000123248791063559
0.0557724266173318,28.8397335459013,0.00010118256835633
0.0780022404529154,18.0255528038833,5.05931940034317e-05
0.0659018092462793,58.7139801052399,7.80011835393163e-05
0.0812036007666029,7.40785360569134,6.41905081126778e-05
0.0834403623593971,8.90403527067974,4.91748174611714e-05
0.0657196241803467,7.29532969766296,9.67306150807079e-05
0.0102711440902203,11.4790694683325,0.000146946886031882
0.0877534604654647,20.7022359862458,2.802486552353e-05
0.0700149617251009,43.0269909801427,6.85881152492377e-05
0.0348407082771882,11.5226704382803,0.000151165352009638
0.0952167451870628,64.0281778830104,1.09131056353986e-05
0.0275674306764267,29.8361865477636,0.000165730516500765
0.0733614886389114,24.652402024949,6.09294917149822e-05
0.0879533747443929,61.3452752807643,2.75355387557428e-05
0.0989155697566457,68.8854342431296,2.44823873688769e-06
0.01845595900435,7.74490420590155,0.000162417619582993
0.0328471957379952,10.3603627032135,0.000156481911294349
0.074382218932733,32.3800010001287,5.85935209453678e-05
0.0401006304821931,5.31109699979425,0.000162454901466288
0.0246832214831375,57.9997620824724,0.000172331112573752
0.0445548707223497,34.2163999320474,0.000126854269133514
0.0928775321575813,46.2010500649922,1.62664622408068e-05
0.0571173618640751,35.8257452188991,9.81046451846237e-05
0.0745237576775253,28.7703935604077,5.82696054383978e-05
0.0839068672806025,54.7035861818586,3.67960880033324e-05
0.060815219162032,18.3723924634978,8.98063048398568e-05
0.028172208564356,18.4156519803219,0.00016441933995773
0.0454121185746044,6.47054472821765,0.000143736064893427
0.0960978395119309,64.7825007117353,8.89669581526933e-06
0.0587592223845422,69.9477189895697,9.43471999448671e-05
0.0891059580538422,42.665969847003,2.48978185502037e-05
0.0622541091311723,35.011405776022,8.6349050646608e-05
0.088275992856361,47.4849930522032,2.67972178850219e-05
0.0836156655475497,16.7541456955951,3.80822817588338e-05
0.0513804199756123,62.9065117565915,0.000111233802455201
0.0680152576207183,17.4856767931487,7.35168108186694e-05
0.0174075649725273,24.7155353333801,0.000163900135671999
0.0311628255993128,24.9982266628649,0.000157502351337138
0.0873398532951251,27.6223856164143,2.89396003190138e-05
0.0365747378603555,22.5820883468259,0.00014511703376007
0.0739508701232262,69.361958138179,5.9580675158988e-05
0.0685691272653639,48.4715558995958,7.18969491851855e-05
0.0756430232780986,9.78913679486141,6.35880136750968e-05
0.0432788033923134,46.9193902693223,0.00012977458608802
0.0102428572834469,43.4904257580638,0.000147503495113931
0.0457161562913097,16.172607454937,0.000124622863034181
0.0130677855503745,55.2488480170723,0.00015396842507412
0.0101594419870526,68.9059444493614,0.000147312596797994
0.0672224585153163,42.8211060364265,7.4978839529291e-05
0.0391363333631307,59.7527084453031,0.000139254748439179
0.0612616410013288,27.139166292036,8.86203426373731e-05
0.0749376790225506,42.7794618462212,5.73223344807793e-05
0.0307316885795444,22.1407898317557,0.000158489020863822
0.0997796635492705,18.3641036821064,7.4252946074066e-07
0.0761048958357424,34.8916719132103,5.46511250791162e-05
0.0548888074955903,16.2180502468254,0.000103708051017365
0.0950025408319198,6.1888216715306,5.55812562097402e-05
0.0753392023802735,56.8820803577546,5.64034366753203e-05
0.0754501099628396,25.4325698676985,5.61496214681384e-05
0.0161845550267026,13.261722343741,0.000160587130288498
0.0705014556413516,40.0349911383819,6.74747598655131e-05
0.0572244290472008,60.5839964002371,9.78596188425227e-05
0.0833116713329218,22.4462162004784,3.8158211126738e-05
0.0987440299591981,68.7849924364127,2.84081251968687e-06
0.0357307824492455,54.060837845318,0.000147048450103
0.042273869717028,52.3388898326084,0.000132074405839699
0.0174743961286731,20.2829831116833,0.000164041173167685
0.0433321534306742,37.2842407319695,0.000129652492983776
0.0910323483753018,36.8257870501839,2.04892186398885e-05
0.0823471708060242,54.2403519293293,4.03654984500868e-05
0.0578838663105853,64.5171649230178,9.63504776119893e-05
0.0636246630153619,40.8366674860008,8.32124984828999e-05
0.0500158583140001,56.0066527081654,0.000114356641244406
0.0440098178759217,11.7331587336957,0.000130563147985881
0.069877895815298,9.24174382118508,7.74971236272051e-05
0.043529168618843,48.9989378768951,0.000129201618033245
0.0327282946486957,47.569111607736,0.000153919730186154
0.0685789934988134,16.4531928743236,7.24494188984806e-05
0.0354961525276303,14.3816302181222,0.000148349555875562
0.0935139514575712,19.5828660344705,1.49262870665002e-05
0.082068444697652,57.2122701595072,4.10033712023966e-05
0.0862819214747287,55.7997529697605,3.13607078570672e-05
0.0743747987691313,17.6515859481879,5.89599316011897e-05
0.0966370263881981,47.6773210417014,7.66275107007684e-06
0.0925327155808918,43.1158408301417,1.70555849394283e-05
0.0882651689276099,45.4553359351121,2.6821988758707e-05
0.09804874537047,63.3142366912216,4.43199139001455e-06
0.089964316864498,32.4245732394047,2.29334396112522e-05
0.085269353708718,40.5207848758437,3.36779984459447e-05
0.0516327633522451,8.48508154973388,0.000118517228123721
0.085206106947735,8.50619749398902,4.67207450499871e-05
0.0588527962123044,39.8007384804077,9.41330535363825e-05
0.0110466287401505,66.911335644545,0.000149342949316157
0.0931264425581321,52.3909716948401,1.56968235973188e-05
0.0328833813988604,35.7684412063099,0.000153564809677444
0.021055972604081,35.8378393214662,0.000172249621951121
0.0870964917354286,63.1188204593491,2.94965402798828e-05
0.0337587090581656,13.686484566424,0.000152482826639193
0.0372158026206307,32.9343926126603,0.000143649938533743
0.0739000084833242,5.93653041520156,9.74952675572153e-05
0.0947533549391665,19.0296350326389,1.2136204797247e-05
0.0243740648962557,48.8282378751319,0.000173038626355366
0.0694577710865997,69.967190111056,6.98632621244897e-05
0.0953583494364284,61.861884141108,1.058904021932e-05
0.0351675599417649,65.8702722960152,0.000148337401084692
0.0641154715791345,5.55261536617763,0.000119611475213997
0.0763771741441451,57.0379651652183,5.40280083033344e-05
0.0254549439996481,54.874202205101,0.000170565003297155
0.0435693440656178,28.3379580860492,0.000129109675362502
0.0379212252679281,58.169682607986,0.000142035558423458
0.0989575123181567,38.5386276384816,2.35225197301345e-06
0.0555306775891222,61.5147760650143,0.0001017358179923
0.0562073567835614,28.8392644224223,0.000100187218104373
0.0175132429390214,57.9696305014659,0.000164141982751699
0.0897155305161141,6.21487971162424,6.4799578723001e-05
0.0405393913248554,17.7907954424154,0.000136218155075625
0.078714282666333,69.2928445269354,4.86794679236735e-05
0.0900681273220107,30.7181900681462,2.2695866379814e-05
0.0711717153876089,43.2202479091939,6.59408510702288e-05
0.0526301016611978,56.9635410665069,0.000108373869810387
0.0496397839230485,61.4770242921077,0.000115217298354106
0.0410136726824567,42.8815153171308,0.000134958403164489
0.0835737109999172,61.790892991703,3.75585257776444e-05
0.0803275749157183,14.2307591810822,4.6813567642092e-05
0.035619741929695,25.2642338257283,0.000147302569540312
0.0651748737110756,14.5476724463515,8.098306609826e-05
0.0486606194032356,24.4011409545783,0.000117458144648931
0.0848460211628117,36.0955918754917,3.46468072086996e-05
0.0507941904640757,50.2367323741783,0.000112575405630421
0.0402784363809042,57.2382964787539,0.00013664101268395
0.045316811054945,22.6726323715411,0.000125110546667446
0.0633485269150697,17.4035195121542,8.41879020769756e-05
0.0193618502048776,24.6429109992459,0.000168372573891862
0.0352358912071213,50.2564426430035,0.000148181023009612
0.0776070277462713,57.9848977026995,5.12134528004151e-05
0.0797318100882694,67.8909704228863,4.63508270189097e-05
0.0372055317088962,27.6560895307921,0.000143673443812008
0.0365912070637569,46.9470972486306,0.000145079343512237
0.0969251943123527,52.4374011473265,7.0032704495446e-06
0.0211063557420857,64.3245700607076,0.000172364925218177
0.0623975308914669,36.6549833957106,8.60208258042546e-05
0.0410719178360887,20.0964606273919,0.000134859092515167
0.0916123451455496,35.7165607926436,1.91618792731913e-05
0.0875684268935584,17.887205069419,2.87692946211307e-05
0.0389895239938051,23.1786047748756,0.000139590725922679
0.0840751993656158,23.9528280461673,3.64108551631202e-05
0.0338162366161123,43.4842058690265,0.000151429943559555
0.0384977234737016,62.6589528843761,0.000140716225622645
0.0380073283892125,12.0673758268822,0.000143745959042999
0.0526013867906295,10.8894440461881,0.000112216177090571
0.0153750012721866,26.6684398963116,0.000159248554916421
0.0342350533069111,45.4039708187338,0.000150471469461691
0.0186950701428577,30.2302300964948,0.000166846628454494
0.0368991006235592,58.9986861927901,0.000144374720204588
0.0780525862704963,36.492011945229,5.01937792440977e-05
0.023984292128589,30.5000851827208,0.000173930632595969
0.0916840888513252,5.25734408758581,7.80928861070744e-05
0.098786797656212,26.7771370988339,2.74293740937324e-06
0.0791607410926372,5.63710108748637,9.26744846817588e-05
0.0712166747846641,65.113202133216,6.58379601910454e-05
0.0133157346094958,47.7741911658086,0.000154535863659971
0.0458404151140712,26.3883716205601,0.000123912263649519
0.0442549520195462,62.3371639312245,0.000127540641750503
0.0560890909587033,11.5410729788709,0.00010378756790385
0.095390675670933,69.9347048462369,1.05150606976467e-05
0.0213569193053991,48.6034682067111,0.000172938347172412
0.0707237804681063,38.0286403989885,6.69659630758009e-05
0.0879473193222657,25.8631148037966,2.75493967642418e-05
0.0280437024426647,53.8176351564471,0.000164640554802696
0.0170940752141178,8.02022111951374,0.000160236094702152
0.0643960898392834,9.20790631906129,8.94469325893246e-05
0.0452343329391442,50.5550402973313,0.000125299300218516
0.0812284311908297,17.8649885510094,4.32580847519886e-05
0.0999832099163905,48.8862826058175,4.91338373009193e-09
0.0823384239547886,56.7325927189086,4.03855158718644e-05
0.0356910979514942,13.2320407417137,0.000148288075374575
0.0503357840958052,50.3943122341298,0.000113624481849053
0.0667342655453831,9.53267713775858,8.36219995618477e-05
0.0376834179763682,55.3492096741684,0.000142579787281216
0.0669346282980405,21.325235205004,7.56375472978736e-05
0.0276629669801332,19.6426082542166,0.000165544909994622
0.0230209077568725,12.8026847622823,0.000175860483534449
0.08982732756529,57.3787400592119,2.3246943580554e-05
0.0112804876104929,32.0854105846956,0.000149878142097876
0.0628181805158965,13.4297356533352,8.69147198579758e-05
0.033712890369352,57.4558034655638,0.000151666454431274
0.0369766001822427,60.4567684116773,0.000144197360225327
0.0408264671079815,64.9316530267242,0.000135386828530651
0.0998634813237004,24.2640712554567,2.78915727448025e-07
0.0578134363424033,33.4855923301075,9.65116586291236e-05
0.0704373823408969,40.8731716731563,6.7621393464889e-05
0.0603017854946666,9.40315709100105,9.78882848920444e-05
0.0641145985829644,47.2840842860751,8.20912667806164e-05
0.016613763035275,25.1134222652763,0.000162083497003088
0.0670300113386475,40.3769363742322,7.54192604535197e-05
0.0845721311611123,48.0051502585411,3.52736123911576e-05
0.0377463902928867,22.0957990165334,0.000142435673315389
0.0394401075108908,37.0271687232889,0.000138559552525011
0.0162887304113247,10.4343852214515,0.000159969944338973
0.0960877732234076,44.101501313271,8.91973280740277e-06
0.0879464639700018,12.9019820457324,3.08049441439627e-05
0.0161819590674713,59.351547153201,0.000161095301146554
0.0859603965934366,37.6507972134277,3.20965268377993e-05
0.0285598045308143,44.3028814427089,0.000163459440262105
0.0317216900619678,57.8189867013134,0.000156223373866948
0.0662022621906363,68.0298042309005,7.73135882950969e-05
0.0472623958508484,26.2436536257155,0.000120658019647776
0.0726802943856455,5.43168538832106,0.000106768628915542
0.0360014284239151,48.5338119813241,0.00014642906897013
0.0702356683206745,19.7774512588512,6.81591166758225e-05
0.0341678287670948,53.8286399142817,0.000150625314763396
0.0149148177518509,38.9831349684391,0.000158195411633941
0.0188176005333662,68.1290057313163,0.000167127042793472
0.0756149517395534,51.6029571951367,5.57723762993163e-05
0.0862137191020884,37.8668028628454,3.15167909574421e-05
0.0930722026759759,35.6390440475661,1.58209531347991e-05
0.0757382593629882,69.4564829324372,5.54901832403292e-05
0.0994048956246115,33.8329922349658,1.32840234983895e-06
0.0730257910490036,14.6395627153106,6.31230895549954e-05
0.0828972341446206,56.2793983868323,3.91066626065978e-05
0.0562214931147173,38.1314358592499,0.000100154866702078
0.0929625284066424,67.9432869225275,1.60719458690136e-05
0.0920443932362832,42.7927018643823,1.8173124734279e-05
0.0748057213588618,62.1568049013149,5.76243234068154e-05
0.0196655631647445,8.52571053663269,0.000166106567896517
0.0763844780717045,15.8831689378712,5.48271351110847e-05
0.0564671591529623,46.6750751261134,9.95926528754673e-05
0.0738393896375783,65.8691822853871,5.98358014714255e-05
0.0318576518865302,5.32586969784461,0.000176000974928728
0.0757710476708598,56.3974319305271,5.54151462504045e-05
0.0497453299583867,14.9354495387524,0.000115835968640792
0.0946309021650814,61.0713760741055,1.22538243181052e-05
0.0681631665909663,18.3542676921934,7.30134644397762e-05
0.0601028022565879,68.8728376466315,9.12723785873169e-05
0.0653178587951697,58.6815047229175,7.93375710189002e-05
0.0874745725863613,6.74765471718274,6.07771579507911e-05
0.0415108845173381,64.4128377968445,0.000133820519514303
0.0376336225145496,38.4942834381945,0.00014269374563434
0.0797844402049668,27.1091945108492,4.62303814761931e-05
0.0551652669906616,11.1785770987626,0.00010621983413634
0.0858670433145016,24.515462750569,3.23101685139205e-05
0.0663315843953751,53.6511744279414,7.70176306930147e-05
0.0167941362690181,31.1253474932164,0.000162496286360076
0.0878652092558332,19.0037600533105,2.7890103754337e-05
0.0747525841998868,43.1344499648549,5.77459293304343e-05
0.0854132648254745,6.32667086203583,7.09547592999679e-05
0.0748712471593171,53.4830498229712,5.74743657192207e-05
0.0578543105884455,17.8552923991811,9.66563862822254e-05
0.0893233513669111,13.0675532133318,2.74870000437584e-05
0.0125962868379429,63.5049440118019,0.000152889386647596
0.0371773996320553,53.3871137234382,0.000143737824882685
0.049973408500664,14.9178771884181,0.000115324440874528
0.0240306040714495,21.3541357114445,0.00017382464637663
0.0741996731515974,24.0077320649289,5.90112822398353e-05
0.0380324736377224,36.0113135201391,0.000141780963314858
0.0493059559375979,33.9738722343463,0.000115981273344181
0.0504256351850927,6.61883269553073,0.000133051277620782
0.0912181796738878,68.2606710062828,2.00639383438064e-05
0.0611666841176339,31.7077499302104,8.88376542093209e-05
0.081385087997187,68.1476023653522,4.2567252755799e-05
0.0841436515399255,26.4871968596708,3.62542003844076e-05
0.0969111738610081,45.0287977082189,7.03535665754285e-06
0.0586806847900152,47.6075632672291,9.45269354991475e-05
0.0596117203170434,46.3394170044921,9.23962337949121e-05
0.0175120866973884,12.3522367503028,0.000163342414870171
0.0283851921162568,25.0898794492241,0.000163859045817938
0.0337024137866683,69.8166247201152,0.000151690430393447
0.0321716755721718,68.0141551536508,0.000155193569025307
0.0577767902216874,61.9818236597348,9.65955243352071e-05
0.0605873496434651,14.0828853554558,9.16139037875359e-05
0.0414363929303363,10.1401444314979,0.000137843905743889
0.0821972030308098,52.8942825889681,4.07087040367198e-05
0.0107414536410943,49.8489047039766,0.00014864454728447
0.0937633197824471,41.4444166352041,1.42393116680285e-05
0.0760414993111044,49.2980211356189,5.4796209857481e-05
0.0360691307741217,42.1714874880854,0.000146274130185542
0.0901254902803339,15.2151508000679,2.39400680168168e-05
0.0913980587944388,9.24608795787208,3.08803810042504e-05
0.0328721893788315,26.2540405534674,0.000153590422938654
0.0894555999245495,30.362709867768,2.40976530268042e-05
0.0880682789441198,57.0751358231064,2.72725771747134e-05
0.025717999804765,33.5280873381998,0.00016996299248661
0.0511013868590817,53.8688036671374,0.000111872377804551
0.0720890753576532,36.3327312667388,6.3841446273282e-05
0.0956468380941078,25.0327436055522,9.92882559084908e-06
0.073284607664682,25.1519256376196,6.11054360458466e-05
0.0404742654878646,55.775214897003,0.000136192852114534
0.0479326220485382,51.8397322355304,0.000119124187629358
0.0472277739597485,68.0226004810538,0.000120737252845897
0.066928851197008,46.0770927742124,7.56507683605056e-05
0.0404217969533056,52.5060875865165,0.000136312927871858
0.0544959624041803,57.2560839890502,0.000104103793589313
0.0396373003534973,40.9700574760791,0.000138108271007167
0.0616961157787591,49.4655614322983,8.76260345558405e-05
0.0818591396696866,25.6060396321118,4.14823718063956e-05
0.07018938745372,13.2569319813047,7.04233147270926e-05
0.0844707842287608,68.0494211532641,3.55055477740853e-05
0.0442951299599372,5.86543854908086,0.000150697110844987
0.0926587412878871,45.0020461075474,1.67671714676788e-05
0.0909760777675547,35.0010381592438,2.06179955515579e-05
0.0427211638609879,18.6398672452196,0.000131139006042165
0.0751141618797556,54.5538656611461,5.69184483629044e-05
0.0336020233761519,56.9004836247768,0.000151920176748518
0.050354986009188,62.3400787683204,0.000113580537715471
0.0318282630061731,51.7632578744087,0.000155979478604896
0.0748795267404057,50.7589291885961,5.74554176586756e-05
0.0262300769658759,11.8851052829996,0.000170188733503327
0.0784723008517176,6.02795019862242,8.80348613611424e-05
0.0944295870815404,58.4793048305437,1.27145397034335e-05
0.0956935613369569,25.7069281034637,9.82189809960309e-06
0.0794387900899165,49.8720669152681,4.70214117514371e-05
0.0331758860778064,7.83603651914746,0.000159429643257094
0.0246725406125188,20.369493564358,0.000172370719445375
0.0329170069750398,64.3898489302956,0.000153487856574806
0.0117566573899239,43.4723612654489,0.000150967870396191
0.02833504115697,14.5778327668086,0.000164540327903504
0.0280813435371965,30.6570066080894,0.000164554412070287
0.0531538445665501,27.0989031391218,0.00010717526903886
0.0177412772038952,33.6161612533033,0.000164663845755511
0.0710521243000403,48.9306965889409,6.62145387295032e-05
0.0300216201995499,40.0463610189036,0.000160114032867615
0.0791488059540279,67.1920833759941,4.76850488249987e-05
0.0563369858916849,26.8712292576674,9.98905581450277e-05
0.0432181513332762,12.9566795611754,0.000131477167112561
0.0405687828874216,31.9177480810322,0.000135976546314734
0.0541528981691227,35.6263492314611,0.000104888906003479
0.0927935404167511,49.9992646812461,1.64586797664902e-05
0.0138415392534807,52.0300518232398,0.000155739182779929
0.0153408491658047,14.3355353630614,0.000158834528459007
0.0616753734392114,55.2773791179061,8.76735039992088e-05
0.0131964856921695,41.032444012817,0.000154262959067182
0.0823170062224381,14.4899695017375,4.2136489149779e-05
0.0111392900929786,16.4737183961552,0.000149462353495314
0.0411972565832548,7.73846544907428,0.000143242344725262
0.0823226166912355,10.1984132814687,4.7928560304816e-05
0.06559889937751,44.8903197457548,7.8694401526042e-05
0.0735002700309269,10.0724172301125,6.76011826902878e-05
0.0609868745668791,54.0494162216783,8.92491535615034e-05
0.0797739325882867,64.8656339535955,4.62544284605646e-05
0.0911113943322562,15.228368404787,2.16902576128357e-05
0.0145108188409358,39.7411410021596,0.000157270848453475
0.0923883703234605,58.750155128073,1.73859232316617e-05
0.098146350432653,24.4227706827223,4.20861938508235e-06
0.0262385290046223,61.1542113579344,0.000168771746372963
0.0400086152483709,23.5935450519901,0.000137258506141758
0.0681210501049645,8.48539630649611,8.32927079069298e-05
0.0749103074567393,62.1169630333316,5.73849750999917e-05
0.0732907954580151,69.7753249190282,6.10912751020184e-05
0.0309269774938002,28.2175418466795,0.000158042096541019
0.0653199779288843,18.4210718260147,7.95007500340003e-05
0.0589448615908623,5.11441200971603,0.000133657428330653
0.0669783579651266,58.243076793151,7.55374706912553e-05
0.0230193871119991,17.7801114646718,0.000176238541258712
0.0744194682780653,17.8912980575115,5.88072380195338e-05
0.0404239273187704,18.8006756699178,0.000136385656577984
0.0121142230299301,19.244935316965,0.000151767645585173
0.0915867675794289,66.0653345892206,1.92204142722775e-05
0.0487686083023436,35.0042234256398,0.000117211008933174
0.0625938464002684,37.3032358288765,8.55715520901716e-05
0.0153422226454131,18.032984622987,0.000159117956637384
0.0626285859104246,5.47071776934899,0.00012316015356447
0.01153027565917,67.3890215426218,0.000150449789264459
0.0832589672249742,6.42087107757106,7.35506847564012e-05
0.0457497869594954,63.1427642202471,0.000124119668799807
0.0458879861864261,29.5099183870479,0.000123803395875953
0.0982478062668815,11.6076713963412,9.69079147588861e-06
0.0418536471296102,24.6557405381463,0.000133036097372596
0.0720155049627647,6.24971118406393,9.67075306077516e-05
0.0648955863295123,30.3567778575234,8.03039537573763e-05
0.0746947828889825,19.7697698953561,5.79596030406358e-05
0.0472108477540314,31.7104959324934,0.000120775988956733
0.0825797673827037,61.8155944510363,3.98331944638875e-05
0.0565701104234904,37.6287057017908,9.93570459182681e-05
0.0279723135638051,9.50957697583362,0.000167980688308114
0.0108338937535882,41.9501950964332,0.000148856099152806
0.0830986459134147,15.5123062152416,3.97408712889402e-05
0.0956682688812725,20.0719137315173,9.96079891746588e-06
0.0996469935704954,61.9406187487766,7.7435420569002e-07
0.0835437481477857,57.2434616042301,3.76270966304713e-05
0.0692836600565352,43.4489466645755,7.02617202474239e-05
0.0815272518224083,59.365337745985,4.22419067342066e-05
0.0286598477838561,62.4822610325646,0.000163230488386945
0.0527631183993071,25.3125205368269,0.00010806945716194
0.02148382098414,29.7222944512032,0.000173228765330812
0.0440604910696857,69.2327260307502,0.000127985671252865
0.0878638249216601,58.0716019461397,2.77404761124512e-05
0.0627963772369549,60.7627057190985,8.51080544186428e-05
0.0409231788688339,40.1922730251681,0.000135165500871624
0.0179926985292695,55.7457050203811,0.000165239230723007
0.0988821664475836,62.7846904168837,2.52468317480618e-06
0.0241236418974586,65.0455999991391,0.000173611726623644
0.043002417574171,32.8438949433621,0.000130407103018521
0.054428191636689,44.7836498171091,0.000104258888948833
0.0119777616439387,15.9039312158711,0.000151347579469686
0.0230850132647902,6.77089102449827,0.000168499726662066
0.0601733411895111,21.9916116376407,9.11109482012239e-05
0.0817495131562464,60.0086156965699,4.17332552498684e-05
0.0135933381924406,17.8004053304903,0.000155113077535491
0.0312198967207223,42.4025661998894,0.000157371742426823
0.0640460475650616,40.270523072686,8.22481477657478e-05
0.0505881642480381,54.1345287475269,0.000113046902578588
0.0562193837668747,46.5798003971577,0.000100159694005562
0.0524789915373549,54.8934679734521,0.000108719689694863
0.0608946476690471,16.4705035882071,8.99673674508316e-05
0.0878226475440897,13.7199558562133,3.02058341344207e-05
0.0210710711358115,62.3412239423487,0.000172284175377232
0.0784035418578424,9.19047362520359,5.91802758671201e-05
0.012323755689431,51.3818223937415,0.000152265691239919
0.0199166745692492,61.8668765272014,0.000169642305480399
0.0129818442207761,52.2971812775359,0.000153771745858211
0.032786350203678,26.5660393272992,0.000153786868371164
0.0708785096881911,12.403503813548,6.97790647402605e-05
0.0263787187240087,40.1997343404219,0.000168450918149612
0.0414453941304237,63.4256080549676,0.000133970396156986
0.090889382569585,21.4543971966486,2.08164000170165e-05
0.080740196981933,27.7510670130141,4.40431044771976e-05
0.0534803898725659,53.2052435190417,0.000106427960671092
0.0538429883844219,37.7326868649106,0.000105598143500064
0.0688883029087447,66.03891112376,7.11665065032907e-05
0.0384593301243149,43.7775906501338,0.000140804089912025
0.0224252671282739,55.0990545051172,0.00017538329203309
0.0253881199471653,24.5542158035096,0.000170717932072025
0.0692933965171687,37.8882824617904,7.0239438075946e-05
0.0470215964503586,38.5721333581023,0.000121209096033271
0.0450032361783087,65.5154906807002,0.000125828171832822
0.0466143515217118,38.7675956881139,0.000122141087819104
0.0264979698415846,16.1478194594383,0.000168427295027761
0.0109417393640615,52.5005439447705,0.000149102906948384
0.0440316439745948,41.910382527858,0.000128051688663467
0.0325072954408825,40.3365625918377,0.000154425493258618
0.0940338331344537,42.0659369754139,1.36202340459544e-05
0.0170358147635125,55.091091649374,0.000163049374577601
0.0971985176973976,16.750200400129,7.09942902148438e-06
0.0384510002308525,23.5605948406737,0.000140823153113891
0.0352960557746701,17.219171600882,0.00014825413119519
0.0238936979626305,39.2255091166589,0.000174137959962323
0.0729354367521592,10.4293666535523,6.80484137840709e-05
0.0696207714849152,40.867752826307,6.94902310033353e-05
0.0280825533811003,9.27436144789681,0.0001679729944659
0.0227140950015746,44.3737326632254,0.000176044282966311
0.0540409710118547,27.4020039278548,0.000105145054536825
0.0359514678176493,19.1015978145879,0.000146602841067247
0.0912224120111205,11.3564028043766,2.57794654750609e-05
0.0123025802779011,53.9221362478565,0.000152217230698807
0.0347852720040828,15.7738468679599,0.000149609031751811
0.0227122656092979,41.0993656015489,0.000176040096349229
0.0841744111548178,43.0882302543614,3.61838061169816e-05
0.0557244901359081,43.759288644651,0.000101292272379109
0.0883240992808715,44.7547048924025,2.66871249425793e-05
0.0719008547347039,63.4167400351726,6.42721946072047e-05
0.0314318758272566,45.962679478107,0.000156886622116756
0.0777916749753058,41.6176193451975,5.07908822817133e-05
0.0969849788653664,49.3404831364751,6.8664517726033e-06
0.0125518499477766,30.700242818566,0.000152787691540525
0.0914502748451196,57.134291252587,1.95327818384614e-05
0.0859804565622471,8.98412521812134,4.34441272167601e-05
0.0394377817842178,5.99406870198436,0.00015831312482453
0.0219125134218484,36.7915078019723,0.00017420984036082
0.0866132166376337,39.8446535109542,3.0602529304569e-05
0.0181407863693312,39.2869082209654,0.000165578134023725
0.0914343410776928,13.3954273175914,2.23018356808963e-05
0.0528616477549076,16.1211837246083,0.00010834608642706
0.0400951165310107,69.2258431215305,0.000137060545457135
0.0576448684534989,10.8391178178135,0.000101094587331497
0.0224699950171635,24.2054922797252,0.000175485653099147
0.0308135970402509,26.073187852744,0.000158301570984895
0.0562931903009303,33.0585754301865,9.9990785619866e-05
0.0304328872892074,6.44631659961306,0.000171929697122483
0.0378717760415748,38.5350485704839,0.000142148724406716
0.0551531885005534,28.2865311473142,0.000102599712678372
0.0469289169297554,16.011366591556,0.000121884695681448
0.0929071124596521,13.7744246365037,1.86636267221996e-05
0.0930680597526953,52.259507838171,1.58304343344293e-05
0.0348548345500603,49.7555136878509,0.000149053082179257
0.0586847271723673,38.5507856367622,9.45176843903374e-05
0.055846237174701,32.5426536228042,0.000101013650763165
0.0920089053688571,43.3394090866204,1.82543397442431e-05
0.0373641105694696,57.4920348019805,0.000143310531507728
0.023423864566721,47.3360603465699,0.000175213187263871
0.0216359353857115,57.1093230566476,0.000173576883533885
0.0939691186393611,52.2332084865775,1.37683350377852e-05
0.0379158201348037,7.94920595246367,0.000148894435305917
0.0372520770668052,57.0639151183423,0.000143566923415587
0.0690437300270423,40.2055943431333,7.08108070522737e-05
0.0588191985269077,52.4405027378816,9.42099428101587e-05
0.0863214936549775,32.4744101706892,3.12701457791994e-05
0.0571871820278466,31.4743234822527,9.79448597225019e-05
0.0571453030011617,40.6853353313636,9.80407010850911e-05
0.0498616615543142,39.9956161843147,0.000114709524984191
0.0306135244481266,14.2728260636795,0.000159445040786861
0.0428685893421061,38.2041732291691,0.000130713372794332
0.0866824379353784,5.45886155799963,8.2784313426891e-05
0.0352394253318198,67.4666583910584,0.000148172935063127
0.0582480240450241,54.5219571678899,9.55170921150299e-05
0.0704232723498717,35.4526229307521,6.76536845870335e-05
0.058632436208427,53.5270225442946,9.46373537721701e-05
0.0723048385162838,61.4627922256477,6.33476660506594e-05
0.0119591201236472,43.507890959736,0.00015143121221212
0.0549417453329079,5.99074751720764,0.000130629295295021
0.0899225607793778,52.7227366273291,2.30289996185182e-05
0.0807684654952027,7.01426931307651,7.01020682613243e-05
0.0965131010184996,11.6309964191169,1.35194744765046e-05
0.0355333728296682,49.841157613555,0.000147500227721206
0.0533194081718102,20.7026299694553,0.0001068156885403
0.0183004357246682,49.5620662521105,0.000165943496186201
0.0666566167678684,53.682857848471,7.62737847173259e-05
0.028513536634855,50.0538284122013,0.000163565325678837
0.0227201795927249,40.7289137819316,0.000176058207728962
0.0757834716630168,40.6198304810096,5.53867135853838e-05
0.0304128222283907,54.1069612733554,0.000159218755721519
0.0142655839468353,52.3093884612899,0.000156709621312695
0.0595620128652081,33.0417547549587,9.25099907346465e-05
0.0347892493009567,56.8572975078132,0.000149203175916801
0.0809969034115784,47.6034638169222,4.34556243958739e-05
0.0314705296861939,50.4272351134569,0.000156798161643743
0.0633032532176003,44.8776751291007,8.39480540916472e-05
0.0716903819818981,64.2902227398008,6.47538675832403e-05
0.0774945835303515,52.1049518708605,5.14707846374252e-05
0.0650596927618608,58.0753462470602,7.99283914453805e-05
0.0800424521160312,52.2103176882956,4.56399137629226e-05
0.046191288495902,34.4598537846468,0.000123109279777331
0.0806298824818805,36.8781733477954,4.42955623979109e-05
0.0603327795723453,59.7800002538133,9.07460688554166e-05
0.0280061527108774,49.5006113336422,0.000164726488448825
0.0902161088795401,67.5684918439947,2.23572063097415e-05
0.0152359664742835,18.462825253373,0.000158892860559389
0.0943989910185337,63.2495555689093,1.27845596776435e-05
0.0958176179672591,18.1782021606341,9.84698392494216e-06
0.0763252226472832,53.6029301676899,5.41469008049498e-05
0.0669076149747707,46.009982827818,7.5699368068679e-05
0.052869137970265,60.5186829948798,0.000107826828310554
0.0938451930182055,45.0411525694653,1.40519424024124e-05
0.0432824327773415,37.1656683878973,0.000129766280135519
0.0460684766829945,50.210975894006,0.000123390338159601
0.0493893875787035,64.4541133078747,0.000115790337622901
0.0935654397704639,26.5466356428806,1.46921657928464e-05
0.0550490722293034,39.5692281320225,0.000102837985773384
0.0148176898504607,25.706087652361,0.00015797313162527
0.0900722533557564,17.1411854901817,2.32456395316721e-05
0.0507937106001191,30.6379979208577,0.000112576503812951
0.0448994393413886,57.4901277071331,0.000126065713893141
0.0851534982887097,40.876060858136,3.3943136922072e-05
0.0793676356528886,16.5467542386614,4.78254688632132e-05
0.0252078308467753,21.4924353500828,0.000171130528887403
0.0570551807573065,18.5516020667274,9.83740959440972e-05
0.0515445655095391,69.5995260938071,0.000110858150658113
0.0524338052421808,8.17790021304973,0.000117492762522778
0.0953389991843142,50.0464717333671,1.06333238303749e-05
0.0997348103090189,9.44603097857907,1.21194129418334e-05
0.0942443177266978,66.4273281418718,1.31385339750224e-05
0.0257493064855225,14.1303282859735,0.000170497746160588
0.0828467498579994,56.031225513434,3.9222197355185e-05
0.0192523846239783,26.8679805798456,0.000168122058747158
0.0910970684653148,56.7809977021534,2.03411048439208e-05
0.0648286498547532,68.8738499593455,8.04571398138741e-05
0.0723500795452856,37.1687167219352,6.3244130648629e-05
0.0549787081428804,47.7134814753663,0.00010299901601821
0.0456163746165112,44.0696010983083,0.000124424986801441
0.0267416818067432,49.8697750386782,0.000167620266647595
0.0749159806012176,64.432775801979,5.73719919449375e-05
0.0112620487436652,35.3068216296379,0.000149835944218382
0.0507081304257736,9.34448997490108,0.000118823482383556
0.0229148399271071,29.4101733493153,0.000176378104858997
0.0694383732462302,25.8482042502146,6.99076546426417e-05
0.0210552409058437,53.8408153166529,0.000172247947438564
0.015426970643457,43.4717141662259,0.000159367488324137
0.0360061726439744,68.9694423810579,0.000146418211685448
0.0266141944425181,57.1875786886085,0.000167912025164147
0.0591919974586927,35.0723560061306,9.33567816834004e-05
0.0860792842507362,27.8877330129035,3.18244489990197e-05
0.0167006930941716,67.1357207279652,0.000162282438954564
0.0412040518131107,62.2745015623514,0.000134522715023318
0.0678986224532127,43.3222787245177,7.3431418820849e-05
0.0994729211600497,41.542427710956,1.17272394651063e-06
0.0446124096796848,40.9997221431695,0.000126722589567166
0.0797620546771213,43.6910935456399,4.62816114034579e-05
0.0300256095244549,43.725206698291,0.000160104903182305
0.0264832624094561,34.103267864557,0.00016821166690486
0.0373671888234094,36.1070713866502,0.000143303486834647
0.0772935090074316,46.0095128417015,5.19309494928216e-05
0.0324461283558048,51.6449830192141,0.000154565475900133
0.0267693286552094,15.0016603595577,0.000168006864967841
0.0165216404083185,8.68358440464363,0.000159490603030818
0.0647752842050977,5.04757326445542,0.000125152173742115
0.0557657889463008,61.0061305598356,0.000101197758858269
0.0436913184635341,59.0373859892134,0.000128830533428635
0.0282627920224331,25.8145581325516,0.000164139161969189
0.0542248578974977,5.49956913571805,0.000137026885922137
0.0629348676721565,41.6714736097492,8.47911150562466e-05
0.0227365339850076,63.401281691622,0.000176095635228232
0.0963699350738898,31.2235066399444,8.27399726000452e-06
0.0569113622605801,33.75870225369,9.85760812292177e-05
0.0444575686869212,36.0981936659664,0.000127076947652964
0.0123357114894316,11.5043276315555,0.000151552507026041
0.0311454142909497,43.4998617868405,0.000157542197619396
0.0193485991074704,47.2166763362475,0.000168342248372578
0.0690759219205938,67.2321649512742,7.07371349737531e-05
0.0763614114932716,22.3817838355899,5.40640815852925e-05
0.0858317329757847,68.7671390629839,3.23909772443043e-05
0.0630185160692781,39.5495616458356,8.45996832825608e-05
0.022853765252512,17.7462877193466,0.00017626274629965
0.0684823527326808,34.6897666191217,7.20955352104283e-05
0.0568292121705599,39.3583421607036,9.87640840838109e-05
0.0968323197239079,25.4684861900751,7.21581662864825e-06
0.0471392766316421,49.1176913143136,0.000120939781538243
0.095677529333625,39.3643500679173,9.85858780244473e-06
0.0268780988943763,42.628697155742,0.000167308072201015
0.0820061890338548,9.23421901883557,5.12552860912494e-05
0.0990701038879342,11.2406769976951,8.52811839456004e-06
0.0699262045370415,69.7134595061652,6.87912386385942e-05
0.0799238902633079,62.4048898462206,4.59112459885159e-05
0.0269791237730533,17.7290396299213,0.000167197639961883
0.0431635429617018,55.2891103981528,0.000130038362913722
0.0573488089884631,15.5274209112395,9.83248008228065e-05
0.0699200812005438,29.8231690598186,6.88052520710922e-05
0.0913653451064602,59.4505569513422,1.97271459992786e-05
0.0294555665785447,66.6038390365429,0.000161409462934408
0.0395888283103705,62.5146172952373,0.000138219200678377
0.0254591322061606,17.6803876145277,0.0001706729244686
0.0161394076026045,56.4760186942294,0.000160997920889757
0.0190168335102499,13.2537714892533,0.000166976766468108
0.0878731730487198,38.91480646329,2.77190826535776e-05
0.0537371055851691,36.522923365701,0.000105840459345451
0.0824568227375858,45.3837119578384,4.01145568365089e-05
0.076163212696556,11.5096630144399,5.90825367787963e-05
0.0289621958555654,63.9330318232533,0.000162538556089024
0.027809505739715,49.5994453504682,0.000165176520724098
0.0521807739837095,63.244093983667,0.000109402169182851
0.0398322511627339,22.1164224098902,0.000137662120447468
0.0727108400524594,52.921489616856,6.24185198044224e-05
0.0833969526714645,69.4245743332431,3.79630423194289e-05
0.0309394560102373,49.639188045403,0.000158013539095608
0.0439448680169881,38.0026542302221,0.000128250277949688
0.0204849266377278,60.2975161245558,0.000170942766757754
0.0137176462798379,50.9787583956495,0.000155455650130078
0.0213263218803331,21.645406621974,0.00017286832408109
0.0403830306511372,33.4577625838574,0.000136401645674454
0.0495123446290381,50.0606839591637,0.000115508946860582
0.0340202796948142,38.9143538055941,0.00015096298507848
0.0295572507148609,53.3486602175981,0.000161176755850464
0.0921806517173536,60.1237652008422,1.78612932634007e-05
0.0421420128038153,24.1329715831671,0.00013237616419536
0.0411217340012081,17.5464028283022,0.000134916817904008
0.0962318263505586,23.0768625345081,8.59006306375637e-06
0.0836515268916264,24.8379358358216,3.73804418611148e-05
0.0875933957658708,7.25660444586538,5.32989430652861e-05
0.0417238655756228,55.9357702813577,0.000133333106208706
0.062451786804013,10.288958864985,9.1419412212901e-05
0.0556559094879776,16.6406251536682,0.000101881959642814
0.0304273284529336,30.8957337518223,0.000159185557807521
0.0447199180233292,38.6604959541,0.000126476553616472
0.0736881002248265,16.0793602420017,6.08925363053517e-05
0.0167989524896257,35.4954107210506,0.000162507308420093
0.0879840782633983,28.8154438370839,2.7465272865375e-05
0.0662409393093549,26.2819738918915,7.72250745914021e-05
0.0574376623379067,21.8926226941403,9.73716282957421e-05
0.0496941042714752,41.3035393902101,0.00011509298466724
0.0552325960318558,10.6630251812749,0.00010669640603655
0.017495572399348,8.63047538325191,0.000161541799430098
0.0272209000424482,10.5187958176248,0.000168745179266147
0.0656046346528456,24.350919816643,7.86812761827258e-05
0.0227367066312581,46.218234001426,0.000176096030334165
0.0286826812406071,23.3383621892426,0.000163178233361438
0.0576598376524635,6.51512697106227,0.000120341898292817
0.0630357200303115,15.0123843364418,8.56147026325855e-05
0.0258273627702147,45.8722567977384,0.000169712712180329
0.0797519923071377,11.7345337930601,5.07633100005686e-05
0.0863081196369603,15.7218379969709,3.23152199816811e-05
0.0897546523367055,40.6127218180336,2.34132629409925e-05
0.0476422582543455,16.7149626405444,0.000120147770145526
0.0516322084912099,25.3712933184579,0.00011065757716227
0.0375698664691299,66.4410396444146,0.000142839653186402
0.0533164194785059,27.6127019955311,0.000106803211655534
0.0229139837995172,30.4051137540955,0.000176380064131723
0.0179838550765999,7.60341545683332,0.000161057531048872
0.0398878234741278,36.8284444126766,0.000137534941607179
0.0255073511996307,59.1912772564683,0.000170445067905781
0.0422726593073458,15.0942636362743,0.000132759071554706
0.0842754577635787,13.1290059525054,3.87897059006365e-05
0.0649060662440024,22.0626549841836,8.02799701702669e-05
0.0895332916174084,62.6358882570639,2.39198533429319e-05
0.0820800257008523,52.8590027568862,4.09768677419601e-05
0.0801389467855916,12.8785788407549,4.8411817616398e-05
0.0518563509965316,37.023095212644,0.000110144620562639
0.0893734075897373,47.2587943868712,2.42857525598245e-05
0.0951182531099766,23.6587462387979,1.11385075995653e-05
0.0722634197818115,7.39365115645342,8.24738433345936e-05
0.088393766139634,12.7492585172877,3.00010744685032e-05
0.0585657701548189,9.29473379859701,0.000101882390707088
0.0676536692120135,20.9470369457267,7.40043250419784e-05
0.0352368157939054,64.4633374304976,0.000148178907066042
0.0812738195736893,59.2444280628115,4.28218937578785e-05
0.0721128355595283,41.224876109045,6.37870703647816e-05
0.0627007760573179,60.8890582516324,8.53268404804698e-05
0.082503141281195,52.6416746538598,4.00085555111664e-05
0.0265137906000018,5.79312586924061,0.000170459996811347
0.0918760430254042,26.8153546052054,1.85583990560583e-05
0.0747600954957306,53.2604699220974,5.772873951287e-05
0.0946106845955364,59.644192729611,1.23000928101598e-05
0.0559658364974894,63.9590305683669,0.000100739944257352
0.0819617253844626,16.4275469328277,4.19417919788684e-05
0.0296060504484922,66.6642949904781,0.000161065076250066
0.0602829646016471,64.4149456592277,9.08600718551753e-05
0.0862607742054388,50.0898367946502,3.14091039938503e-05
0.030203585785348,51.3210597191937,0.000159697599366941
0.0837646962259896,21.8321933306288,3.71214505695961e-05
0.0592921428033151,15.1881190389395,9.40439585052402e-05
0.0827321061259136,5.08731098030694,9.57235109473189e-05
0.0374342682724819,42.4849257618189,0.000143149973577302
0.0614208097592928,6.5906737849582,0.000112465661899421
0.062957999734208,33.0218072456773,8.47381766638818e-05
0.0821122656855732,69.6760034968611,4.09030856054086e-05
0.0819145988044329,55.0916279526427,4.13554519741346e-05
0.0999243025085889,62.5331863248721,1.39724688509809e-07
0.0696528283250518,11.3573798700236,7.3787082132386e-05
0.044166415296495,18.283627590863,0.000127873090918032
0.0248764512361959,37.7185276988894,0.000171888900700844
0.0997676698211581,6.50963249965571,4.12180408451994e-05
0.0955276018963196,15.8033774024807,1.12724718643118e-05
0.0410152875608765,12.8747422981542,0.000136488747971348
0.0919402345316485,8.58737086877227,3.20234201850138e-05
0.0227083922689781,69.5387868164107,0.000176031232097993
0.0471905117062852,58.6442991206422,0.000120822528589575
0.0433416652143933,42.2984150063712,0.000129630724991909
0.0340022314665839,63.7444072728977,0.000151004288970257
0.0304819087870419,37.0904760423582,0.000159060649135912
0.0467320424527861,19.1888420993928,0.000121945467191211
0.0636349469609559,15.7376174686942,8.39301923437166e-05
0.0858026512293145,57.1725449443329,3.24575316613672e-05
0.0610306669934653,24.3954117095564,8.91489333279559e-05
0.0740581290004775,69.2897528340109,5.9335210119342e-05
0.067345582365524,58.5735974088311,7.46970670406437e-05
0.0251021587685682,8.61385427997448,0.000175061848636028
0.0702702079853043,7.26928520249203,8.78712973971973e-05
0.055577062915545,30.7130595541094,0.00010162966383256
0.0234197177668102,42.0020607544575,0.000175222677335281
0.0518026963598095,42.4015672958922,0.000110267410749033
0.0246624049427919,11.9182756787632,0.000173678808501817
0.039634371297434,48.87524254038,0.000138114974236597
0.0650529045728035,48.4835879527964,7.99439264121708e-05
0.0468829606100917,22.8609064489137,0.000121526368159361
0.069107195304241,59.6345010423102,7.06655649316871e-05
0.0728510056948289,26.7252570786513,6.20977466820204e-05
0.0362492467043921,13.1841682782397,0.000147053496345153
0.0517094572423957,37.6517823152244,0.000110480791163215
0.0965925798588432,6.4376149175223,4.84013236543119e-05
0.0660359977954067,59.3789827043656,7.76940891674964e-05
0.0658297564368695,36.2585947592743,7.81660784754896e-05
0.0235323994630016,30.3393458144274,0.000174964802017808
0.0593407091847621,12.1535360335838,9.5909346589183e-05
0.0628123484295793,11.978342795046,8.83182184700444e-05
0.0515164854424074,56.429422510555,0.000110922412703068
0.0678757350798696,28.696099750232,7.3483797236035e-05
0.0724155206885189,28.4130070975516,6.3094366701533e-05
0.0774278411385603,29.2886876664124,5.16235265294432e-05
0.0404893550928682,53.6895666713826,0.000136158319117495
0.010162721616216,31.5807445626706,0.000147320102324094
0.032130127735436,40.707173969131,0.000155288652450129
0.0386997613287531,28.1690044561401,0.000140253856153832
0.0750447633257136,37.4422802869231,5.70772689589785e-05
0.0731843695952557,47.0781510043889,6.1334833763931e-05
0.0775712715531699,38.8146682293154,5.12952818814399e-05
0.0840073274914175,11.7183390446007,4.12867470596001e-05
0.0335113905696198,33.1775762327015,0.000152127592544942
0.0728925354266539,54.2455021629576,6.20027046908104e-05
0.010119023444131,56.1631681642029,0.000147220097794695
0.0325967912841588,46.103426979389,0.000154220679435455
0.0245744381472468,68.918438013643,0.00017258006638104
0.0737352982815355,37.7704340522178,6.00740175472658e-05
0.0267851952835918,27.6584984385408,0.000167520684798582
0.0595334091805853,55.0840822805185,9.25754510933588e-05
0.031067898827605,7.47623427771032,0.000165507510172608
0.0692106715962291,55.0122705055401,7.04287564477073e-05
0.0614339017681778,59.6783315041103,8.82261188952679e-05
0.0680049517145381,64.3421234330162,7.31880812341093e-05
0.0969829075084999,50.7228165178094,6.87119213264056e-06
0.0981993904244155,49.1057797428221,4.0872358314368e-06
0.080726762698032,24.390786368167,4.4073849224065e-05
0.0717471171356738,52.3627626907546,6.46240275445623e-05
0.0577989876596257,5.92613266664557,0.000126220220910334
0.0641996244201437,34.7982329071965,8.18966826955598e-05
0.0881210572319105,17.1167821856216,2.77054467246945e-05
0.0522976805362851,12.0145318319555,0.000111805778038212
0.073017945336178,21.4951274602208,6.17157004893663e-05
0.0609757863148116,67.0188155444339,8.92745293467355e-05
0.0859301514807157,45.1414789189585,3.21657436521403e-05
0.030046590664424,60.1574452035129,0.000160056887237273
0.0801408276637085,49.9191124876961,4.5414778479675e-05
0.0407853890978731,48.3459512435366,0.000135480836743661
0.0594207673612982,47.5743452750612,9.28332351513842e-05
0.0763454267429188,35.0876512960531,5.41006631483261e-05
0.0167162707983516,42.088944199495,0.00016231808898067
0.0120602368889377,45.3968033753336,0.000151662620851078
0.0602139755035751,64.7161909751594,9.10179553994316e-05
0.0631829185504466,67.5956236105412,8.42234434542866e-05
0.0497550908313133,34.9637298728339,0.000114953415162952
0.0720198828307912,15.2459279820323,6.50831608056502e-05
0.0734592696162872,44.9930622975808,6.07057171230485e-05
0.0206487739435397,26.3696441985667,0.000171317736051184
0.0671441723150201,54.8905378510244,7.51579997606105e-05
0.0930849380348809,9.97316158027388,2.49350642572764e-05
0.0396866457490251,33.7764427729417,0.000137995342643753
0.0910188162955455,69.6853546542116,2.05201871953963e-05
0.0951968163531274,12.4479941325262,1.51451349349738e-05
0.0469375505833887,55.9718125639483,0.000121401437428189
0.0454085499583744,34.6687987912446,0.000124900599536314
0.0537714131339453,36.2130378419533,0.00010576194552882
0.0418045274587348,52.7215023443569,0.000133148509158621
0.0582865747227334,7.25143117830157,0.000112071646648935
0.0776038954500109,65.5266737169586,5.12206211509093e-05
0.0432806808967143,52.8617905138526,0.000129770289364952
0.0952969367825426,53.7087111407891,1.07295848521481e-05
0.0778646163921803,5.45660224976018,9.76749135528956e-05
0.0229683805909008,34.0068879304454,0.000176255575502942
0.027075014107395,53.8428061176091,0.000166857426046504
0.0916571428347379,44.8444254614878,1.90593584671337e-05
0.0354886805848219,58.5745853406843,0.000147602507214841
0.028764281750191,29.0452537906822,0.000162991488237552
0.0757698667235673,8.91540251788683,6.56561937549843e-05
0.0400156679493375,69.351554895984,0.000137242365831821
0.0115157584752887,24.9023422307801,0.000150416566269698
0.0206122299772687,47.6069545629434,0.0001712341041285
0.0579179702419788,33.2389540132135,9.62724297796223e-05
0.0968780847475864,52.3312027635984,7.11108204966017e-06
0.0357693366683088,59.5177700510249,0.000146960217658718
0.0132696665381081,51.4598160411697,0.000154430435547544
0.0301299561723135,59.9881562648807,0.000159866102863768
0.0157830688008107,66.6880444006529,0.00016018242924607
0.0843528061336838,16.9758841919247,3.63420730429025e-05
0.047513838801533,48.3342003647704,0.000120082585190133
0.0410922199371271,32.3411631514318,0.000134778645502691
0.0403968596598134,40.3410857333802,0.000136369997588534
0.0758718448341824,58.069320890354,5.51844690297843e-05
0.0114594694273546,65.5895277427044,0.000150287747157128
0.0961893748189323,32.2851369471755,8.68721462044539e-06
0.0723765813210048,44.491545886267,6.31834805691735e-05
0.0760555986571126,9.84641641145572,6.25445191004727e-05
0.090705329219345,13.2086155470461,2.41874961421003e-05
0.0328503363532946,14.4795352802612,0.000154322315244296
0.0218033035099506,32.7780851430725,0.000173959910322014
0.0513773889746517,68.2370083895512,0.000111240738988475
0.0749525688868016,55.9142874134705,5.72882585962245e-05
0.0468733661179431,30.1654619234614,0.000121548325431859
0.0411205441900529,24.5282291655894,0.000134713824631491
0.0573642773716711,14.0742295293603,9.8916928365462e-05
0.0641538814408705,24.6461377479136,8.20013668252893e-05
0.0945990285743028,52.1399315958843,1.23267679515332e-05
0.0997520792507567,17.8021578921471,9.59649389524515e-07
0.0925185082550161,40.4799846175592,1.70880988151906e-05
0.0146748640434816,32.6063478575088,0.000157646270639298
0.0806386219570413,25.3222280845512,4.42755618564935e-05
0.058383951629512,31.4418753562495,9.52060179105411e-05
0.0616315668472089,64.7887491888832,8.77737566507209e-05
0.0129093712684698,40.576781447744,0.00015360588941288
0.0554551046947017,26.3746649003588,0.000101908768744727
0.068978129606694,65.6924884964246,7.09609355096495e-05
0.0187285824376158,46.5674844151363,0.000166923322309327
0.0485722683183849,18.6599847848993,0.000117759777748499
0.0765549590671435,54.6060326672159,5.36211423702704e-05
0.0323562755691819,65.034364326857,0.000154771106598458
0.0179563620570116,59.0436778857838,0.000165156073656366
0.0327837143046781,46.5045692026615,0.000153792900702185
0.0591822108742781,40.2247131755576,9.33791785645992e-05
0.0136430528736673,34.728019493632,0.000155284940964812
0.0774663320952095,32.1572934288997,5.15354388630231e-05
0.0811984791094437,25.1379970984999,4.29943125871344e-05
0.0778600440220907,68.3662607462611,5.06344177427428e-05
0.036092049474828,65.4834517929703,0.00014622168007678
0.0133439961867407,19.0978161327075,0.000154578436471183
0.0343540238612331,19.4130348146427,0.000150246811561659
0.0364049012446776,52.6977847609669,0.000145505709762179
0.0580694605899044,23.4784803586081,9.59257397413479e-05
0.0715521167474799,48.0034537077881,6.50702915671367e-05
0.0322238527308218,39.1802475240547,0.000155074160090169
0.0456911044800654,29.6015246363822,0.000124253965349509
0.0638122878107242,7.36740846652538,9.98479021875074e-05
0.0922387481341138,32.1370067819953,1.77283379350512e-05
0.0840606076247059,56.5408545918763,3.64442487837953e-05
0.0161311680870131,23.9338768378366,0.00016097906452026
0.0513213236187585,30.6514320324641,0.000111369046175346
0.0428475858224556,54.4893518451136,0.000130761439955912
0.0441925457748584,6.84413577662781,0.000143211332510451
0.0401113664847799,35.4562519257888,0.000137023356968421
0.011908185435459,13.3827413094696,0.000150956654254598
0.0977278087311424,12.5845293595921,9.2544134079094e-06
0.0213208176731132,43.84286158951,0.000172855727543833
0.0690810609492473,12.4846397317015,7.3723235534578e-05
0.0440801246929914,30.4548572935164,0.000127940739138651
0.0904392526391894,49.5424628292676,2.18465353684384e-05
0.0141287277522497,33.3463311078958,0.000156396421957168
0.0327650892548263,15.4346075444482,0.000154284941321681
0.0501649623340927,5.69254720583558,0.000142003033257716
0.0833727328898385,21.4559087494854,3.8018469989468e-05
0.0879854827560484,12.0549714926165,3.18960492016973e-05
0.0713232609094121,20.5242353922222,6.56294393636603e-05
0.0620726984902285,38.5221803188324,8.67642141399487e-05
0.0458987125917338,69.6624079812318,0.000123778848187485
0.0412960038683377,12.4481295060832,0.000136128244537471
0.0656443898100406,40.0833850435447,7.85902953568298e-05
0.0104829607973807,5.54643839714117,0.000141905287372696
0.0359211291000247,48.0031124816742,0.000146612836292961
0.0404795030038804,60.9338588023093,0.000136180865907803
0.0533058540057391,43.588727255119,0.000106827391045231
0.0849734580051154,60.3712650958914,3.43551643130244e-05
0.094383717472665,18.982214636635,1.29854382281325e-05
0.0657338925055228,63.6043587047607,7.8385465852196e-05
0.0545401760633104,42.5550427567214,0.000104002609352918
0.0415927198040299,43.6981783725787,0.000133633237096222
0.0403229042841122,22.6230293966364,0.000136539246602637
0.0188320651627146,38.0393918289337,0.000167160145515666
0.0560979789611884,35.7383506686892,0.000100437532411153
0.0110859805811197,40.1817112392746,0.000149433007141217
0.0471146869147197,17.97348132357,0.000121174517003848
0.0135189713491127,10.5270253494382,0.00015390087188606
0.0182991966488771,60.0435096421279,0.000165940660525452
0.0145341324131005,11.4040152053349,0.000156424886847141
0.099975139379967,60.1600703003351,2.33830395191688e-08
0.0659774030745029,32.7359168778639,7.7828184879276e-05
0.0835512669244781,68.4541760571301,3.76098896927688e-05
0.0671781370649114,5.36462193354964,0.000116914228495323
0.0924180328520015,30.2675500663463,1.73180396780492e-05
0.0543034401256591,37.6839128695428,0.0001045443863863
0.0124417852703482,11.5038659540005,0.000151788787290998
0.0355961836059578,35.7382367551327,0.000147356483444861
0.0199448023503646,25.7663238153327,0.000169706676720184
0.0931318486970849,58.8841801253147,1.56844514921243e-05
0.0615985856927,31.304814722389,8.78492349757468e-05
0.0226489890506491,17.5174722960219,0.000175780071882708
0.0912479277187958,33.1101794214919,1.9995859083517e-05
0.0457352007296868,42.0024164335337,0.000124153049808167
0.0749998098169453,66.2479025463108,5.7180146362647e-05
0.0690680901845917,62.7154065330979,7.07550581278781e-05
0.0438546716771089,58.3626427594572,0.000128456694879566
0.0194920380506665,21.728536428418,0.000168670512538498
0.097408824278973,50.8872521517333,5.89646929729802e-06
0.0361739930766635,28.1779966200702,0.000146034149776364
0.0603092569345608,9.04135250137188,9.86619793727548e-05
0.0923780021187849,26.8810748879332,1.74096511676328e-05
0.0985120714548975,45.1302835636307,3.37165625881111e-06
0.0241884850547649,69.3749334628228,0.00017346333118462
0.0710823342087679,56.7678737919778,6.61454024805181e-05
0.0301274793408811,43.3164217940066,0.000159871771164065
0.0179359354428016,58.7093401746824,0.000165109326759555
0.0145282879215665,66.7828610388096,0.000157310826949237
0.0100207666680217,53.6397078563459,0.000146995234323613
0.0517045850097202,36.5938057622407,0.000110491941408467
0.0803889840492047,51.9244080095086,4.48468654214252e-05
0.0477744758408517,59.9550047866069,0.000119486109795004
0.0590533297671937,35.7225665659644,9.36741267019545e-05
0.09148131768452,20.0794985401444,1.9538662676073e-05
0.0305213541910052,7.67755266046152,0.000165694544850796
0.0111126884049736,14.1729076509364,0.000149236283057169
0.0758327408251353,64.167207282735,5.52739596843301e-05
0.0685992586775683,60.5614374147262,7.18279925777618e-05
0.0292364104883745,20.3930338530336,0.000161928447297326
0.0444776055845432,38.8838511542417,0.000127031092633825
0.0950505786924623,13.3636165293865,1.4176266034402e-05
0.0659998679161072,60.7925768895075,7.77767734401827e-05
0.0516101491870359,40.4026330146007,0.000110708060517237
0.0231274216296151,58.9908087078948,0.000175891605490634
0.0216303278924897,37.1251023735385,0.000173564050623629
0.0834951798594557,40.6785331619903,3.77382465616096e-05
0.010916117457673,64.8130504600704,0.000149044270475314
0.0746127449069172,57.4921716435347,5.80659555928052e-05
0.0208639021101408,55.05812594085,0.0001718100630762
0.0875809386861511,20.7740432512946,2.84149514709572e-05
0.0627714181924239,37.6539732026868,8.51651739131997e-05
0.0909434931189753,42.9582127532922,2.06925664613078e-05
0.0380793266743422,11.2488780019339,0.000144140653718876
0.0483766402932815,31.4995840971824,0.000118108039047137
0.0839236838929355,7.46614943956956,5.79245057054432e-05
0.0555980297853239,33.4076151333284,0.00010158168054527
0.0832746296492405,50.6908613513224,3.82429820900968e-05
0.0550748937088065,39.9707675469108,0.000102778892571475
0.0438092152331956,64.5897915726528,0.000128560723264846
0.0783119893888943,42.7848515450023,4.96001277126476e-05
0.0101563671277836,50.8985763124656,0.000147305559893714
0.0430495507549495,45.1594135619234,0.000130299237372479
0.0451090265880339,16.9533226487692,0.000125892186484904
0.0402056282362901,28.6234149860684,0.000136807636226562
0.0213789792382158,21.3660178927239,0.000172988831966046
0.0387796233897097,28.2170630374458,0.000140071089519859
0.0698752511572093,12.1303486393299,7.23411839533e-05
0.0347392934095115,32.8134215914179,0.000149317501417761
0.0100181211926974,10.343825079035,0.000146119790033735
0.0843599538854323,42.4118043063208,3.57591862170399e-05
0.0356537904776633,56.4454550831579,0.000147224648454513
0.0428960181772709,9.41711309831589,0.000135659835663843
0.056279074086342,53.0381925043184,0.000100023090984814
0.0210131855029613,41.8617452227045,0.000172151702433951
0.074689334211871,21.7711954435799,5.78906787555053e-05
0.0577274680021219,14.7908789943904,9.77688377091506e-05
0.0146389745362103,30.8067278249655,0.000157564136464944
0.0519981634942815,47.6494532637298,0.000109820078564116
0.0820120873162523,27.9320638801437,4.11323466980771e-05
0.0967603457253426,45.8403198828455,7.3805312039267e-06
0.018173275757581,29.3789532710798,0.000165652486927458
0.0666001072130166,62.0051412063185,7.64031084663483e-05
0.0241639037197456,37.5782890780829,0.000173519586280046
0.0285104369441979,19.9142965814099,0.000163600149789627
0.0518586676497944,33.1462724332232,0.000110139318834711
0.0221545095695183,63.3803329477087,0.000174763655536815
0.0800337912421674,47.8192449081689,4.56597344230007e-05
0.0206462346669287,61.4227420079988,0.000171311924843292
0.0229809865751304,44.942161507206,0.000176226726343805
0.0700232906127349,46.9132518314291,6.85690543492388e-05
0.0249737399653532,35.7958621531725,0.000171666252633181
0.0412846876075491,37.5337489531375,0.000134338177677916
0.0377991877752356,24.0721710131038,0.000142314844751543
0.0209207077976316,40.2308211941272,0.000171940064533323
0.0586810990655795,67.4791033752263,9.4525987417549e-05
0.0281474863714539,56.9503469648771,0.000164403042283008
0.0848436545743607,9.59541823365726,4.40388953268333e-05
0.0444120751949959,13.4598224679939,0.000128481665168162
0.0191261296300218,15.2543698740192,0.000167546561400532
0.0760329685453326,35.6454506446607,5.48157327614314e-05
0.0225748327397741,20.6300720886793,0.000175716173572655
0.0803226277069189,15.9317302401178,4.58309962330745e-05
0.0181572544621304,14.8367262270767,0.000165288519488847
0.0968579988996498,11.8823616416194,1.23226124099062e-05
0.0101917495299131,40.5242830829229,0.0001473865335433
0.0226011268328875,63.8193570054136,0.000175785752048254
0.0162673950940371,50.6452605000231,0.000161290823961874
0.0361050662351772,26.9783608033322,0.000146191890844625
0.0985756989638321,14.9798139429186,4.89844207157024e-06
0.0347033730987459,24.358074713964,0.000149399706086802
0.0636460273549892,16.8922469427343,8.3607641349375e-05
0.0859631532127969,36.4489502145443,3.20902182347457e-05
0.0658578734262846,32.2943399427459,7.81017319328222e-05
0.0573653565207496,36.2956573755946,9.75371022474552e-05
0.0390036721224897,64.9673033843283,0.000139558347521399
0.0445565270702355,55.7465781760402,0.000126850478533521
0.0261021638219245,50.782040640479,0.000169083822033598
0.0884067724645138,65.3376719669905,2.64979249731178e-05
0.0704693763377145,30.8436841249932,6.75481742787617e-05
0.0222895376500674,23.4652832301799,0.00017507267120055
0.0507025742717087,31.1329556535929,0.000112785071933742
0.0508718026126735,36.0128070029896,0.000112397787985889
0.08022295036586,13.3482541807462,4.76772630134329e-05
0.0410833426425234,48.2945926196408,0.000134798961447886
0.0597234058869071,49.7108330891933,9.21406381413211e-05
0.0453058100794442,28.9925346360542,0.000125135722717734
0.097990779124666,43.8915203849319,4.56464881836951e-06
0.0942384529300034,13.5385892807972,1.58456923807663e-05
0.0340050923358649,36.8939995986875,0.000150997741788248
0.0643699366250076,63.6147748713847,8.15069182938577e-05
0.0884448759048246,50.9623565536458,2.64107241490347e-05
0.0482771426183172,44.3792098062113,0.000118335742351103
0.0504755905107595,67.7840404771268,0.00011330453082897
0.080180670726113,8.91314172651619,5.61648805609863e-05
0.0276206247485243,51.8098186445423,0.000165608780329821
0.0467286282521673,35.0877071707509,0.000121879562219632
0.0779289503069595,55.79168116441,5.04767237188951e-05
0.0808631407050416,61.5471261076164,4.37617442146212e-05
0.0472413380374201,8.46175234997645,0.00012794428517752
0.0961819988908246,33.5680848138873,8.70409464503416e-06
0.0151686962530948,15.5783365934622,0.000158583382920388
0.0334004571917467,53.0049692909233,0.00015238146678543
0.0976944638020359,64.9756255513057,5.24277499571781e-06
0.0108662271965295,14.7199123923201,0.000148724661297144
0.0409435400203802,60.4274455911946,0.000135118903788011
0.0761955969128758,5.70199491805397,9.68148244706035e-05
0.0521896648989059,56.7972609621938,0.000109381822066537
0.052066568499431,18.5456058580894,0.000109780379354082
0.0695319478702731,26.9668533396907,6.96935064118455e-05
0.0591235015308485,50.9421018545982,9.3513536593341e-05
0.0671119464957155,36.487931185402,7.52317494791974e-05
0.0498568235198036,41.4234732789919,0.000114720596965955
0.0363946791784838,50.7886421785224,0.000145529103256012
0.0959363465779461,22.8569056722336,9.26627706074753e-06
0.0841578304511495,63.1951700104401,3.62217515363968e-05
0.0453241566405632,11.1283589724917,0.000128134580027741
0.078344029947184,49.579938845709,4.95268019692461e-05
0.0330620393599384,24.6393077471294,0.00015315594577151
0.0383770304382779,51.5032564545982,0.000140992435121425
0.0909017040301114,6.96324179065414,5.09448466678982e-05
0.0952393054356799,12.9749213485047,1.42818966095209e-05
0.0535745586059056,64.6217820618767,0.000106212452804004
0.0791222566529177,6.57883222331293,7.90935502199902e-05
0.0129909162898548,44.342638484668,0.000153792507550419
0.0971540373261087,33.230454067234,6.47955660054833e-06
0.069033156989608,16.3189316657372,7.144458770012e-05
0.0234223147318699,16.1149914399721,0.000175439711586255
0.0244274790561758,63.5355233470909,0.000172916386507081
0.0416458129580133,68.5818621364888,0.000133511731879298
0.0683149447734468,8.70318001834676,8.2274900414334e-05
0.040588320705574,5.93513601459563,0.000156702446391496
0.0543513304437511,68.6786002921872,0.000104434788009641
0.0280597148952074,47.8899869066663,0.0001646039098424
0.0339048158563674,44.7492644796148,0.00015122722740889
0.0531579249189235,9.84900355222635,0.000112599579321147
0.0360704344324768,43.8151082699187,0.00014627114672573
0.0130098269530572,31.5835047455039,0.000153835785149548
0.0191954449517652,11.8301076604985,0.000166950682100437
0.0546151115559042,49.124493150739,0.000103831117312988
0.0198847192130052,24.461594063323,0.000169569174724341
0.0346574210957624,20.418163437862,0.000149524873668678
0.0785575018916279,28.9586155919824,4.90382652564905e-05
0.0257693751086481,62.8638894716278,0.000169845418619275
0.0644594681123272,47.5379528373014,8.13020228982721e-05
0.0962652583257295,65.5268173990771,8.5135530226196e-06
0.0990357942855917,63.0414267687593,2.17310142871884e-06
0.0945932210888714,24.8021172941662,1.23400585497401e-05
0.0510100416536443,56.8767425988335,0.000112081423946454
0.0452898508310318,40.2864532941021,0.00012517224591884
0.0613981610187329,7.72753857076168,0.000101379158774342
0.0285717372596264,16.5096945886035,0.000163666418583851
0.0165272024925798,40.4857416183222,0.000161885400700116
0.0200541532458738,14.1349184105638,0.000169485403903181
0.0417581057548523,63.4346201654989,0.000133254746569229
0.0262946972274222,32.6737570634577,0.000168643203772203
0.0130113783176057,52.695146285696,0.000153839335492141
0.0200432402594015,28.5878056869842,0.000169931954719205
0.0360371058899909,32.0092702156398,0.000146347420058178
0.0747882504761219,20.5496810807381,5.76999895562018e-05
0.086578751844354,8.16418753005564,4.50489597352196e-05
0.0934391438099556,54.2577583808452,1.49811977475689e-05
0.0355383697012439,50.1533274166286,0.000147488792236229
0.0237077074078843,27.558494140394,0.00017456360472073
0.085691782203503,33.8189148681704,3.27112586303021e-05
0.0929188068909571,45.1214628375601,1.61720038209157e-05
0.0712870473996736,25.71977264015,6.56769104283032e-05
0.0139927631616592,38.4450244589243,0.000156085263063144
0.0749264920945279,5.4104181798175,0.000103316085441825
0.0572433511097916,43.0560482747387,9.78163151555642e-05
0.0500562541838735,64.308789151255,0.000114264194129033
0.0684508378244937,20.812329571927,7.21868874533882e-05
0.0709477861179039,29.5609350886662,6.64533196739904e-05
0.016918488885276,63.0496171640698,0.000162780870915332
0.0761235021101311,29.2141248343978,5.46085440825821e-05
0.0584366002911702,65.7149739610031,9.5085529927146e-05
0.0278379647317343,58.0258042318746,0.000165111391498589
0.0797095002909191,58.6467654013541,4.64018836347482e-05
0.0595244064088911,58.9167323731817,9.25960541965002e-05
0.0804691262962297,38.039684247924,4.46634575735396e-05
0.0253637943649665,24.7941999160685,0.000170773601869732
0.0400661507062614,67.212719648378,0.00013712683458399
0.0149004503944889,18.7440713925753,0.000158133165367437
0.0907140859402716,31.2763750611339,2.12175714180875e-05
0.074583477312699,38.6808828788344,5.81329353278092e-05
0.0316995845944621,35.5419169028755,0.000156273962868033
0.0983474907325581,42.7263671264518,3.74830399715493e-06
0.0930240818974562,57.79521993245,1.59310789268066e-05
0.0647469436284155,42.2234217636287,8.06441268736054e-05
0.0942244285182096,57.4359356064815,1.31840510033112e-05
0.0266154797445051,22.1363252738956,0.000167909083713413
0.0495909734605812,47.8595127526205,0.000115329002507754
0.0215139140700921,69.367540901294,0.0001732976342275
0.0570098840515129,60.3367657086346,9.83506112640542e-05
0.0200560645922087,25.7415632577613,0.000169961303575371
0.0745696006319486,29.7996180865448,5.81646925126487e-05
0.0985920650907792,60.323309910018,3.18858851182059e-06
0.0962948134192266,43.0913954076823,8.44591533720922e-06
0.054580129662063,50.7634062017314,0.000103911174387783
0.0687741911131889,46.3986447139178,7.14276546444795e-05
0.0761155334766954,28.500000127824,5.46267805304392e-05
0.0352130265068263,32.698399258079,0.000148233349536872
0.0887948275706731,38.6755033198278,2.56098496505035e-05
0.0866709233587608,63.498408125015,3.04704658059357e-05
0.0371136975451373,30.23471469176,0.000143883608949156
0.0551371443434619,60.8449664711952,0.000102636430195444
0.0878578430926427,14.4992341834586,2.95643310439233e-05
0.0717073927400634,33.6090159357991,6.47149379716831e-05
0.0134301427472383,46.5396398678422,0.000154797689988816
0.0751707245130092,36.9849693577271,5.67890031424258e-05
0.0511120096431114,53.2993222842924,0.000111848067256373
0.0858310831477866,5.62310219043866,8.14367952325672e-05
0.029805722720921,47.0860102074221,0.000160608120485434
0.0258190077100881,50.6640991417226,0.000169731832976833
0.0296494289976545,38.9028855692595,0.000160965803186962
0.0209665135573596,17.4541500548366,0.000171934347142547
0.0996594400890172,14.9994173808955,2.42232313569052e-06
0.0567413730523549,39.8420101776719,9.89651064437797e-05
0.0369873568043113,16.2830503785517,0.000144503796515749
0.0349267312884331,44.6070403698832,0.000148888544416161
0.014491541783791,28.6032931332011,0.000157226732351222
0.0416035929764621,7.66744657419622,0.000142836683277008
0.0421485873591155,46.9031402363908,0.000132361118135595
0.0550273824832402,61.8180901522283,0.000102887623383937
0.0479235929786228,65.5548265285324,0.000119144850916738
0.0408019997249357,24.4156844029203,0.000135442822843693
0.0779100060951896,45.0333300814964,5.052007809489e-05
0.0215700177941471,11.94331169012,0.000172298223866642
0.0725834337621927,65.228359507164,6.27100927808779e-05
0.0544954076479189,64.6041579381563,0.000104105063165045
0.0478253562771715,20.8609451144002,0.00011938139215474
0.0994182298495434,44.3134016101249,1.29788659081335e-06
0.0375237526325509,16.1502172739711,0.000143297893795143
0.0421059818728827,37.3107907932717,0.000132458622021849
0.074553850449156,18.6039066559169,5.83571942289782e-05
0.0260093743726611,61.4839546766598,0.000169296173369225
0.05120964538306,41.3412740163039,0.000111624625044488
0.0941270931856707,63.3656174864154,1.34068057241595e-05
0.068734830073081,61.2637202267069,7.15177335220344e-05
0.0648040244728327,67.7496680337936,8.05134957119061e-05
0.0879601412452757,13.6414097575471,2.99548597960917e-05
0.0812249559699558,58.0408787925262,4.29337195268504e-05
0.0270351052260958,37.1675403113477,0.000166948758674454
0.0412599726440385,26.5999504562933,0.000134394738586006
0.0548348981747404,17.0622630696744,0.000103681799910102
0.0179219694109634,48.5149010596797,0.00016507736509217
0.0795834580925293,5.3135947289411,9.70724322437058e-05
0.0690109273022972,59.4401188252959,7.08858770356299e-05
0.0678799065225758,44.3253961461596,7.34742507688755e-05
0.0815722700604238,7.78369819629006,5.88299407946096e-05
0.0241119111725129,66.7755653196946,0.000173638572726621
0.0503158497088589,47.5477754638996,0.000113670102269549
0.051604258553125,26.5699409006629,0.000110721541403142
0.0840005529648625,38.2300533994567,3.65816856080206e-05
0.0283286950713955,44.1569097933825,0.000163988340937486
0.0385327100823633,11.1045378725976,0.00014323912947262
0.0697631940594874,46.4876166498289,6.91642928263772e-05
0.0293146025389433,51.7457203171216,0.000161732063211943
0.069295760653913,8.82291185320355,7.98447073763195e-05
0.0619000578555279,9.65557686518878,9.38819643166437e-05
0.0390373528935015,40.2408972696867,0.000139481268103792
0.0671348587423563,11.3455915951636,7.94063181186244e-05
0.0106303971959278,24.2843569791876,0.000148390391400926
0.0496400152426213,61.9869310338981,0.00011521676897258
0.0744655965315178,21.3993276725523,5.84027089014998e-05
0.0864444340043701,25.2007146913093,3.09887932374696e-05
0.0867184629570693,34.2915795498993,3.03616700616337e-05
0.0662374646961689,37.9753582447302,7.7233026344071e-05
0.0131626736395992,24.4962055783253,0.000154185579207935
0.0297299884120002,39.4888501847163,0.000160781440639609
0.0970495650963858,41.1661002703477,6.71864431681021e-06
0.0952824927726761,54.0371023281477,1.07626403860619e-05
0.0417510524461977,40.7458932732698,0.000133270888269878
0.0495095444866456,42.4516972061247,0.000115515355067353
0.0933026098157279,46.6931470949203,1.52936597382681e-05
0.0586627480201423,55.6880801066291,9.45679843152531e-05
0.0786394578358159,27.6997141400352,4.88507067102437e-05
0.0133524994179606,49.7909680905286,0.000154620000986397
0.0415463292598724,18.2393736497033,0.000133866490029581
0.0243340466939844,15.9918288805056,0.000173372799712127
0.0441908146813512,54.6095962682739,0.000127687421902098
0.039727578018792,46.7721553705633,0.000137901667961726
0.0601593418186531,59.5595022605266,9.11429861659198e-05
0.0215680080652237,9.57886718562804,0.000171023130263333
0.0510766712669283,32.1255445689894,0.000111928940151308
0.0344884780328721,24.1051346634049,0.000149891499654069
0.0342094101943076,31.6508247365709,0.000150530154465797
0.0368439303711057,13.1971121090464,0.000145705263532799
0.080228328446392,61.4848928630818,4.52145304103229e-05
0.0393435273459181,44.9914689455181,0.000138780579023065
0.0544158724183217,36.4793110301252,0.000104287081836009
0.057861699864734,22.8115943644661,9.64012061637805e-05
0.0320671470160596,13.3449532906525,0.000156413767070193
0.071425354082603,63.9445598539896,6.53603915882914e-05
0.0227016774215736,16.7837027146015,0.000175849726098606
0.0286022423580289,64.1968128969893,0.000163362320068358
0.0407667430303991,7.52343246131204,0.000145449558865286
0.0184433916187845,32.1821711841039,0.000166270654880345
0.0935383866121992,59.9821366288234,1.47540777271883e-05
0.0124540031515062,59.1390365932602,0.000152563766320149
0.0220923840347678,40.7865933445282,0.00017462147945553
0.0335333457915112,6.17112467763946,0.000167778558818767
0.0228255249024369,22.9073825140949,0.000176299293514005
0.0817349231126718,52.4265422206372,4.17666449861424e-05
0.0300606128759682,39.671899206005,0.000160024797001007
0.0977887627063319,20.5092137551401,5.07662570556193e-06
0.0396539601194672,28.5781676496845,0.00013807014465139
0.0304258184530772,66.2503705825657,0.000159189013485821
0.0354654961987399,36.5022011322435,0.000147655565352261
0.0164327281969599,64.1606919327751,0.000161669193544921
0.0413827547850087,23.2350218144711,0.000134113748108822
0.0780455640377477,37.1566056995653,5.02098498266379e-05
0.0362841327930801,23.3455461740959,0.000145782091853051
0.0714327266369946,53.3557510829996,6.53435192845492e-05
0.0123571883770637,30.2903745928779,0.000152342202911545
0.0884270063578151,15.6497363152448,2.75339945906016e-05
0.0138539554923773,9.30796991218813,0.000154096391826087
0.0811725448723882,67.3363003903069,4.305366383796e-05
0.0135539506864734,21.1187522870023,0.000155080241339556
0.0829811045783572,18.7088644912001,3.90809120593815e-05
0.0822271544625983,49.599401068408,4.0640159319678e-05
0.0191195404692553,46.8852725462057,0.000167818041060777
0.0983871647529304,52.9540851176716,3.65750885522193e-06
0.0576928316103295,56.8393229565118,9.6787666043136e-05
0.0610374935506843,10.6385876436252,9.39039281555191e-05
0.0485781491454691,49.3868394766469,0.000117646880216663
0.038600286054425,27.6713467587251,0.000140481508193295
0.070740247995127,24.0629810327664,6.69282766644137e-05
0.0323972281441093,48.2343844999559,0.000154677385447484
0.0954725512955338,32.5289123668335,1.03276859650958e-05
0.0663178923260421,31.153076189803,7.70489653892916e-05
0.0881972553324886,17.6791464607231,2.73847972924795e-05
0.0357608792441897,62.9017733794171,0.000146979572718176
0.0528264660993591,58.5734137881082,0.000107924484120051
0.0811592322727665,21.9334739691112,4.30841301068384e-05
0.0336550952820107,48.1853099435102,0.000151798720158541
0.0210378706478514,41.2724493432324,0.000172208195101266
0.0653911905782297,53.7426532036625,7.91697491145747e-05
0.0981517033046111,12.0559245254844,9.14111074274432e-06
0.0907090262253769,16.5252180234529,2.19683620726007e-05
0.020372940429952,16.3460527174175,0.000170508426940124
0.0438820631499402,27.6524653634988,0.000128394008702563
0.0257420507958159,58.3425094652921,0.000169907951098679
0.0605417369608767,32.8977224661503,9.02678638343068e-05
0.0201103810430504,45.2620136272162,0.0001700856083425
0.0417849375680089,35.5339253833517,0.000133193341189563
0.0683948123455048,63.7646333838347,7.22958739158058e-05
0.0202579929376952,7.2018294443842,0.000164480453015545
0.0432998577272519,32.4401799263433,0.000129726402634185
0.0395752212963998,39.6411069051828,0.000138250340722999
0.0348281945358031,57.496227750089,0.000149114048621601
0.0369182699522935,52.7366150275338,0.000144330850641915
0.0658641978655942,18.7508087884635,7.82166635878367e-05
0.0612772248662077,46.3017378596123,8.85846785123295e-05
0.073804198782891,53.1269824842457,5.99163367591551e-05
0.0574411170440726,14.3764893524349,9.86026329374331e-05
0.0221652823057957,68.3324272546452,0.000174788309255045
0.0580754218413495,27.0138124364894,9.59120972451759e-05
0.0110578586882912,11.3560211402364,0.000148674567994106
0.0569751547882334,5.14495829236694,0.000136474872012514
0.0725960936001502,18.705440198537,6.28267370832703e-05
0.0838610545010306,16.7828613857273,3.75148801178648e-05
0.0789018549700268,61.8315597833134,4.82502032870991e-05
0.0939271755330265,40.1556057389826,1.38643230485042e-05
0.0413634443888441,53.7431675323751,0.000134157940508384
0.062354838505853,27.4594268330839,8.61185285622534e-05
0.0475170556921512,26.9177663582377,0.000120075223243007
0.0496957959281281,61.9443165580742,0.000115089113262113
0.0567151867924258,48.1658921844792,9.90250344562333e-05
0.0843382874620147,55.3892069833819,3.58087704530443e-05
0.0119873098679818,20.7236625102814,0.000151491570249088
0.0866106395586394,17.5641304079909,3.10372422762224e-05
0.0945924676815048,59.1773956024554,1.23417827442669e-05
0.0107383580994792,10.6469392462168,0.000147800726731147
0.0852333161351271,6.47869769716635,6.90066528964723e-05
0.0124296278855763,45.1333438081201,0.000152507982819788
0.096058182506822,43.2921256229747,8.98745201728033e-06
0.0152797267772257,57.4854744889308,0.000159030516481915
0.0872700458718464,21.680839958135,2.90993566241496e-05
0.0735868037724868,59.4364265399054,6.04138515217111e-05
0.072597637232393,16.2482834374532,6.33358539989638e-05
0.0536427195928991,22.4815741390921,0.000106056464415878
0.0945351916435175,28.4842127712909,1.24728606120911e-05
0.0680046101519838,44.4566263188608,7.31888629098835e-05
0.0451554210507311,69.3726240610704,0.00012547989235517
0.087116661129985,40.8601485402323,2.94503820376813e-05
0.0370993602159433,39.2367571382783,0.000143916420341268
0.0835831517889164,69.574332855409,3.75369202592447e-05
0.0350803161482327,50.6960024440195,0.000148537061026946
0.0790950648998842,44.5313096931204,4.78080367801598e-05
0.0298062393604778,50.9364782145713,0.000160606938140881
0.0906051819678396,16.4212439581752,2.22360840987831e-05
0.0289997115568258,43.0933523690328,0.000162452700322739
0.0468833806482144,7.9493529337924,0.000129990207064264
0.0513902720855549,52.5362034735736,0.000111211255616938
0.0468771504843608,29.5121940854006,0.000121539664799969
0.0969799658376724,62.9229987121653,6.87792423132382e-06
0.0630220202915371,10.5898368486669,8.96055191510216e-05
0.0932391979102977,58.3971093362197,1.54387797160206e-05
0.0946701288642362,19.8233980126679,1.22630834797083e-05
0.083644822856877,17.6792310446035,3.77821223997233e-05
0.06754694419913,65.1084494998213,7.42362446664411e-05
0.0634930689795874,18.7397608230822,8.36390365486431e-05
0.0869004494976252,47.9514252988156,2.99451886053909e-05
0.0117021723370999,41.6027484578081,0.000150843179778553
0.0569651621975936,50.7012254872825,9.84529585189078e-05
0.0150018045771867,58.2192955864593,0.000158394483497053
0.0996923739067279,51.4237459423021,6.70499995037084e-07
0.0354643850517459,37.2394867788535,0.000147658108244261
0.0365548128192313,7.18214936787263,0.00015600059217435
0.0345350616751239,57.6931951253209,0.000149784891642823
0.068560996002052,20.594205254456,7.19459662148926e-05
0.053909358473029,62.6569730706979,0.00010544625363464
0.0929190533817746,56.3259167515207,1.61714397195579e-05
0.0959790048701689,23.2129619177431,9.16865232645948e-06
0.0419016141421162,6.34083418990485,0.000151269524802629
0.030654675338883,35.8996778866276,0.000158665267890238
0.08486610296648,63.358426206978,3.46008494207763e-05
0.0738317292486318,39.5675477746408,5.98533324928631e-05
0.0881897816085257,12.4007666646503,3.093912931578e-05
0.0241398579883389,37.8939891420305,0.000173574615631129
0.0160029507847503,30.5789072043262,0.000160685635519418
0.0835643742722459,23.5340556607116,3.75798931486885e-05
0.0819309197738767,63.7300481717102,4.13181009639968e-05
0.097280183271505,45.5750701762736,6.19086795974403e-06
0.0149914675741456,49.5123760297429,0.000158370826966924
0.0782095251069404,21.2040460272692,4.9834620182424e-05
0.0663864069036208,16.8918281246442,7.73554092266897e-05
0.0487137770350091,61.1801536986604,0.000117336491872722
0.0659733512415551,54.0193538181484,7.78374576160478e-05
0.0927913641394116,29.9215139611624,1.64636602400613e-05
0.0548071613255888,23.2761758146808,0.000103391605866125
0.0468365586875007,58.3940650429577,0.000121632560299912
0.0555403112247586,66.5496637497563,0.0001017137711388
0.0862227752245963,25.467603802681,3.14960657594221e-05
0.0338248316920362,6.02182256639935,0.00016817374286857
0.0512592627923004,48.1865853455383,0.000111511074169833
0.0487013093521819,64.4332699116785,0.000117365024525103
0.0847503025946207,69.8140796215739,3.48658619176239e-05
0.0734105578297749,36.2201000133064,6.08171954539232e-05
0.0510346079221927,61.890922851162,0.000112025203331082
0.0482215642300434,28.960526046576,0.000118462935098507
0.0437115268758498,44.4292866869364,0.000128784285893164
0.0540752764651552,54.2544366209768,0.000105066545515751
0.0439004280255176,30.3243408550043,0.000128351980154184
0.0376604082691483,15.4935936396942,0.000143133624477238
0.090890289156232,6.31923808949068,6.09520478580599e-05
0.0106975462776609,36.3523184962105,0.000148544064014627
0.0559970985236578,38.4986587357707,0.000100668400207204
0.0995473262248561,54.3161641480401,1.00244580589799e-06
0.041771785125602,36.8070895783603,0.000133223440934027
0.0334603839437477,63.2843715441413,0.000152244322681997
0.0221179844415747,43.7230752268806,0.000174680066726187
0.0333927435567603,38.2822288351599,0.000152399119661968
0.0320643484871835,33.5116465261672,0.00015543919016033
0.0987577419565059,67.1407879516482,2.80943221766387e-06
0.054953777869232,33.2563403516542,0.00010305606966977
0.0686702985968441,58.2192487467546,7.16654156699258e-05
0.0288899367046543,45.5617317871656,0.000162703923243685
0.0931616544094868,36.2317819870077,1.56162402581091e-05
0.0844529604469426,57.9701310885139,3.55463380137629e-05
0.0481111186160706,47.1584083791822,0.000118715693077216
0.0757585773896426,61.1859755183104,5.5443684849277e-05
0.0774518408323638,43.3191393897869,5.1568602536745e-05
0.0533204050525092,64.1251391894184,0.000106794090554271
0.0509596461313777,67.9080126597546,0.000112196755555251
0.0766386719001457,8.99042168515734,6.35669526075736e-05
0.0268811490898952,25.925264947582,0.00016730109174044
0.0838268237723969,67.7930535562336,3.6979269884577e-05
0.0463297955482267,26.4081521565095,0.000122792302386169
0.0629162139771506,23.3610778721049,8.48338045762334e-05
0.0797448725719005,11.4764824334998,5.11488099600137e-05
0.0508053578413092,55.1444898359478,0.000112549848764961
0.0492114088870585,48.1930996966548,0.000116197647001111
0.0170776817621663,16.1133567569777,0.000162982515503388
0.0916888732207008,43.4094194776844,1.8986742562064e-05
0.0309893264481798,49.17422527913,0.000157899409157458
0.067560691672843,21.9393059890717,7.42047831756399e-05
0.0192117073945701,31.3143282523379,0.000168028967732361
0.031079441672191,32.1536336513236,0.000157693177863588
0.068703033302445,36.3473871001042,7.15905013503465e-05
0.0431413385877386,39.4568910379894,0.000130089178265093
0.0495759722217917,15.5151144484989,0.000116015729615872
0.0538789881556295,15.1792421808932,0.000106351885037857
0.0626757210609503,43.4771734056994,8.53841795635769e-05
0.059256736303214,18.5741339926608,9.33371887181807e-05
0.0272516600345261,62.5389667227864,0.000166453166738391
0.0477111214352772,28.1660391320474,0.000119631098182675
0.05049191393191,51.768142915098,0.000113267174208031
0.0216048733517528,21.8516721553169,0.000173505797171688
0.0345407286169939,44.5964637980796,0.000149771922682617
0.0390952179697342,67.8133264160715,0.000139348842204924
0.088596302382648,30.9230675117578,2.60641802793345e-05
0.0102677556010894,31.4664477831684,0.000147560475633248
0.0435438966494985,46.501679609064,0.000129167912509549
0.0425990213640034,41.7339727433864,0.000131330286900912
0.04717359616654,60.0639221584424,0.000120861240291026
0.0992772294953465,48.0147548345849,1.62056997534976e-06
0.0224726168764755,5.82113701151684,0.000163508094706937
0.0370639957091771,32.5941788265482,0.000143997353036798
0.0228174656187184,32.4789355974644,0.000176280849610357
0.0437576151266694,20.9311803814489,0.000128687288294869
0.086683471465949,28.183075406123,3.044174910008e-05
0.0792319378792308,64.1331327671651,4.74947990122214e-05
0.0395056996750645,18.5346298397053,0.000138499237582864
0.0503324527922086,27.0779582695104,0.000113632105633586
0.0369953696313314,51.6272501426283,0.000144154405798778
0.0419596688798629,63.5763657081407,0.000132793463533831
0.0719101534085348,44.1976277681533,6.42509143234739e-05
0.0802766524860635,24.0938206121791,4.51039394492964e-05
0.0887733263126575,44.0097015153151,2.56590559007133e-05
0.0384708343911916,61.3972813216969,0.000140777762064882
0.0846314251003787,7.58138204459101,5.5002285545555e-05
0.0739748673862778,48.4397089865524,5.95257567291358e-05
0.0688713370566256,27.172449027421,7.12053333460636e-05
0.0469642992271111,28.0106306821108,0.000121340222384176
0.0451741932239384,31.2432454968803,0.000125436931694396
0.0558481713198126,34.3523219903,0.000101009224416194
0.0907248645438813,56.5937630122062,2.1192904272298e-05
0.0168791884044185,60.5695406231098,0.000162690930629372
0.0826391288591549,47.9018139850814,3.96973440098837e-05
0.041893873391673,9.37940989038907,0.000137891674611513
0.0794093214138411,14.9285602581222,4.84660703659388e-05
0.0365025972714648,68.4588563954458,0.000145282129582122
0.0744544857530855,45.1421137596481,5.84281362389686e-05
0.0128611738793552,55.1853622077033,0.000153495588295312
0.0464811394643039,16.3747089460958,0.000122847756100147
0.0458143006870523,45.4724618024193,0.000123972027270282
0.0479372865566984,18.7384843011387,0.000119208231094188
0.0297393415053375,26.3774034718517,0.000160760035815266
0.09363934883615,14.930388747016,1.6145771464328e-05
0.0296817355137318,18.8420684542507,0.000160947747706734
0.014135837869253,54.3762192479335,0.000156412693665364
0.034552801491227,34.8466807953082,0.00014974429356111
0.0780751426005736,33.7957278219983,5.01421584309902e-05
0.0282659125421196,31.5018578129821,0.000164132020569724
0.0422822053940036,59.1510582494084,0.000132055329402096
0.0642451378400438,51.0869516059756,8.17925239190883e-05
0.0576422148058191,38.6889200727455,9.69035040627413e-05
0.0730912980111316,63.8398635794874,6.15478307733385e-05
0.0959882842446677,51.2027655681595,9.14741620980764e-06
0.0109236309747212,31.4718351815827,0.000149061465376168
0.0987761490978301,46.054623684613,2.76730694290169e-06
0.0317085380805656,35.086935821455,0.00015625347255639
0.0825308508472517,48.325937432237,3.99451413686265e-05
0.0117147303768434,51.1176070349757,0.000150871919215349
0.0638285842211917,36.8796155566815,8.27458189114143e-05
0.0664116623951122,69.3223912699614,7.68343698769036e-05
0.0656624086177908,64.0080730407499,7.85490587946717e-05
0.0108517618966289,56.5680132363923,0.000148896990914424
0.0171348676318303,7.27640097844414,0.000158450693914421
0.0722410451504402,64.2749955528416,6.34936590115894e-05
0.0253126875753514,33.3699673763476,0.000170890561234406
0.0340822241385467,52.5475544214714,0.000150821223429223
0.0597733804699965,59.3109690619167,9.20262698639936e-05
0.0566929362132214,9.51717172749341,0.000105499644624927
0.0218417116533965,22.0122276910115,0.000174047808468025
0.0944865424907766,48.650311891688,1.25841956037701e-05
0.061668469349388,13.8855542649981,8.92670760710893e-05
0.0462150394357741,45.327122239396,0.000123054925065192
0.050481273336336,11.7440166918095,0.000116105340723347
0.0401861710310914,25.9152975643519,0.000136852164602841
0.018840975209605,7.55031445645727,0.000162669845779747
0.0866539276042022,32.3515506542753,3.05093610813054e-05
0.0901676190458238,52.3888945544604,2.24681766952296e-05
0.0288702828600071,64.1758506232873,0.000162748901635023
0.0184157622046769,64.9281819548924,0.000166207424167856
0.0637640247913078,47.7889115607832,8.28935650320347e-05
0.050354386724066,38.2856353605166,0.000113581909196788
0.0541665479307994,59.4166637409944,0.000104857668129496
0.0112355782953091,28.8272257253993,0.000149775365832502
0.0291995862312615,35.5201227741782,0.000161995281355266
0.0134127510734834,54.7141856059898,0.000154757888640926
0.0867364345747046,13.8903635449242,3.25361484463615e-05
0.0114511807099916,48.0819020257331,0.000150268778187955
0.0154375194571912,14.0160529513378,0.000159013535542418
0.0658935907692649,62.2450193658005,7.80199917614223e-05
0.0297383629810065,39.3950261094142,0.00016076227519647
0.0501693995879032,45.8606949425302,0.000114005257602774
0.0923149968613871,9.82503038598225,2.70620569907251e-05
0.0632327178888954,68.889217680553,8.41094762293824e-05
0.0198999855923466,38.5633919795509,0.000169604112274559
0.0840019776578993,57.6774934120476,3.65784251568418e-05
0.0416473023383878,6.47905331570655,0.000150727979891347
0.0902377023175359,42.79386663693,2.23077891029839e-05
0.0962836489127949,51.7494109529071,8.47146563275687e-06
0.0141792054381222,62.1079536620528,0.000156511941599751
0.0124861625861377,11.648024157621,0.000151920153641346
0.0141564933932386,24.0081431949511,0.00015645996442881
0.0956657318677753,23.9788257773034,9.88558664390868e-06
0.0172967777960002,43.0232662020717,0.000163646596017516
0.0537545063113794,43.2326778955758,0.000105800637280755
0.0859629144123755,9.69862308353186,4.13030025647632e-05
0.0110768890869804,12.6495801145211,0.000148960023572817
0.0370235888799653,5.79213796765544,0.000164037252726428
0.0162188713555224,9.51709301560186,0.0001593420254342
0.0248895344440825,17.4758117308375,0.000171988605443226
0.0180666645709425,34.9274628050625,0.000165408504146494
0.086321290624328,54.8696650040802,3.12706104207072e-05
0.0661985719529912,15.6331762624905,7.81397584836248e-05
0.0506602793349885,44.0165570622776,0.000112881865118464
0.049308911585249,24.140794207342,0.000115974509259133
0.0511293144174852,7.66884516691789,0.000123139090860454
0.0220480049378239,63.1248938362114,0.000174519916609918
0.0761404080945067,38.7419029523153,5.45698542488698e-05
0.0115903907315806,31.0440030135214,0.00015058736434459
0.085195055177901,51.530061311787,3.38480327804447e-05
0.0256468178960495,31.5586864063516,0.000170125894341382
0.0331723931082524,50.3135690430645,0.000152903398030016
0.039048663014546,58.0422879185062,0.000139455384564996
0.0226488793524914,32.4990716157481,0.000175895035069093
0.095457235944923,33.3901899761986,1.03627355874786e-05
0.0585515997302719,53.0646098707803,9.48223503880557e-05
0.0429613077337854,41.0785678494722,0.000130501184076039
0.0852875213162042,29.5259157882538,3.36364213512915e-05
0.030292237570975,64.7735984588508,0.000159494717194096
0.0228096922417171,21.8466869730037,0.000176263060012491
0.0313694563810714,21.9984219945036,0.000157029470822851
0.0601539411279373,46.0762175905984,9.11553458026662e-05
0.0230533861857839,56.993258082075,0.000176061037742965
0.0705796142690815,40.9077635291033,6.72958915876974e-05
0.0184732247400098,36.1966559314169,0.000166338928840244
0.05175968460273,29.4022063922603,0.000110365844397859
0.0710579160694033,58.8744895579293,6.6201284097973e-05
0.0718772048596293,65.1593513647094,6.43263180296345e-05
0.0929361825762317,54.5869287720416,1.61322390631249e-05
0.0366201994381845,66.3369496224914,0.000145012993625676
0.0700622788257897,60.7886194717139,6.84798286971671e-05
0.0879408247512765,58.3461617212743,2.75642597775996e-05
0.0924459639308043,44.4319317303598,1.72541185971897e-05
0.091950303229969,47.2506573237479,1.83884524322941e-05
0.0846643013972789,15.7760154176503,3.60271164271813e-05
0.0819536970299669,37.9391029663384,4.12659745553258e-05
0.0976515767886303,39.0875883121043,5.34092316504109e-06
0.0534433641145006,36.3280796981417,0.000106512695188218
0.0109785473602824,65.2954973152373,0.000149187143111237
0.0915801009070128,20.4475380468648,1.92864759737317e-05
0.0247793574910611,18.7774333241396,0.000172159191568071
0.0134728694567457,8.24634296470322,0.000152708024651727
0.0460689351940528,24.4443178398069,0.000123389288843796
0.0365842950739898,66.4902570354752,0.000145095161800529
0.0728842084249482,42.1936156391166,6.20217612748081e-05
0.0622326820110902,12.3413592996076,8.92410091432621e-05
0.0356239580688998,24.613217592705,0.000147292920783924
0.0803028709325008,5.48784020124003,9.30687347964815e-05
0.0185289883683436,16.6626129974611,0.000166323788038448
0.0819318885123357,36.705493547488,4.13158839780434e-05
0.0210694777779281,28.0077827675268,0.000172280528931678
0.0740289952442981,61.8989104661159,5.94018835621271e-05
0.0675657615927048,41.701298954431,7.41931805175496e-05
0.0249124035029672,32.315661679022,0.000171806622899561
0.0976418200018816,66.1951537290588,5.36325185342088e-06
0.0249670284916647,58.0957854597364,0.000171681612034634
0.0816565521084704,56.31098899059,4.19459992936496e-05
0.0965910301078111,60.4405545792542,7.76801488672411e-06
0.088528744620271,55.4937399772462,2.62187881704968e-05
0.0605738450353965,10.423908776138,9.53067359722555e-05
0.065004415535368,56.1909823073074,8.00548949753472e-05
0.0392464095866308,14.4840009731706,0.000139816111220435
0.0227757933316752,60.8426494419109,0.000176185481377411
0.0459158663451672,24.4934203184675,0.000123739591327126
0.0223940096492879,38.3914800779894,0.000175311758389301
0.0269646750483662,17.5472788896877,0.000167244765300533
0.0492365910578519,12.4960292258766,0.000118267853473876
0.0376375589706004,21.8783755542245,0.000142684736940931
0.0666103585530073,19.9791204475332,7.64409746925505e-05
0.0729373916634359,50.2330736559816,6.1900049896893e-05
0.0266515253647231,67.3469835962169,0.00016782659227007
0.0924167746026069,58.0976345157251,1.73209192181437e-05
0.0945163150317967,66.2660419975873,1.25160602834205e-05
0.0564131566253491,51.24962113332,9.9716239220218e-05
0.0288537376746535,11.9526456703898,0.000164290810225575
0.0980907888710499,62.9282489814796,4.3357736241646e-06
0.0914057841012254,26.2348580826074,1.96346001913448e-05
0.0716068133804947,64.3576015112922,6.49451167421194e-05
0.0567409296915867,33.8841771055013,9.89661210877079e-05
0.0108024665620178,8.94486587261781,0.000147336639649632
0.0133245138358325,53.3473770518322,0.000154555955173103
0.0848628317401744,41.2532036122866,3.46083357166928e-05
0.0581002245214768,9.00047301664017,0.000103518540861563
0.0322672623768449,39.7635535511654,0.000154974815861
0.0522744971141219,55.7885610649828,0.000109187681090938
0.0767941129743122,37.084363589529,5.30738317437841e-05
0.0174221461522393,69.3629016214982,0.000163933505123067
0.022152465810068,48.7987614749,0.000174758978334262
0.0419701813999563,50.9957895998377,0.000132769405327857
0.0874533955822699,14.7909127431922,3.02862286596416e-05
0.0749981078295969,24.7496913000941,5.718404140987e-05
0.0993077459721826,35.7200737553649,1.55073213639058e-06
0.0514441209938377,57.3320470785257,0.000111088020834463
0.098531619310379,31.5997084684204,3.32692042674084e-06
0.0574208604148589,64.4744305708446,9.74100799820989e-05
0.0571834424836561,9.62749359430745,0.000104217865557931
0.0479257862293162,52.3773758008611,0.000119139831599156
0.0286020637396723,60.1960251841229,0.000163362728841628
0.0607835730980151,30.8962042978965,8.97144148470366e-05
0.0213314633187838,7.87325798184611,0.000168794225452785
0.0671044999919832,5.34844144131057,0.000117256425053879
0.0777768632932566,37.5750841526315,5.08247792440404e-05
0.0835784473619424,14.5842335978523,3.92145629841846e-05
0.0457319004810415,30.0075353134889,0.000124160602522547
0.0201407868997194,17.8266566316597,0.000170070618246679
0.0233493568864651,33.5841946909204,0.000175383700242904
0.0919686372182332,9.95849468396045,2.74230802985533e-05
0.0561594925541431,44.7213259199634,0.000100296756776349
0.0150237085856497,59.3257748580072,0.000158444611453298
0.0233636703900993,37.5504596950486,0.000175350943376274
0.0706022035400383,43.3665139600635,6.72441953884356e-05
0.0843509295303375,57.6522392744664,3.57798387144174e-05
0.0344490383495577,62.790150155779,0.000149981758508874
0.0358275001612492,49.0444220299833,0.000146827108824592
0.0628706101374701,46.2191241525579,8.49381702809849e-05
0.0130661351745948,5.38789607584477,0.000145889277648474
0.0177692369068973,67.84471525345,0.000164727832343678
0.0761475782259368,66.277354308404,5.45534451959239e-05
0.0676494608260691,46.4193837461062,7.40016324036534e-05
0.0687512360978872,54.0090276079718,7.14801878602422e-05
0.0805122542683967,69.7311456338503,4.45647579631287e-05
0.0472231713519432,46.6668460937217,0.000120747786046843
0.085745190475136,56.6017411230132,3.25890322575318e-05
0.0394075513188727,48.2182898477186,0.000138634058311099
0.0576304813358002,44.1057199286297,9.69303564478976e-05
0.0633377302903682,67.5350281363353,8.38691523144636e-05
0.0683589428919368,51.0369355033618,7.23779621966809e-05
0.0711108099645935,64.9423000169918,6.60802348905543e-05
0.0384737485693768,62.0095303817652,0.000140771092883906
0.0398772984859534,31.2904098862782,0.000137559028346718
0.0394712748634629,33.9039305062033,0.000138488225138124
0.0250586361344904,15.06742433412,0.000171881062367876
0.050821220362559,42.2603879461531,0.000112513546926761
0.0402645418257453,35.0176582636777,0.00013667281077489
0.0419968135771342,13.6607390886638,0.000133863887438652
0.0585069022048265,7.38224888918921,0.000110436214381882
0.0553860909328796,50.5038900079671,0.000102066708732688
0.0208338380255736,12.894822426606,0.000170968287046912
0.0357907520537265,27.766617492307,0.000146911207930429
0.0933534819749184,8.88201667461544,2.79110895806682e-05
0.085430200167466,14.4238773162942,3.51205048278923e-05
0.0289679937856272,57.6905502181035,0.000162525287358556
0.0177605422749184,48.4580665943213,0.000164707934427178
0.0409424439398572,34.7695001459215,0.000135121412199957
0.0909869110421278,47.642995074857,2.0593203289689e-05
0.0235313397808932,8.35147630888969,0.000174200165810572
0.0551593253738247,18.7321592005901,0.000102694972442653
0.0448924971977249,46.8866999994498,0.000126081601189496
0.0167447607405484,32.3319119238295,0.000162383289036554
0.0142659443896264,51.5297086595092,0.000156710446196437
0.0880270464345813,68.0273267510347,2.7366938964133e-05
0.0855687224538997,69.009801907232,3.29928844228638e-05
0.0649847206822597,47.3222758679185,8.00999672157339e-05
0.0460440825787373,15.6803082500119,0.000124000241802768
0.0802443953813054,45.1639311341569,4.51777607655477e-05
0.0584791631763801,34.2600697919261,9.49881235345636e-05
0.0955856094858609,58.4994513215497,1.00689490299149e-05
0.0576177544426173,63.2251547765918,9.69594823106677e-05
0.0970172586012632,56.0311999823898,6.79257866433751e-06
0.0493267278862186,65.3187879989855,0.000115933736139594
0.0740190366422758,48.365633408539,5.94246741105916e-05
0.0618690280080773,44.6921740076505,8.72303199230516e-05
0.0388151681283489,64.5836122427136,0.000139989744358481
0.0752279443922453,31.3623259798624,5.66580537955265e-05
0.0250668325670995,27.5616122572683,0.000171453207524338
0.0775645512575284,31.6497090132907,5.13106614721867e-05
0.0704662060504779,37.7351569745224,6.75554295727025e-05
0.0526335924724117,44.1386709723156,0.000108365880988064
0.0916464199498296,59.6579992282204,1.90838980990652e-05
0.0385660063335672,62.3665136902127,0.00014055995832493
0.0837242564139888,68.9113625849132,3.72139982477971e-05
0.0331993849738501,17.8366529056802,0.00015298009989646
0.0682786800712347,13.9586477377452,7.42665860601154e-05
0.0145394143741578,46.4718995906878,0.000157336290157471
0.0872852465789765,44.2092300008517,2.90645693666847e-05
0.0162215681909584,53.5181399201974,0.00016118594777009
0.011821004296653,30.1232980471104,0.000151115130151431
0.0197550702397712,24.9773279367946,0.000169272469303116
0.0653564933338203,43.3311044296715,7.92491547609215e-05
0.0237202018080279,6.19603413855657,0.000167347419453524
0.0814392298110761,51.792188527761,4.24433476503813e-05
0.0607830771198496,26.5448589122389,8.97155499073986e-05
0.0468346345587634,14.5178938505705,0.000122595104738752
0.0220975230634213,28.9957456151024,0.000174633240271087
0.0220033943955787,60.0390544068068,0.000174417824095047
0.0515358446212486,14.645333820954,0.00011188172581232
0.0540237714722753,31.1228517768905,0.000105184416180102
0.023860874325037,48.2105767331086,0.000174213077805337
0.086783840355929,67.1544921293389,3.02120519953785e-05
0.0437209357297979,37.5737587024923,0.000128762753459052
0.0535808409471065,35.2607370808255,0.000106198075484648
0.026327787891496,49.7435254929587,0.000168567474831374
0.0805233269301243,29.3558413197752,4.45394178568398e-05
0.0399927167478018,18.2387731783092,0.000137417289694517
0.0826489792088978,18.0366767873056,3.99733879379043e-05
0.0913901221798733,52.3990950768348,1.96704429508828e-05
0.0650014232378453,32.6051236840431,8.00617429346852e-05
0.0957074294053018,35.9723996685352,9.7901606245024e-06
0.0993548352946527,10.0833042908926,1.08569973124288e-05
0.0243803262198344,11.0642752039712,0.000174690345908466
0.026217937162146,8.36207391694188,0.0001729455665693
0.0331453068833798,26.4839842612855,0.000152965385638246
0.0557898229639977,9.70226274803281,0.00010711472235056
0.0763607067009434,12.3626952618361,5.7527795971437e-05
0.065536214329768,51.2061052920762,7.88378580689736e-05
0.0987154488009401,7.69694532733411,2.43696249625109e-05
0.0691546744061634,67.4842679861467,7.05569076351128e-05
0.0712743516452611,60.8455646119546,6.57059650290979e-05
0.0436555654136464,58.9490230602678,0.000128912355316325
0.0500377367576584,37.449420519406,0.000114306571793955
0.0123703569336794,35.7029038632754,0.000152372339533842
0.0705893361452036,26.8512590776663,6.72736427932956e-05
0.0543271023011766,13.4129606827628,0.000106104040704452
0.0236694412538782,63.299136251444,0.000174651177919806
0.0941232773871161,45.4450901621021,1.34155382894024e-05
0.0715348323411308,41.6385505790822,6.5109847430469e-05
0.0854648092342541,54.4583880610298,3.32306928284123e-05
0.0470741055323742,13.6352479225025,0.000122394508187164
0.0716605200478807,68.5145131940953,6.4822207482047e-05
0.0558432214497589,50.901401117444,0.000101020552336829
0.0680240556225181,19.7570775914937,7.32191907738952e-05
0.0207425902178511,7.18284663627856,0.000165384863713519
0.0204652293748222,25.3547869157046,0.000170897689002477
0.0197490429389291,37.7459110075142,0.00016925867565099
0.0164093273691833,38.4036975074559,0.000161615640074429
0.0927923724614084,10.2299922623206,2.483331783014e-05
0.0243402752233669,37.0738432859071,0.000173115954998065
0.017286067106761,24.9807707988657,0.000163622084295726
0.0698567470372655,38.9296240184922,6.89501941336838e-05
0.0991492959205061,40.6419343873858,1.91334965778736e-06
0.0330016495706514,57.2661704919301,0.00015329414954915
0.0283926518843509,69.918449758552,0.000163841973923118
0.0439212229824625,61.2029040383641,0.000128304390294382
0.0630246315058321,52.7349673747085,8.45856879293124e-05
0.0215012880740687,12.6231538644061,0.000172382237297508
0.0147027633129619,26.8063558125868,0.000157710118923604
0.0580365862208419,55.2973992249463,9.60009736847944e-05
0.0767586766765453,42.2119899094105,5.31549287350929e-05
0.0775225064577535,30.848916642135,5.1406882211282e-05
0.0754925033450127,10.9533081296831,6.13764223350141e-05
0.0677144265896641,39.8237153002992,7.38529563765951e-05
0.0570025587710552,27.3840550892055,9.83673753800328e-05
0.0751409477810375,33.9467991876882,5.68571480538892e-05
0.0637966535915621,23.1028703902848,8.2818893079901e-05
0.0662411875813268,64.1820282279514,7.72245064138209e-05
0.0500352738820948,37.2826555825304,0.000114312208155843
0.0550936673069373,15.3297638951335,0.000103532007875779
0.0772988066636026,43.2703647890594,5.19188256536078e-05
0.0533860304928385,23.3459170931019,0.000106643904837946
0.0956610385677777,62.7266064891592,9.89632739655782e-06
0.0902666745963506,61.008228615392,2.22414852058133e-05
0.0251894467766397,12.4746583797969,0.000172269702993845
0.0548198332963511,66.4746864885092,0.000103362605694901
0.0119809106830508,18.6858687235508,0.000151456835418485
0.0333329791622236,57.416171929799,0.000152535892205652
0.0908218150842004,65.6946416851133,2.09710301595627e-05
0.0151955749839544,9.51889906078577,0.000157117074488399
0.0766366585879587,21.5073087043129,5.34341706563212e-05
0.0378959534317255,41.8948406749405,0.000142093393750793
0.0797661977889948,11.7522699083202,5.0706707934543e-05
0.0426623264839873,15.1633738575038,0.000131852329146543
0.069519592798315,25.9171315771528,6.97217813509998e-05
0.0778599810320884,5.12345635564998,0.000102973542244221
0.0420368843129836,64.0418925334234,0.000132616753784131
0.049025366238784,54.6375592995901,0.000116623410977061
0.0460860904562287,53.349047829397,0.000123350028530635
0.0115765618695878,23.2386760984082,0.000150555716594358
0.0686537001864053,34.868980217725,7.17034016117967e-05
0.011283173004631,26.1190454068128,0.00014988428769995
0.0257006775122136,45.2416919602547,0.000170002635053611
0.0205909947608598,42.2884613042697,0.000171185506722194
0.0950290325074457,35.9614890441299,1.13426915263296e-05
0.0795149484393187,11.9883264321834,5.09437016606838e-05
0.0300374659989029,17.7272633230314,0.000160212377677226
0.0281583369337022,37.6346752292011,0.000164378210457795
0.0626269096136093,13.8812212820631,8.71004720414235e-05
0.0757034905999899,35.4636274313089,5.55697525590329e-05
0.0626298481831327,48.5823982849252,8.54891609698785e-05
0.0882252529426478,45.3422395989765,2.69133376435949e-05
0.0481651624455117,8.22798794484697,0.000126450455432568
0.034661570515018,49.6120985329617,0.000149495372507475
0.0174165757908486,5.69824669742957,0.000154223037277856
0.0144548794440925,37.2952101216652,0.000157142829527529
0.0856216153432615,47.6937282562722,3.28718375173124e-05
0.0846098962868564,30.9344045515172,3.51871858097356e-05
0.0298172945459373,35.3019718662836,0.000160581638029537
0.0967590518947691,63.2930738013238,7.38349217257722e-06
0.0249099577683955,17.1156351652462,0.000171968813539054
0.0991247863136232,56.9694829592481,1.96944060130091e-06
0.0494783028075472,57.8587268991396,0.000115586852552643
0.0461182219372131,51.1138840881176,0.00012327649470802
0.0941549126175232,49.7575145529117,1.33431401505715e-05
0.0412292418838479,62.1868012752384,0.000134465066818613
0.0161187050980516,8.17657709354535,0.0001582844602077
0.0915965602197684,12.4093781784177,2.32824008816713e-05
0.042884001461789,5.86657432490028,0.000153176678387724
0.0227418110845611,56.6900723311119,0.000176107712023033
0.0399660784099251,63.0870929535013,0.000137355852925569
0.0490243695676327,36.8118150008377,0.000116625691887788
0.0749251906992868,28.0001659353729,5.73509143693967e-05
0.0179065748094581,16.7169979959726,0.000164907289751697
0.0924742931709625,20.047164025018,1.72694142453509e-05
0.0376313148089685,67.3044818837661,0.000142699026885239
0.0890791420405731,57.1259210503195,2.49591877713716e-05
0.0611228053155355,6.18700037128292,0.000117381467181082
0.0904227805649862,62.1201434719842,2.18842321861839e-05
0.0679083510348573,5.40174033376388,0.000115189979077261
0.07267879253719,23.5900313023012,6.24918614690728e-05
0.0454925558855757,27.178239292698,0.000124708349544711
0.0670714204548858,18.1025217589922,7.55546510968402e-05
0.0102919173799455,11.2413686362561,0.000146947556630034
0.0706686446024105,30.9845708287321,6.70921430974994e-05
0.0878996293316595,29.7772930574138,2.76585366856622e-05
0.0632078519044444,60.796951657394,8.41663827532574e-05
0.0696899687475525,65.2635604154784,6.93318710684569e-05
0.0492135329032317,37.5739394326229,0.000116192786128729
0.0500930393394083,16.2473457807209,0.000114634378274507
0.0839833637140691,26.9843264867086,3.66210237051142e-05
0.0680212759738788,30.6726722570602,7.31507226949473e-05
0.0447446846403182,36.29744958831,0.000126419874497905
0.0897518329368904,42.2395290073473,2.34197152189308e-05
0.0423461805842817,59.1101879661437,0.000131908920330694
0.0864309998252429,26.0741952771787,3.10195377445592e-05
0.0368175781075843,48.2600678072777,0.000144561286837846
0.0440551659208723,20.0177976640407,0.000128037059702264
0.0844671584898606,22.3803363903426,3.55138453823176e-05
0.0945715945842676,33.4423260181211,1.23895514303856e-05
0.0112363308644854,27.0426937681623,0.000149777088108806
0.0877056255517528,64.4308283599094,2.81025199413763e-05
0.0284668257762678,5.9337351215072,0.000174634528717881
0.0949757486232556,18.6101969785523,1.16633987822557e-05
0.0476693424466066,6.76890862290748,0.000137074512222065
0.0859822047757916,26.7643591365777,3.20466181823708e-05
0.0254230137052946,46.5715093608014,0.000170638076698352
0.0724155396316201,9.37230788636953,7.16646643113036e-05
0.0794584070960991,45.9869083331432,4.69765176659892e-05
0.0681414171028882,66.431631114101,7.28757762499429e-05
0.0432742910156958,57.5755052594468,0.000129784912792287
0.0924075295520015,43.9330412633717,1.73420767835736e-05
0.0937319125188515,64.8431205365341,1.43111880982245e-05
0.0655848697689362,22.4454799469095,7.87265086906239e-05
0.0821939993626438,39.4744012481533,4.0716035723882e-05
0.0406331845698878,36.4502512081526,0.000135829161203637
0.0757453592331149,40.7171037897933,5.5473934982406e-05
0.0547033193521202,44.5940557983704,0.000103629251222738
0.0561371137108654,19.5497192174662,0.00010041932901257
0.0444351362623274,41.2452489440329,0.000127128284904792
0.0221802925341763,27.2031068173237,0.000174822660596388
0.0569992734002881,24.7726937266998,9.83748940459584e-05
0.02888845595764,54.4536082469858,0.00016270731197601
0.0505352739570663,18.8389824365731,0.000113263221086425
0.0381754465890117,13.7418824830093,0.000142477246705251
0.0286694663320668,67.821878483519,0.000163208476061454
0.0980451524467207,52.8090376558248,4.44021389982588e-06
0.0831947353389114,54.9524722748902,3.84258225276903e-05
0.0990182103519328,34.6350492024794,2.21334276895402e-06
0.0209686579625122,22.923032771796,0.000172049799871088
0.06290158810094,19.9372794548981,8.49272957139479e-05
0.0806975593301468,40.5583419196773,4.41406819752502e-05
0.0180115731502883,8.72462981846184,0.000162714924739635
0.0269986344338395,69.2452682356816,0.000167032223136292
0.0658743600011803,11.2422540958505,8.23398588799658e-05
0.0512426250707358,57.6019276049919,0.000111549150076352
0.0391593128326349,59.4025485846214,0.000139202159259268
0.0359447612264194,56.6962458495982,0.000146558753488898
0.0826558010093868,43.3162707113661,3.96591893123656e-05
0.0141209587128833,6.11800653045066,0.000149630205999315
0.0123193208873272,68.1288976897486,0.000152255542067169
0.0888432987756096,21.6819254134316,2.54989218975162e-05
0.0975468823756091,37.5979604222812,5.58051935420084e-06
0.0478019252954982,56.0056722827721,0.000119423290924942
0.061761469875928,29.2796710308176,8.7476469816178e-05
0.0545984460273758,24.4259174936451,0.000103869256856546
0.0670398473762907,17.2153784625698,7.5797895786782e-05
0.0254350241133943,38.6483250465244,0.000170610590532396
0.0213861677469686,21.7485167935956,0.000173005283076026
0.0420033063669689,43.3767360029742,0.000132693597883761
0.0111967907659709,22.1679143188521,0.000149686599450914
0.0755430077272467,5.53064595558681,0.000100474418329912
0.0289715494727716,21.9717755145393,0.000162517150065791
0.069150642438326,59.299719784176,7.05661349100052e-05
0.0681592563493177,68.9139897550922,7.28349506190554e-05
0.0632197499950416,61.4910198445432,8.41391536291512e-05
0.0462826565420255,36.5269168629311,0.000122900181363859
0.0881878932286054,66.9172286242247,2.69988364286241e-05
0.0143838014081121,57.3992297891527,0.000156980165388513
0.0822051641205326,46.8206076929346,4.06904848528675e-05
0.026805172690656,26.8171169736888,0.000167474965925303
0.050571204891894,9.04890428762883,0.000119664049072408
0.0436606677714735,65.8150169416331,0.000128900678423014
0.0283145329030231,64.7483168682084,0.000164020751468997
0.0651452725171112,29.1444408078678,7.97325397028138e-05
0.0529107097373344,24.8032918584067,0.000107731690120473
0.0148926558531821,42.0320721867029,0.000158144693488508
0.0671972445561551,8.19708614959382,8.60907585756147e-05
0.0267664801492356,34.6900642139372,0.000167563514924297
0.0870629749144428,20.3066712897271,2.96309733245176e-05
0.065962387083564,18.094430899946,7.80903645014124e-05
0.0204982739803381,18.9079365658108,0.000170935927659738
0.068419196412433,6.72911757486872,9.7596827983778e-05
0.0215044419956394,19.3269994482398,0.000173244584792679
0.0964472082583234,60.132157196058,8.09715534475573e-06
0.0745280737918802,61.6471945587546,5.82597278859902e-05
0.0496519713569433,65.9199628361967,0.000115189407059503
0.0928644058038481,20.1531684515066,1.63691945191853e-05
0.0157523616985418,35.7026820443571,0.0001601121551553
0.085798268772196,64.5970743824728,3.24675610411062e-05
0.0782314043678343,36.0452881210949,4.97845488617056e-05
0.073589855581522,24.3119464430492,6.04068673685573e-05
0.0137323673535138,10.4184105969034,0.000154328112768418
0.080308790022973,10.1501438079868,5.2472962054743e-05
0.077592108482495,40.872540010605,5.12475959666332e-05
0.0438553892727941,43.6903960048221,0.000128455052641107
0.0521034166868776,24.533658772707,0.000109579203591754
0.0371366210654378,47.4029298895039,0.000143831147810614
0.024634067278821,9.95880686794408,0.000174874547988238
0.0579404917662032,67.4592126184143,9.62208886207149e-05
0.0411248833336868,6.29019924323075,0.000153077844581083
0.0294521473068744,16.8092213338241,0.000161630452082182
0.0326189571013674,32.5315947609488,0.000154169952322331
0.0178807575209066,18.0299295543227,0.000164918119239817
0.0875553798954934,23.8522698590532,2.84463614668095e-05
0.0128638405189849,69.3811903696042,0.000153501690977153
0.0728951218305156,62.3253019840922,6.19967856308435e-05
0.0531647907453589,23.6800478468649,0.000107150218392385
0.0357044804771431,50.0338475173339,0.000147108642926106
0.0800330103212036,69.0288102009799,4.56615215831896e-05
0.0435969349858351,62.7308859128971,0.000129046532744394
0.0624086556886323,30.8482444810215,8.59953663845103e-05
0.0674337025918067,33.1860024307389,7.44954013567172e-05
0.0922765064076521,30.5213095166255,1.76419270351002e-05
0.0332546081789769,7.39756512455642,0.000161453125034004
0.0910389471333474,17.863122227136,2.08470498101088e-05
0.0652687584864907,43.4141355019528,7.94499384939791e-05
0.081685039808508,41.6893224883825,4.18808043690115e-05
0.0126904283300974,19.2109196877573,0.000153085055301573
0.0714692378090695,58.8542321952991,6.525996241233e-05
0.0562833455041982,28.8901851139963,0.000100013315721635
0.093470519662369,43.9459345466457,1.49093932027707e-05
0.0423055814532563,68.6914450861514,0.000132001832615086
0.0557300777011551,37.1311145939399,0.000101279485074598
0.0208745088009164,47.944994653808,0.000171834336794502
0.0560558550781571,48.9993984799366,0.000100533934134566
0.0480106369685382,50.3104482928757,0.000118945648230834
0.0979353626118973,12.3931286146399,9.0839537572216e-06
0.0511759872012772,56.1640842398629,0.000111701652765992
0.0670836181985214,39.6524751966354,7.52965796058223e-05
0.0955279353493825,64.2554735962767,1.02009379576384e-05
0.0144130181660876,57.2643633419648,0.000157047028783306
0.042349713514559,60.0056773715187,0.000131900835117677
0.0864719725167379,63.0171020701528,3.09257705562392e-05
0.0818192259059288,50.1946979388595,4.15737156079932e-05
0.0742530455696397,20.0094237842131,5.89557058122259e-05
0.0405969851836562,45.569544150494,0.000135912004544945
0.0473495812644251,27.2213380259927,0.000120458493309737
0.0824317635502666,59.1587020806037,4.01719055107298e-05
0.0651124516455457,65.3417375928257,7.98076512156926e-05
0.0748801857046783,9.52093437081203,6.5928653611372e-05
0.0190310709900223,15.6650010647718,0.000167384595539666
0.0534223232534714,5.30414892360568,0.000140483718887122
0.0749582675541751,46.9255746540148,5.72752170312872e-05
0.0975074556842446,43.557979069883,5.67074847655321e-06
0.062473795900587,24.1710126877297,8.58462911273402e-05
0.0758523115841672,25.7318985543679,5.5229171436823e-05
0.0344767389260233,17.6898795785382,0.000150076553227956
0.0229368590819649,44.240441210568,0.000176327713386901
0.0928333917772397,26.5339000860695,1.6367478776577e-05
0.0758837520820089,41.8108504253905,5.51572189490945e-05
0.0124065369786695,33.5958797368221,0.000152455138612161
0.0861117273499258,37.3606518935412,3.17502020291382e-05
0.0434396719373763,17.6513582875486,0.00012961055150163
0.0486711997538805,66.6229088045657,0.00011743393121078
0.0621144304564223,65.5322565103415,8.66687093295426e-05
0.0378956235409714,16.6673000401352,0.000142385547112985
0.0441889256727882,52.3666943050921,0.000127691744952774
0.019699878571555,27.0552090497222,0.000169146161575737
0.0389266245998442,13.6140481207985,0.000140821504116658
0.0766707057738677,25.6247944163624,5.3356252687635e-05
0.0533325225603767,57.6522577833384,0.000106766359287402
0.0865042111603543,56.7366192385089,3.08519914888441e-05
0.052089104608167,57.6262733549811,0.000109611957197405
0.0313530167657882,66.6591925348621,0.00015706709335742
0.0646358916256577,7.24453260540031,9.94241910164368e-05
0.0978452505310997,48.7909948918968,4.89769520953833e-06
0.0688431409210898,60.7937218667939,7.1269861016915e-05
0.0260523888538592,33.8450857473072,0.000169197733486176
0.0498113267589361,66.7311145307031,0.000114824717617749
0.0645738981477916,37.207801224431,8.10401464558574e-05
0.0607783405482769,57.0443204883486,8.97263896882976e-05
0.0859496367443353,68.3870877372101,3.21211510633545e-05
0.0957535938476212,53.8914975570515,9.68451196441423e-06
0.0583669223682955,30.6264116393868,9.52449898668656e-05
0.0267629484343343,49.5949417015072,0.000167571597355891
0.0505392704694532,51.423547732411,0.000113158797403579
0.0562294513126835,38.5360091098119,0.000100136654136095
0.0943347463919781,40.1205431704875,1.29315853617513e-05
0.0590914846304804,43.8328120287042,9.35868081949052e-05
0.0687523563602008,69.6321476402227,7.14776241075694e-05
0.0364410917670466,56.0878342704382,0.000145422886706076
0.0686770915426314,26.9326333561912,7.16498698172213e-05
0.0985346999322064,22.5699493417051,3.31987033467967e-06
0.0667654598667286,49.7311707527842,7.60246941407547e-05
0.06253182023298,28.6348031635862,8.5713500766148e-05
0.0118998989602551,38.2863827829715,0.000151295682868606
0.0755664880992845,54.3940396292601,5.58832867403432e-05
0.066655909314286,11.9092389452271,7.97994416182009e-05
0.0623061300511472,62.4701654771343,8.62299992681926e-05
0.0227158910548314,33.6071221437305,0.000176048393286083
0.0219744585989974,51.9825865246821,0.000174351603688522
0.0363899089326151,22.5054443487898,0.00014554002010151
0.0347701418516226,63.0387383210473,0.000149246903866678
0.0555509604746476,31.6373631567694,0.000101689400022737
0.0329380801692605,37.5743162538856,0.000153439629960959
0.0418682264653035,68.7000201724004,0.000133002732141618
0.0202747477334924,37.5937843031716,0.000170461766262663
0.0214726303052157,42.8615274757613,0.000173203155138758
0.044805658145342,21.1484334350098,0.000126281983165608
0.0682994250510819,18.8146309659351,7.26444320300336e-05
0.0324519470520318,40.7114088837989,0.000154552159645697
0.0551433377107605,41.5559390361886,0.000102622256495435
0.0552256898884662,54.7721109900158,0.000102433791157334
0.0282559498120099,15.5708614608739,0.000164515849613546
0.0696183150843717,49.0402947785333,6.94958525469524e-05
0.0798742057359777,65.0843393406831,4.60249504648577e-05
0.0657885803165846,57.2654193011113,7.82603112164732e-05
0.069203375694342,34.4542303716298,7.04454533299783e-05
0.0914825140545145,37.6185958168935,1.9459001476266e-05
0.0126096331118606,34.4998909265269,0.000152919929981074
0.0449534019082785,52.966056301957,0.00012594221899966
0.0664346226910129,9.24230052507482,8.49522800442302e-05
0.017225983152166,26.0562622384168,0.000163484580429615
0.040535276774317,47.6874037308153,0.000136053226022674
0.0123856740444899,69.042962405365,0.000152407393184493
0.0190172214247286,47.3782132356428,0.000167583880971049
0.0764561344590038,28.7393859331496,5.38473053413611e-05
0.0297362732677721,54.0857116202824,0.000160767057565585
0.0468148031434976,63.7137146596797,0.000121682348490951
0.0442707756068558,56.8582558527123,0.00012750442901375
0.0507093113521114,18.9583891478833,0.000112859867777519
0.0800911282165907,37.0463828090578,4.5528517100382e-05
0.081142851812765,10.8371118677314,4.90329689766472e-05
0.0585868281777948,8.10804167645983,0.000104609704344193
0.0508301965007559,65.3701022500172,0.000112493004775148
0.0489190060691908,50.3325566032436,0.000116866819298265
0.0317333465861157,55.7484087988269,0.00015619669757464
0.08654118451057,69.4070004089735,3.07673769085957e-05
0.0830053787794896,59.6967964875512,3.88591704850515e-05
0.0464243506034836,15.1077678485308,0.000123320239863251
0.0645370016805828,66.3847996119876,8.11245850871233e-05
0.0663672974216752,59.3816049408633,7.6935900400462e-05
0.0660606408002786,25.5189438117668,7.76376929388309e-05
0.0919186916365288,28.5589150176384,1.84607964772432e-05
0.0850166523829103,17.6698783284519,3.46512694140517e-05
0.0534626963245683,44.6259137440939,0.000106468452866908
0.0340258349268697,66.2560494465288,0.000150950271769412
0.0434843938122504,50.2942838124,0.000129304086471822
0.0362115255417302,11.1982770916075,0.000148329058448148
0.0983101824205369,40.2902428305242,3.83368514717348e-06
0.0921106775151566,41.5322752238717,1.80214312469099e-05
0.0154253068985418,16.2925303867087,0.000159226107857484
0.0231959726265632,45.2724753622897,0.000175734724553458
0.0133464496117085,17.7744483249262,0.00015454813855281
0.0846920631616376,16.7718091071583,3.56221436183055e-05
0.0289565168437548,48.5973400145304,0.000162551552671637
0.0102194272028282,59.24739742768,0.000147449874697464
0.0135976836644113,36.928874021396,0.000155181112218566
0.0346165243233554,41.713495120639,0.000149598462018625
0.0409655354334973,50.6720367842354,0.000135068566649574
0.0771661834139377,57.37378570484,5.22223377923811e-05
0.0861300669331104,66.8793900276069,3.17082313631304e-05
0.0624528733291663,5.61132025672123,0.000121723815118111
0.0719870981480926,54.2743340972811,6.40748240638131e-05
0.0424886606377549,45.625252177706,0.00013158285061161
0.0180085034877993,23.095461120829,0.000165275400827259
0.0974371569976211,34.3661668687128,5.831629052048e-06
0.0649746911274269,66.073221124243,8.01229201417549e-05
0.0607370235701092,29.3383327592164,8.98209447866158e-05
0.0486469498812221,21.81620888412,0.000117489427745016
0.0884534516185522,19.1114785557147,2.65365698433037e-05
0.0315857117041014,50.1618458866142,0.00015653456426778
0.0879565596790053,45.8470557502005,2.75282499408593e-05
0.0508612452284433,11.67968259193,0.00011531477580972
0.0327054213359952,31.797818611376,0.000153972076423154
0.0184833371709101,43.7786963547114,0.00016636207143054
0.098595792145934,22.504676313838,3.18005903841232e-06
0.0381963806855492,47.2395958134439,0.000141405857300101
0.069426562411245,19.0173105907161,7.00545872488715e-05
0.0343373507470824,26.9307157583535,0.000150237358814155
0.0311953155323863,7.30936223757453,0.000166052015002977
0.0415806270227768,11.1790901410859,0.000136409991655004
0.017398150167428,25.9003003838006,0.000163878589618505
0.0258537672110833,10.7354870822746,0.000171601942335089
0.0944186923466623,53.7747216026764,1.27394726189862e-05
0.0261270853155293,21.69271169696,0.000169026788475421
0.0899857429787517,30.9841027797665,2.28844053297128e-05
0.0948527423921041,27.6625021966174,1.1746136548881e-05
0.0603363439138048,61.1409382871352,9.07379117570013e-05
0.0765256771608256,63.6212846671697,5.3688154858928e-05
0.0846415746421553,50.5154416931327,3.51146889783436e-05
0.0349190468643792,58.2621044886764,0.000148906130442637
0.0981273383903317,14.1459093359299,6.55054855339733e-06
0.017232724444475,11.447789958911,0.000162447637144294
0.0615606119623408,64.3749649217352,8.7936138954858e-05
0.0507016316009686,54.9369897018187,0.000112787229262967
0.0369920298201032,55.8079882978927,0.000144162049053271
0.0648370255343616,57.8963428444695,8.04379718290897e-05
0.084168639795389,47.8725464188028,3.61970140397876e-05
0.0321988196531311,42.2889166860841,0.000155131449011751
0.0351900438312441,11.9079095905181,0.000150147214917768
0.0252389026456513,66.4483554614708,0.000171059420177911
0.0251051446329802,26.0635723802261,0.000171365529254611
0.0694471725262702,51.5076747327112,6.98875172360306e-05
0.0902105655497871,69.3696361116599,2.23698923800459e-05
0.0178508580778725,47.1088222938124,0.000164914624751755
0.0351683899597265,48.4361019509379,0.000148335501564605
0.0533817557431758,14.4975477270782,0.000107754232726884
0.0610711124842055,15.7739501423202,8.97528951343078e-05
0.0431206279946491,46.673340467969,0.000130136575055774
0.0997207802184858,62.7643681445625,6.05491329828839e-07
0.0672594162961468,50.1638752641156,7.48942605800303e-05
0.0680757237272337,24.489423824707,7.30261174382226e-05
0.016659292737022,61.4510205981787,0.000162187693041037
0.0225078359781764,59.3919377797283,0.000175572253231773
0.012701727009844,67.6655188621953,0.0001531306895275
0.0407503208285198,18.0097470444161,0.000135711345245286
0.0126425477769226,35.2958511654288,0.000152995256143079
0.0640100908349268,37.0826305204537,8.23304357815676e-05
0.0272473850543611,11.4491253672168,0.000168126228817319
0.0454478908190504,43.2383631914854,0.000124810566839972
0.0693907152116299,37.7722955937497,7.00167214318195e-05
0.0989143275166862,25.4904527706094,2.45108163892745e-06
0.0360382072720677,61.1661711765919,0.000146344899513473
0.0131691730301827,52.5642924953718,0.000154200453251074
0.0858615970471874,40.1677184412256,3.23226324540295e-05
0.0587054750858806,45.6916714843828,9.44702021907877e-05
0.0189108143583871,62.44425320765,0.000167340365325282
0.0781973364995793,51.2757385894656,4.98625141625384e-05
0.031956784571521,28.936417370569,0.000155685353289193
0.0404148324928246,36.2280282878783,0.000136328866240894
0.0441019077505916,61.1496576154605,0.00012789088798195
0.0868076010607183,39.9287770153023,3.01576749359444e-05
0.0677664352930151,34.3475918611512,7.37339329562764e-05
0.0924822398647666,62.3227371962275,1.71711000741877e-05
0.0948482046183199,52.3021077550948,1.17565213752973e-05
0.0637595133995637,37.3062633839436,8.29038894823897e-05
0.0952269972185604,60.0375635270029,1.08896435651018e-05
0.0742494657007046,31.5472981531639,5.88973305525354e-05
0.0401589367398992,20.3834283235483,0.000136938741875286
0.0924085783166811,7.83608531113714,3.55395799593781e-05
0.0735899445554242,12.382187419571,6.37201255839537e-05
0.041860371301882,62.7260659483727,0.000133020708910069
0.0110758524131961,45.1727780874353,0.000149409828536288
0.0821875360561535,67.397744624177,4.0730827187531e-05
0.0774031353951432,59.2718513100408,5.16800663370823e-05
0.0629211671161465,69.7567129996605,8.4822469174529e-05
0.0158577529829927,37.2760284983087,0.000160353346154861
0.0649658228014596,26.9010747910943,8.01432155619658e-05
0.0212230808474123,14.7041215549689,0.000172228271393756
0.0440173132461496,45.4569477052428,0.000128084484949575
0.0978609651536681,66.8073116673622,4.86173184174432e-06
0.0299258620897308,51.6199662280269,0.000160333178068698
0.0739237497630529,61.6708233661484,5.96427408868396e-05
0.0653003768064082,53.3336854807567,7.93775790552923e-05
0.0889630731963553,6.69695145566948,5.86786776406103e-05
0.0497407423751429,43.6533665168099,0.000114986252019471
0.0527992342389189,64.7668508777861,0.000107986805019485
0.0365930108283646,69.1509096731897,0.000145075215544816
0.0370529769011773,20.019927546382,0.000144055478003376
0.0949449728103355,24.0200386336073,1.15350645719232e-05
0.0319669010047801,54.9206980050076,0.000155662201539383
0.031868827121798,48.7506350630429,0.00015588664645426
0.0632589326472953,35.6935950357001,8.4049482997355e-05
0.0752616731496528,69.0739625866991,5.65808645596663e-05
0.0540885099186562,32.161709391512,0.000105036260375056
0.0657846049265936,31.9744769716635,7.82694090113294e-05
0.0687309468211606,41.1350124632008,7.15266204562538e-05
0.0292116110562347,46.230960523244,0.000161967762195879
0.07390591080999,6.84136469732039,8.56857865376686e-05
0.0485701277898625,36.7531126528047,0.000117665237320732
0.0486649787682109,57.1341368102003,0.000117448168116229
0.0129449198627844,61.3125759002287,0.000153687243398083
0.0715646264236421,28.2949775340967,6.50416628117946e-05
0.0662857454223558,27.0981471054256,7.71225345072057e-05
0.070033576884307,16.5333075507078,6.91143883148241e-05
0.0382849938725121,51.648376166122,0.000141203063461415
0.0834726077294909,36.3380104873795,3.77899035332161e-05
0.0955678571807221,58.4785479947459,1.01095756931467e-05
0.0670135118137114,28.977125614183,7.54570200930607e-05
0.0814052508957684,25.2980420738459,4.25211093798239e-05
0.0479854731122032,13.2471785624512,0.000120537432452554
0.0301679473998956,13.6037259513978,0.000160624176973437
0.0267255589435808,68.9206862589344,0.000167657164285784
0.0141425109957345,11.0401057952549,0.000155454840047193
0.0987862985976972,44.0064555464778,2.74407951920386e-06
0.0774832332180813,44.0464073326439,5.14967601550029e-05
0.0370054823555984,22.3947023623623,0.000144131262537103
0.0233676046249457,63.6460739641916,0.000175341939766155
0.0957693735975772,44.8433746781666,9.64839955071182e-06
0.0258401280944236,19.8471421259455,0.000169710031472749
0.082493280810304,19.8866468388587,4.01131943294658e-05
0.0385913571063429,63.4606484521646,0.000140501942348967
0.0486374860000797,38.5836674424354,0.000117511086110453
0.0693190239765681,58.6254258221015,7.01807888946502e-05
0.0949043350387365,50.4040641395841,1.16280652863843e-05
0.0502480863174424,52.7454768726602,0.000113825180748709
0.083323846696876,66.5749319770839,3.81303474545432e-05
0.0414695754181594,42.664866654668,0.000133915056581327
0.0999528992152773,49.1612450964749,7.42802990018641e-08
0.019855318472255,59.4780892995186,0.000169501890279651
0.0690111103001982,68.6449505423661,7.08854582396461e-05
0.0245174442860298,12.944031796651,0.000173602210332325
0.085634602222126,21.0741828323808,3.2849829513446e-05
0.0123697267193347,13.0831447360106,0.000151946249905122
0.0823261076700874,32.9526452056598,4.04137020452605e-05
0.0515959411486983,31.922893532319,0.000110740576023489
0.0141077715903521,10.8186976134311,0.000155315429982036
0.0451619077427313,14.9468635651283,0.000126242200173193
0.0598325344314799,23.0585772218183,9.18908943139893e-05
0.0357821428542957,48.2592523726635,0.000146930910332074
0.0650977502064779,40.8604165632278,7.98412958837713e-05
0.0220765619562008,18.0939850525465,0.000174508997067615
0.0134056714246981,29.5345099584665,0.000154741686660127
0.030152762408834,46.4936580485664,0.000159813910132545
0.0423807153454982,37.5156823871657,0.000131829886531829
0.0588882215088233,12.1751309838146,9.6901792826168e-05
0.0981023228517734,31.0421480098739,4.30937777602488e-06
0.0734104979410768,6.82923829881474,8.67932102296167e-05
0.0925222111283802,38.6130655696616,1.70796246825089e-05
0.0245378003665246,43.1669590808451,0.000172663913000807
0.0944452946423553,52.5929145666305,1.26785924966662e-05
0.0508432851568796,51.3333829503972,0.000112463051007435
0.0637170397816226,61.417974679498,8.30010915842483e-05
0.0444794151117094,66.540940864943,0.000127026951478622
0.0884061771817505,9.45935150957666,3.66928965291611e-05
0.0642523878300563,60.1863987848628,8.17759321074691e-05
0.052493757957127,64.6024750685319,0.000108685896316565
0.0758265789737925,5.48419539118186,0.000100690764752773
0.0373079119622707,17.8883859294001,0.000143589324421554
0.0624244971084409,22.8945486468729,8.59591128375684e-05
0.0254859918681905,58.2424954359885,0.000170493949352922
0.0115108880447224,35.9753657039255,0.000150405420148625
0.0560405876929872,29.5697650162037,0.000100568873986651
0.0952531748241745,62.8571039950475,1.08297353582982e-05
0.073813086617738,40.4244932939764,5.98959966923094e-05
0.0875007100845687,49.4992639846169,2.85714749086985e-05
0.0418124915659428,34.1263898496982,0.000133130283069167
0.037800406566821,32.8477958810981,0.000142312055511785
0.0448608403210528,69.9990202859044,0.00012615404886643
0.0210544020030648,25.8599190344103,0.000172246027585316
0.0365999259823002,50.891387333395,0.000145059390015233
0.0771621182118543,24.5183812954929,5.22316411248059e-05
0.0157168089132756,40.5622646049596,0.000160030791578983
0.0185735250031576,60.7105116837192,0.000166568468890457
0.0571616007527337,64.5674221857917,9.80034032097238e-05
0.0376551334746182,20.1522034325171,0.000142674021350581
0.0415154816349968,5.37719567772001,0.000159557663305835
0.0786914175050333,56.9552973087411,4.87317955059564e-05
0.0945558200520463,25.2504064270761,1.24256519031512e-05
0.0875851655332372,29.1763234976679,2.83781961742293e-05
0.0280758294183761,33.7124322529417,0.000164567031290528
0.0927249352727086,68.3992770023178,1.66156846208563e-05
0.0391211153683253,42.5181373523083,0.000139289575259989
0.0432065796968527,12.3651240556501,0.000131897119901944
0.0207942017237656,14.3114297289867,0.000171191290154318
0.0462180295120925,35.9659780585207,0.000123048082189145
0.0735194263258018,40.945594831137,6.05680467552024e-05
0.0412129001063295,21.7894167243503,0.000134502465448631
0.026571422952693,46.8044751300477,0.000168009908954419
0.0676079416973516,57.3649829579517,7.40966501293455e-05
0.0791916250111535,60.9837802872062,4.75870561755856e-05
0.0320771117997356,53.0274271511007,0.000155409980950781
0.0861373538663611,68.1831153365783,3.16915550058429e-05
0.0179632994858548,20.8631053252611,0.000165167575212157
0.0217200080957264,68.7771577050444,0.000173769286359887
0.0747858288185671,51.2603038246743,5.76698480600396e-05
0.0523701068433002,32.6555432134774,0.000108968875463238
0.0743093494954519,36.7216317402199,5.87602847580195e-05
0.0622190788318403,30.8872676000465,8.6429218498768e-05
0.0536572302179411,42.7065673400648,0.00010602325643121
0.0223708008928224,9.80584894423373,0.000172940487159057
0.0319400903768838,47.4640778300818,0.00015572355843597
0.0540185258677229,57.3906095582061,0.000105196420897683
0.0224186483165249,41.0274739796296,0.000175368144691163
0.0178232641611248,61.9127720373217,0.000164851475276
0.0718264675862156,63.793725335272,6.44424317458059e-05
0.0330550512205809,8.66810935316607,0.000157958210699639
0.0215238789375871,41.9653910316993,0.000173320439114679
0.0707042109034956,66.1114717589226,6.70107485898406e-05
0.0807171691488475,28.7509273574688,4.40958043385624e-05
0.0158027689345181,45.5586455273442,0.00016022751357126
0.0270742295403034,68.6285962362308,0.000166859221550962
0.0793504349188879,52.1531771379523,4.72236151132029e-05
0.0850275884824805,44.0945938113146,3.42312851515696e-05
0.0254150354326703,5.63576805521734,0.000167765961468515
0.0893741969345138,17.0296900428366,2.48693390887018e-05
0.0153963853721507,33.2348081620876,0.000159297493047045
0.0335868301498704,50.3626994288061,0.000151954946885845
0.0363880201545544,18.2129315542988,0.000145658255093995
0.0978576583880931,43.1179048796184,4.86929947030579e-06
0.0962079122359864,51.3670229690615,8.64479120591087e-06
0.0865478993579745,11.1758069577627,3.64795254276228e-05
0.0102326504932716,34.7103396768216,0.000147480136579707
0.0266237988253124,30.5328170862049,0.000167890045256621
0.0947239622450434,66.6292476316448,1.20408536363051e-05
0.0551169213047251,55.2917385520414,0.000102682711203902
0.0318764266790822,65.5170962912962,0.000155869254647839
0.0242306496528909,13.3095506613608,0.000174120149902427
0.0570909189083614,5.28237059479579,0.000134671056366923
0.0862449939316139,20.0372025289107,3.1520630194503e-05
0.0395798132801428,11.0045575618278,0.000140990909786509
0.0195267185522243,39.79368508677,0.000168749879868345
0.0322964988322929,62.9592840163969,0.000154907907387972
0.0956318777799607,7.38462577341124,3.52821936944102e-05
0.0618611400923692,7.75419007521123,0.000100174750930351
0.0806166050443426,15.9772749291733,4.5137270963823e-05
0.0308370259683579,53.0095583410002,0.000158247953205984
0.0374896279559471,20.1755494764075,0.000143051968927013
0.0100200848421082,12.7621912548784,0.000146601910215238
0.0410707586607896,69.4164323213045,0.000134827760253675
0.065391255998984,38.5568486619741,7.91695993972884e-05
0.0479758390993811,35.3216234152205,0.000119025284159823
0.0246391340135597,53.2450555579271,0.00017243200802171
0.0631300616194494,29.9771969416179,8.43444080680817e-05
0.0758969643712044,53.1370944273658,5.51269822435247e-05
0.0870711097610183,63.5980002791621,2.95546276616882e-05
0.0801285234070383,8.16737795714289,5.87288405469074e-05
0.0444344358704984,33.7967840384226,0.000127129887771729
0.0885358535009436,7.776448832592,4.44127337746714e-05
0.0677052745153196,32.010690177558,7.38739011631655e-05
0.0862950195604935,61.0001964762341,3.13307325093484e-05
0.0471031406964175,50.70713718771,0.000121022479670088
0.0264887307211757,44.0234582684934,0.000168199152515493
0.065949552776292,55.4346422688104,7.78919210914171e-05
0.0384223827160895,42.5134227355011,0.000140888645123279
0.024669861944858,26.2257223122288,0.000172361686263105
0.0478420756594278,65.7826992403716,0.000119331405657015
0.0439649966754951,40.8724116289523,0.000128204212933113
0.080930100439582,38.797578138765,4.36085049274418e-05
0.0193667519418523,63.059819880873,0.000168383791658555
0.0467218587128446,65.695478428388,0.000121895054505966
0.027891792266164,16.4772715698928,0.000165219877855735
0.0708001622371376,34.405938439304,6.67911611904562e-05
0.076314634711016,38.8310497463681,5.41711316030172e-05
0.0198033353337087,29.2743271728978,0.000169382925365127
0.0428646432887763,64.3434073706158,0.000130722403451392
0.0197529469779693,64.7312160022557,0.000169267610157134
0.0586184117756784,37.5684179016389,9.46694490917264e-05
0.0195866738026962,41.127367829904,0.000168887089191351
0.0859112741565332,59.0970161266159,3.22089449539591e-05
0.0193578107142821,22.7526630996726,0.00016836332940092
0.0643557091406547,24.0702957753092,8.15394783028773e-05
0.0127321134204976,65.5052970745601,0.000153200229706242
0.075762652461417,22.9271906695794,5.54343589297792e-05
0.0120054926257581,13.9188338222448,0.000151233546951636
0.0385613359580748,19.1602073761169,0.000140632431909352
0.0559359844750725,40.6434765108861,0.000100808261473175
0.0394328858307563,36.756471733097,0.000138576079548657
0.0862352878553793,66.7910695192404,3.14674302423447e-05
0.0749800733476877,63.9286032994278,5.72253138427936e-05
0.0583856327249669,30.0570304284338,9.52021706750204e-05
0.0997404382540845,41.1608495167457,5.60503347376957e-07
0.0553889122186229,48.4317802125588,0.000102060252138749
0.0950292013608851,50.9193335962482,1.13423051003548e-05
0.0588058355310932,40.6990373146255,9.42405244121804e-05
0.0786204132298008,24.7857435257174,4.88942908413696e-05
0.0351675439742394,50.2262803551275,0.000148337437626835
0.0186464180564508,55.4556058591697,0.000166735286749035
0.0215326138027012,12.816952454159,0.000172516391509604
0.0599024412850849,25.6045730574988,9.17309104596787e-05
0.0161191202537157,8.04736755089834,0.000158192703502555
0.029712395069655,24.6784584003035,0.000160821703511895
0.0692819855199196,48.6278462526389,7.02655524728515e-05
0.0233141786255874,21.8881804589182,0.000175464206709337
0.0127627066965215,51.1008823092561,0.000153270243302362
0.0195370469428599,14.1126719571184,0.000168310591522037
0.0952273886534386,7.6864697446581,3.17419832681751e-05
0.0782989477762021,39.3614464905113,4.96299738201081e-05
0.0401845782180317,31.481596485246,0.00013685580980155
0.0536895651277155,68.8362193340436,0.000105949257055931
0.0230244785104878,15.683537889272,0.000176403759866429
0.0681769644608721,13.438016443979,7.48042976260902e-05
0.0999849767168052,20.0477266614325,8.74612134697327e-08
0.0939300588867627,47.2544631897472,1.38577244101694e-05
0.089241747148335,57.4374020146206,2.45870612840703e-05
0.0389601186639629,30.3782761318143,0.000139658020869638
0.0306978640379384,62.9608757945243,0.000158566429304588
0.0935160500975326,29.2216523911338,1.48051954863773e-05
0.0788237721356563,54.4963499694131,4.84288981096218e-05
0.0966691095684655,42.4383825168479,7.58932778504801e-06
0.0873655391135253,6.78005208377726,6.05117218701278e-05
0.0602716787462123,7.38971565268003,0.00010679577534487
0.0330902117746882,54.1681749257259,0.000153091472386363
0.0673392215068452,64.3846391898114,7.4711624049516e-05
0.0764980078907684,56.1701602197718,5.37514767829089e-05
0.013529957823921,53.5890963219572,0.000155026119675785
0.0769441746897064,68.5114219703246,5.27304111723354e-05
0.0642831572517753,47.8450348647311,8.17055153968368e-05
0.0647168248519301,55.7482985174283,8.07130545638211e-05
0.0399249836360104,50.5482665798627,0.000137449899503034
0.0935383182158694,33.8437107787468,1.47542342541654e-05
0.0301906967023388,39.2753570503555,0.000159727096405815
0.036464744345285,69.1668616875541,0.000145368757097378
0.0116259568859823,41.5265551954508,0.000150668758516559
0.0537533480580896,34.4196089135949,0.000105803287976875
0.0247901714034379,27.5503482390195,0.000172086354591015
0.0444707168545574,5.80818824702874,0.000150870524193044
0.0533298107003793,64.6465248370078,0.00010677256545736
0.0974169894470833,32.6617178064771,5.87778307415944e-06
0.0838152049458586,42.1960454015061,3.70058599048155e-05
0.024272876905743,38.3113216795027,0.000173270197995303
0.0639611426787451,49.7595918294974,8.24424550512602e-05
0.043431358744856,11.7741175205447,0.000131823370068779
0.0496543274261058,31.0887274099514,0.00011518401512715
0.0357168077421375,50.2984890644439,0.000147080431623991
0.0728813160397112,66.609230551403,6.20283805819932e-05
0.0721934726531617,53.9060428063385,6.36025300461347e-05
0.0102424711082131,24.9072108964901,0.00014750261134075
0.0438652368984185,10.6546206702478,0.000131840899877126
0.0536633134260774,9.13023643312044,0.000112828158032869
0.074336052541621,40.4512537177652,5.8699174065324e-05
0.024685940425843,68.4979039558675,0.000172324890194811
0.0137550922017545,28.5178563313093,0.000155541346204318
0.0323795120068826,5.99806518061087,0.000170907749534395
0.0265528848022223,63.3704540075269,0.000168052334047398
0.0961426188237965,22.5887180643622,8.79421706624566e-06
0.0452820503595285,31.9777955987956,0.000125190097523256
0.0839438512548804,37.5562480837107,3.67114491096105e-05
0.0980403008963913,49.2435184249189,4.45131681293187e-06
0.0268780122254975,5.93667097971775,0.000171826735893144
0.0900665991962887,19.3477935378905,2.28291647528712e-05
0.0217602136963978,21.4891232608352,0.000173861298038694
0.0969393232674338,54.4152308197226,6.97093592761022e-06
0.0799349199677818,12.0481081667822,4.99235110471904e-05
0.0111693667504005,18.8928286044393,0.000149603317803684
0.0805775626632385,33.7667107535526,4.4415297814562e-05
0.0856538617820479,56.9954462151509,3.27980406104458e-05
0.0566642863443121,29.2936058959458,9.91415216024202e-05
0.0351428342075087,11.5234030294232,0.00015049149640422
0.0318940613442101,9.52871135086752,0.000159430068528441
0.0763938519521616,66.3130701659247,5.39898406578127e-05
0.0711200412479229,7.36527212196961,8.51017006389232e-05
0.0522311472310685,20.4733788687736,0.000109314834690229
0.0707647765451111,22.8012401564047,6.68721423690659e-05
0.0926203279057518,20.6423846504185,1.68928076876533e-05
0.0850751025159843,19.5169644313864,3.42330162343201e-05
0.029974409067072,61.6122128511779,0.000160222076908373
0.0250209065689705,50.5921000987291,0.000171558310498007
0.0274053392955102,65.7743368926458,0.000166101467309338
0.0816065184958279,29.6129568840843,4.20605026618149e-05
0.0169290374475531,15.5528140848037,0.000162586616416186
0.0951423537218943,58.7738376157358,1.10833526528469e-05
0.0236190753616393,43.4494967549108,0.000174766441719428
0.0362051521940157,40.0473545957357,0.000145962841236015
0.0235062040667981,42.6417811424471,0.000175024750938889
0.0394225017214194,41.1981339519843,0.000138599843882905
0.0954322402295657,52.9617866396438,1.04199390042811e-05
0.0334298944147304,39.724466415355,0.000152314098850095
0.0196426791441627,28.785220196005,0.000169015259033473
0.0921544632990845,11.2948209268507,2.38113040954551e-05
0.0286815504799597,53.0636340309866,0.000163180821139851
0.0889608786045574,34.0622107975651,2.52298370617072e-05
0.0393484119419009,11.3453002052847,0.000141247104025318
0.0128240983327851,50.4440778540447,0.000153410739835754
0.0458215298480354,63.374228636967,0.000123955483126499
0.0954127437761054,49.4308216113132,1.04645572013407e-05
0.0691226758412086,45.8167065121234,7.06301372755542e-05
0.0902111017820426,60.5220660474151,2.2368665197036e-05
0.0883174088876694,37.3628349415958,2.67024361007291e-05
0.065212774372194,6.03510595858097,0.000111737047278779
0.029135719879996,46.9799521309324,0.000162141441345443
0.0387814148119651,50.3106434608344,0.000140066989798268
0.0384948309836909,63.4285291272681,0.000140722845169608
0.079565140218474,44.8654272046406,4.67322558315688e-05
0.0720293968357146,32.3114293976687,6.39780222950442e-05
0.0547724588215351,69.2761650064495,0.000103471023549319
0.0527804074785672,5.58798674377613,0.000138551518119224
0.0748557127895765,10.887182407314,6.2887688944007e-05
0.0209168860060163,67.1881630970165,0.000171931318252788
0.0804202876077034,22.6254019979388,4.47752263233399e-05
0.0556085597188212,66.4438920386601,0.000101557582488217
0.084370094940532,43.2643384940457,3.57359781194364e-05
0.0997514005680569,28.9657198963687,5.35415775114352e-07
0.0299191665626131,24.6476040349808,0.000160348500975962
0.0288789316429757,49.0891664638184,0.000162729108645308
0.0940600082674064,22.0402720372658,1.35603314979079e-05
0.0903083257400431,16.4813857909758,2.28950574947366e-05
0.0519715073239058,45.1898513338529,0.000109881081980203
0.0211704843421467,64.0916101029143,0.000172511685372299
0.0769811337906867,25.7976431120187,5.26458292018738e-05
0.0806163881835528,27.5444544118363,4.43264444895278e-05
0.0597361675859429,24.4314319873229,9.21114326243509e-05
0.0863831013347954,9.9512198951561,3.96745507692891e-05
0.0753516239416786,27.5605230790097,5.63750095731457e-05
0.0614764772891067,17.0402932201978,8.85293418662562e-05
0.0781395740178414,62.3303642286919,4.99947052709407e-05
0.0299042708519846,39.5845703221858,0.000160382590240121
0.011227365497034,34.6369105321355,0.000149756570606355
0.047965076463297,52.1336388518103,0.000119049914763469
0.0192002804088406,56.7943991243374,0.000168002816745356
0.0329025822016411,62.8609657357447,0.000153520868085507
0.0311562135769054,39.850700206589,0.00015751748314146
0.0527042924845591,45.4158253048081,0.000108204081967512
0.0642208497668617,52.2732067643665,8.18481078763267e-05
0.0877078579878435,28.9680383633822,2.80974109468804e-05
0.0497945397766307,15.3010286821518,0.000115592731966546
0.0594989604805596,54.0373117220588,9.2654287938702e-05
0.0171824874239974,13.4595285507385,0.000162881806157277
0.0599236657936126,25.203605783172,9.16823375586684e-05
0.0202173235453665,65.8731892367359,0.000170330349348966
0.0931470235669985,52.6292965165339,1.56497233638759e-05
0.0932057514972985,51.8311832554173,1.55153227985444e-05
0.0884147946164012,18.5968688502908,2.66661494346757e-05
0.0459462873940356,25.7755650242325,0.000123669971877828
0.0680769427702762,6.49404162773863,0.000100993084002321
0.0934735119598918,66.4601911965292,1.49025452434328e-05
0.0490130499540828,34.3814468127675,0.000116651597150458
0.010062224525027,52.0937716192566,0.000147090111827221
0.0675787872378715,42.8968528308906,7.41633709522327e-05
0.0833410097961314,9.01104230899364,4.90503053766645e-05
0.0552339113829658,30.6122063146904,0.000102414976029626
0.0826724717975594,52.7462064521387,3.96210377319595e-05
0.0348045432358049,67.1807336236816,0.000149168175305009
0.0295467125670984,9.51744583435357,0.000164548434572127
0.0295772733632475,41.1573924741242,0.000161130933441112
0.0484505705651827,69.2967710562516,0.000117938847483807
0.0873252633563243,8.51780556840822,4.2150020430595e-05
0.058589885791298,12.1351179049816,9.76089182706122e-05
0.0385542338038795,66.6274236526806,0.000140586900099267
0.0190414831996895,35.6320621015038,0.000167639404744049
0.0275189176877029,11.677162994165,0.000167407960604152
0.0303642656956799,69.796345155919,0.000159329878749583
0.0942683217581362,19.8032530350611,1.31837525962698e-05
0.0722031735954806,20.2207593561616,6.36330266033169e-05
0.0330777793587186,45.503809339134,0.000153119924329522
0.0577088708430529,69.3995676818304,9.6750959795623e-05
0.0106436334992759,45.5283120437525,0.000148420683063578
0.0681356550892815,58.1713341805153,7.28889627845651e-05
0.0844014888978563,12.2034220444039,3.9709284136446e-05
0.034961352404207,5.01529633416794,0.000173104840692711
0.0852154676266946,59.6259229897987,3.38013183015987e-05
0.080190241811797,37.1439420897514,4.53016927740396e-05
0.0841653199959546,29.9630920914933,3.6204611496713e-05
0.0792087697749957,18.1633991794661,4.78064449820649e-05
0.0373686588625424,43.0661086563487,0.000143300122607617
0.0125707950186916,6.12477094051428,0.000146838974594105
0.0355529630347155,12.7884942991659,0.000148831261933952
0.0478688018815592,39.0490526286885,0.00011927024192546
0.0617348018242046,48.7529897305649,8.75375004230733e-05
0.0877449150523171,62.7795244741719,2.80126047841339e-05
0.0696595293004066,15.3025614074431,7.04214402289627e-05
0.0659679277939722,57.5909700652119,7.78498693325421e-05
0.0433053170074709,55.2408905490302,0.000129713908913668
0.057373352625873,41.0021804179996,9.75188029298471e-05
0.0864561864803545,66.8140193249565,3.09618973566122e-05
0.0957733561750501,46.7561218293849,9.63928530709551e-06
0.0918344373325817,52.1495441929437,1.86536148862058e-05
0.0798971338872798,36.1731522821356,4.59724787281344e-05
0.0613529943162576,26.3935875962488,8.84112779366656e-05
0.0874324541306123,37.2936941799708,2.87276806314632e-05
0.0897711227764376,56.9741948973388,2.33755698637813e-05
0.0604186927597039,46.4112807041965,9.05494540438364e-05
0.0424368083407171,24.2791416239925,0.000131701516091562
0.0998458204651251,59.1175572667271,3.19333112576984e-07
0.0984777689981274,24.4233601819724,3.45015842223846e-06
0.0815447201486677,43.0669262097217,4.22019299648455e-05
0.0542986683500931,14.7073272825219,0.00010558705052543
0.0490319882356562,12.4743976211175,0.000118743998662884
0.0916227734275162,20.1958373945672,1.92066690839119e-05
0.0877998126414605,60.969187138835,2.78869700652102e-05
0.0287271476350725,49.7805414511822,0.000163076470732926
0.0568536663311534,67.8639011748601,9.87081200307329e-05
0.0982358463597484,7.11131910793483,3.42392994447503e-05
0.0213917864719406,44.0900243900251,0.000173018141690468
0.0213697545556352,31.1825496086385,0.00017296772101343
0.028893881207332,40.637927375501,0.000162694896135337
0.0296283114422113,23.6974850506522,0.000161014131322748
0.0763802483957261,14.8813618172426,5.53723827361284e-05
0.0749560892651789,36.6025736706797,5.72802021085929e-05
0.0866396071435884,21.7571736942045,3.05421338691846e-05
0.0878477861289866,40.6663553079125,2.77771813528972e-05
0.0141745952237397,63.966815660242,0.000156501390990933
0.0109169264999218,14.3234675028361,0.000148806059548171
0.0198974965861999,20.8083706407342,0.00016959276830211
0.0132355223735794,56.7693250055891,0.000154352295640485
0.0928124527563341,41.9611640321091,1.64153983309157e-05
0.0246189363719896,5.17024165368639,0.000164093611989535
0.0711541518219747,63.8486582145561,6.59810457976509e-05
0.0452827631565742,34.7170069720596,0.000125188466266622
0.070011416033376,50.130728976801,6.85962296671966e-05
0.0661604163981974,60.5513622320723,7.74093536001536e-05
0.098954936475493,10.5614650784992,1.031174945486e-05
0.0499976707366295,41.3388255937025,0.000114398264040716
0.0387815723288804,68.3075553865638,0.000140066629316256
0.0221483332593925,26.9117333134636,0.000174749520872638
0.0871001581894234,62.3610914382152,2.948814949398e-05
0.074486967031844,30.6420132413041,5.83538018940404e-05
0.0964408537489362,50.8096893236507,8.11169782309059e-06
0.0141917543206364,44.9583511555102,0.000156540660079962
0.0254525488708168,27.7195472968742,0.000170570484618688
0.0789042357029393,45.5985729931854,4.82447549110416e-05
0.0822897743200883,14.1974758857396,4.23897871650418e-05
0.0359628461045213,53.5905451595318,0.000146517365722831
0.0924277175753377,52.7933323709294,1.72958759088712e-05
0.0144982134643942,35.304086660035,0.000157242000685049
0.0681145177735016,37.334207376698,7.2937336142453e-05
0.0702192579582334,23.9913155883551,6.81205774169342e-05
0.0506316522019915,29.6558789280243,0.000112947379139458
0.0286088375956751,45.0054221379105,0.000163347226676447
0.0793713143654168,46.8757458345499,4.71758318965468e-05
0.0284869373566471,61.7566275002901,0.000163626198895555
0.0268138676998206,50.2397464145906,0.000167455067145603
0.0413249981915578,55.0489206146449,0.000134245925741709
0.0415051590069197,39.5235118234996,0.000133833622510324
0.0670443933433853,32.9984163749032,7.53863468201344e-05
0.019610948653426,40.8215744467452,0.000168942642888626
0.0625419258745387,22.241080631502,8.56903737134561e-05
0.0823150565498509,60.1421164220665,4.04389928532245e-05
0.0408061380800791,54.9146429251414,0.000135433352098377
0.0388188068801537,8.98551713675261,0.000145123364221708
0.0636736049689353,46.1807752226014,8.31004934080557e-05
0.0436013216339052,25.3032549470663,0.000129036493773541
0.0149804081348702,28.6640018702019,0.000158345517120599
0.056407663859427,28.2426457339898,9.97288095737345e-05
0.0740919514046982,9.39130634302273,6.79770121685782e-05
0.0824487261124887,43.374902671203,4.01330861969813e-05
0.0595749927661382,48.7558379175607,9.24802858563366e-05
0.0302852898323909,31.9482101430185,0.000159510617294589
0.0889259261731058,15.4759611166082,2.65040705610701e-05
0.044077502519358,61.3333545078058,0.000127946740058774
0.0445680117444135,46.3404319656547,0.000126824195524835
0.0747458914387971,16.009703396121,5.84999146340465e-05
0.0969208003301173,22.0593408064451,7.01332620484662e-06
0.0957562695816159,7.43261475348845,3.43220610630467e-05
0.046763745744247,25.8315731585026,0.00012179919482435
0.0274809399759397,6.80247132200748,0.000175774996328433
0.0751774495863356,48.1325342180207,5.67736126178093e-05
0.0606414460693486,19.9059874447994,9.00990642717718e-05
0.0114132736157626,43.6540175357368,0.000150182026707553
0.0279566741897725,42.1267874725163,0.000164839721473968
0.0464164153719321,11.6645230841823,0.000125246600317381
0.0224549583229236,45.4677536024246,0.00017545124118992
0.0194804108631797,69.6183715609368,0.000168643903383987
0.0561487035569735,50.3778691671323,0.000100321447708101
0.0147591972840019,45.4753474914469,0.000157839269696889
0.0377985602640547,25.7421744137537,0.000142316280829012
0.0773855258966796,33.9421101624612,5.17203661831116e-05
0.0957015779567882,38.1235008500516,9.80355183349303e-06
0.0172791204578243,69.3848465452902,0.000163606186688923
0.038880194996018,46.7853537097108,0.000139840928492984
0.0945552561804652,49.4017087901011,1.24269423395567e-05
0.0181923049199395,28.9668519492261,0.00016569603571533
0.0598023519315757,69.3335520895198,9.19599678370902e-05
0.0234085135301575,62.4447957763914,0.000175248318554587
0.0700422700913623,47.0158809842542,6.85256192640213e-05
0.0808884825091809,65.2065787871834,4.37037487636416e-05
0.0372295829304494,57.5744922657032,0.000143618401896565
0.0373107518558391,43.7487847765442,0.000143432644465578
0.077352809170261,6.67476478149183,8.11740883407531e-05
0.0612263862765394,43.0759417254012,8.87010240936768e-05
0.0916722041927278,46.8346612993628,1.90248901142024e-05
0.0951392029435374,24.4893843703903,1.10905633001529e-05
0.0727603497751989,47.3661624919623,6.23052153734369e-05
0.094662496491801,35.627116978867,1.21815197885449e-05
0.0808859376376495,58.8477270002477,4.37095727756709e-05
0.0960616666963324,54.9676437082235,8.97947834891639e-06
0.057431574142538,51.2880924972706,9.73855613067509e-05
0.0478074190043844,54.040034993086,0.000119410718413425
0.0469676538533531,13.1648489506915,0.000122889465818772
0.0545408771885559,53.1529443932232,0.000104001004807535
0.0497887062444352,24.0525598265231,0.000114876485318764
0.0293527099397033,67.1395000338089,0.000161644853324257
0.0502158792945556,63.0606677778997,0.000113898887451151
0.0685699839168228,31.3885649468284,7.18949887135704e-05
0.0728456176398322,23.7639122118708,6.21100774015587e-05
0.0449765358981677,63.0961188359652,0.000125889276195383
0.0881444792449474,62.9119773220737,2.70981905845959e-05
0.0412751582008787,22.3560852580704,0.000134359986000417
0.0198762166732922,16.6213421628345,0.000169393938629583
0.0811966977873817,24.308589209104,4.29983891941415e-05
0.0639730908931233,28.3734490221832,8.24151112174331e-05
0.0803570209606551,54.1446271305904,4.49200138730882e-05
0.043075540731661,16.7361826915294,0.000130561501668644
0.0301205112342723,63.7593422981445,0.00015988771787737
0.071087525121402,56.9981257035397,6.61335229269726e-05
0.0148784576845355,27.655596465338,0.00015811220056933
0.0345889601833187,18.9383322955109,0.000149723693066365
0.0742753737024032,21.3208918250166,5.88380393420823e-05
0.0202149923285469,45.6875991693232,0.000170325014291918
0.0311890252283774,18.295206471812,0.000157533103992076
0.0741927864542231,53.0661947326735,5.90270426457553e-05
0.0945656330185011,10.1324730564374,2.12187317442805e-05
0.0171275630546734,8.13958254992031,0.000160398462517092
0.0547931784251705,31.5784009883646,0.000103423606137743
0.0952544544474222,29.6530765667558,1.08268069035235e-05
0.0307764115650207,58.1115055002738,0.000158386671019368
0.0505868115345948,27.7091566764284,0.000113049998302387
0.0617832162836567,16.6625436232425,8.7902728040882e-05
0.0317512292508036,38.1098103686236,0.000156155772579814
0.0913200332084671,40.0940421433188,1.98308435870433e-05
0.0594051446043886,23.832038390683,9.28689882819639e-05
0.0604349001124501,57.2034610563424,9.05123630487937e-05
0.0193487446382642,34.5842364011332,0.000168342581424005
0.0135886947438121,8.39233627077192,0.000153039063127966
0.0278515170747414,21.3976515829563,0.000165080376570046
0.0611977953114547,22.5291499611922,8.87664553433588e-05
0.0475408634194173,30.664707358228,0.000120020738571276
0.0140444749570452,49.0874797350261,0.000156203607001006
0.0601892661978491,40.3651917609386,9.10745033595174e-05
0.0797787727392279,53.170345366234,4.62433516352881e-05
0.0922577609098516,26.4622371841688,1.76848266484346e-05
0.0388663288345561,40.0398876960389,0.000139872661604128
0.0109646611870267,61.4712897804566,0.000149155364202525
0.0153148075775243,15.9383269352838,0.00015895277546715
0.0183996557071805,5.42999661643989,0.000154954419415838
0.0863137161498889,58.6757525044959,3.1287944824312e-05
0.0876302002416924,21.3210123975296,2.8275132942731e-05
0.0318904394400306,43.4910005924758,0.000155837186039535
0.0594872081722133,43.1517065747175,9.26811834359148e-05
0.0748941936250776,43.7121862743516,5.74218520693301e-05
0.0644049128820188,69.9247398541775,8.142687411911e-05
0.0716770915105008,56.0245158430189,6.47842832110379e-05
0.0610601758817211,49.8074296966661,8.90814013845752e-05
0.0637357273185626,11.4663176273461,8.68288575994099e-05
0.0481002279673703,42.9361535678618,0.000118740616641433
0.0451631043851376,60.7462263759226,0.000125462308822384
0.0586915288353339,52.4843984725885,9.45021185881162e-05
0.048065095031634,67.5682738842443,0.000118821019379969
0.0460572291119024,47.4225612345617,0.000123416078551024
0.0930990494927391,47.4238737754058,1.57595134189449e-05
0.043766804668121,64.7198203182779,0.000128657781068397
0.0204568657232448,58.6677356052678,0.00017087854854419
0.0724416828295216,39.932426395826,6.30344938859393e-05
0.0679730231594294,62.1841234667227,7.32611506549947e-05
0.0799466357100755,69.3993557756767,4.58591923763985e-05
0.0409775051684119,48.4307047305629,0.000135041173565377
0.0248204904026352,9.3410708126612,0.000174981865857939
0.0262331142951734,10.1904053869657,0.000171182740163549
0.0286556866928004,47.2045608947519,0.000163240011164054
0.0642587327631191,58.6580262111966,8.17614115448292e-05
0.0175839850911871,30.5322757433169,0.0001643038782109
0.0830469537735917,7.0669028093107,6.49175272580501e-05
0.0792277746717446,22.5466518779285,4.75043266328422e-05
0.0634946314501576,52.5383053277619,8.35100794769029e-05
0.078403166285716,41.4018522074912,4.93914667498753e-05
0.069885505954735,6.11214947886765,0.000102357660536108
0.0721563899191097,63.3599371695891,6.36873949544532e-05
0.048315335304942,16.7306883714627,0.000118610063506925
0.0695724372612312,33.0178150651045,6.96008452707683e-05
0.0671476602554321,23.0445964552928,7.51500175081998e-05
0.0224703310686164,47.3019287001807,0.000175486422162607
0.0240088171581738,36.0417119134218,0.000173874506357156
0.0670707285497338,25.7285634463187,7.53260779394966e-05
0.0570512831304222,5.2880824811291,0.000134669912528008
0.0431378426006995,12.4193091189954,0.000132013912530356
0.0963456678087823,68.9941113325767,8.32953359736292e-06
0.0688037132448517,14.8460625833832,7.2595546617245e-05
0.065372001468204,31.5733743389137,7.92136639473042e-05
0.0846622507437132,64.2602304974571,3.50673711225288e-05
0.0820260101812892,58.9336087869015,4.11004838191635e-05
0.0301525581418537,69.822621201165,0.000159814377603432
0.0919701010128483,37.4090585869271,1.83431446341527e-05
0.0110099655832164,68.7812261155341,0.000149259044622196
0.0640359330386855,12.1361720329151,8.54115224746128e-05
0.0705568509269506,9.35469170799479,7.5742234246026e-05
0.0420065359771252,54.5108428853564,0.000132686206827604
0.0588813001732342,54.2766736913472,9.40678213982228e-05
0.0813641657400876,42.3195072507951,4.26151339456825e-05
0.0795313949487172,42.6396185101476,4.68094828564173e-05
0.0519457367016003,54.5668608718552,0.000109940058793946
0.0728549490240403,19.4985794159584,6.21844442088362e-05
0.0192973921122029,38.3436488092411,0.000168225059684373
0.0894951407355256,20.4774595226627,2.40547687096336e-05
0.0850266997073777,40.813224130543,3.42333191390719e-05
0.0766180501342751,31.4671319758054,5.34767566402345e-05
0.038799096038565,5.80311537836678,0.000160849316742534
0.0376078547840007,14.7603543079458,0.000143452210364893
0.0315518638398498,24.730162457563,0.000156612026083094
0.0994109506485984,32.1671114547644,1.31454525249577e-06
0.081366555755958,52.3851932038087,4.2609664325308e-05
0.094018373908475,32.0220061356667,1.36556129312737e-05
0.0239043526398018,8.19990932010114,0.000174838811641345
0.0721601799852215,69.177365283249,6.3678721278649e-05
0.0306395329278894,47.8196208819281,0.00015869992173531
0.0961413735244423,41.272196106147,8.79706696979841e-06
0.0630944067216478,44.2138576274738,8.4426005331886e-05
0.0221711496799253,9.02429844485596,0.000171897291326626
0.0374736271961592,8.07020622771233,0.000149435051176347
0.0675457301223651,12.8209813346621,7.68198487100336e-05
0.0965357392816804,43.247128285002,7.89454953985515e-06
0.0541774189658463,27.8600228100549,0.000104832789451691
0.0187893656943925,16.4608683809638,0.000166905348072235
0.0261172141577117,58.6064286064357,0.000169049378905296
0.0314877244690433,64.6067519194912,0.000156758810886379
0.0725878052599728,12.3400257830508,6.60176148173282e-05
0.0352546859066933,14.5775592804421,0.000148842941764605
0.0664745550625958,13.3499598421622,7.87193259848932e-05
0.0364677506824955,50.2326666272711,0.000145361877007809
0.0957875277101994,9.25715579418465,2.13360225837518e-05
0.0789828921738081,68.5389493999537,4.80647473048183e-05
0.0352599083562382,10.1312574790791,0.000151414364440004
0.0229416587692685,42.7260547457263,0.000176316729163828
0.0286477756639943,43.3992977882735,0.000163258115782052
0.0613442095369101,16.585612972267,8.8919247381836e-05
0.0209677377343178,66.542060765205,0.000172047693902277
0.0639949308428913,49.9244147574063,8.23651298613621e-05
0.0298413049266674,43.8836003886536,0.000160526689579499
0.0869881588011049,63.7090839759912,2.97444633301719e-05
0.0701495948922821,39.9213335732929,6.82800033561554e-05
0.0530402671801858,53.2408762455452,0.000107435194169173
0.0973429566435516,68.7991026742384,6.0472092840893e-06
0.0939115754072554,35.8850537741091,1.39000243870694e-05
0.0661635541846045,68.682342186803,7.74021726853003e-05
0.0484730772743933,60.6459830515087,0.000117887340229486
0.0319357405044139,61.3509349850938,0.000155733513244799
0.066155222132802,50.883145936532,7.74212408265901e-05
0.042721891514957,31.2427368585486,0.000131049095010338
0.0873459340934642,65.6580443179701,2.89256842363209e-05
0.0433844034280628,50.4873214801773,0.000129532917355081
0.0159814083087258,6.08703967416659,0.000152908137291368
0.0251154197147116,57.3048756609205,0.000171342014433188
0.0971720886137336,42.7806213672739,6.43824570725838e-06
0.0787082345364615,9.15697483695112,5.86172718377699e-05
0.0440166515368037,8.98481413256377,0.000133917622488324
0.0153081644582562,34.4178894651122,0.00015909559693661
0.0687295644357801,6.53917894000188,9.92298436907881e-05
0.0423057680972852,52.1218848857097,0.000132001405474833
0.0794845311623067,32.0653011871036,4.69167319856643e-05
0.0355529474024661,63.6524937581271,0.000147455430745785
0.0784843837004155,51.1118441622239,4.92055983497014e-05
0.0594728602818214,10.2834369556513,9.79832659844589e-05
0.0536226051836275,9.57367734634317,0.000112074643997305
0.0892038251343183,59.01970786741,2.46738469088372e-05
0.049419385236688,7.69732248154469,0.000126464028031881
0.0402414002711885,39.0488931315485,0.000136725770891127
0.0781209000595845,17.2295128088444,5.05015622485825e-05
0.0589589606644586,19.4074450596236,9.39720802034528e-05
0.0336296302219853,5.96332476940006,0.000168889367964715
0.0826554696517997,63.2679995917715,3.96599476337777e-05
0.0766558289644308,57.1822683978826,5.33902986958704e-05
0.0560330157121643,32.6985823339783,0.000100586202683543
0.0265023291227408,11.3234156207182,0.000169847695622394
0.0599440607661382,56.8626500980463,9.16356630747669e-05
0.0715367451542989,52.4457483913284,6.51054699022666e-05
0.0823368616518565,20.5777992506046,4.04266277213846e-05
0.0208970586559735,63.9900894090533,0.000171885942789339
0.0139008569763973,16.3388465158641,0.000155753108129646
0.030962209503632,26.7995624209289,0.000157961467068552
0.0568605853407644,57.4490401451476,9.86922856773255e-05
0.0903532208269462,33.4630499011837,2.20434216564945e-05
0.0607788146287203,24.6881695650518,8.97253047415052e-05
0.0516522924951278,17.9267747071572,0.000110813986459944
0.0160880183218978,55.6559390341863,0.000160880315036057
0.0833944043214433,69.3148255906999,3.79688742920826e-05
0.0160631306073628,69.3960101192351,0.000160823358782257
0.0582878580968827,47.6896025182214,9.54259307364166e-05
0.0119617235427722,51.3231512368657,0.000151437170212009
0.0150723828212358,59.4601769035216,0.000158556003847793
0.0799017042876221,23.1324021960609,4.59620192348973e-05
0.0655764708295465,44.0916889475193,7.87457299060899e-05
0.0958681942033582,7.95059691765346,2.67141190866559e-05
0.023800008695107,68.4904555196408,0.000174352370558037
0.0492969855200499,44.197912075324,0.000116001802403924
0.0277204294735566,64.1019110847265,0.000165380374332903
0.0488318952335976,46.7560484143905,0.000117066174962435
0.0214012757083401,58.0309534212574,0.000173039858082143
0.0508803346357308,61.7137662949972,0.000112378262204605
0.0838492904370651,58.6465301888529,3.69278542733492e-05
0.0323622330906801,37.4962963187136,0.000154757472638377
0.0271848840313032,17.7213343547191,0.000166728270680013
0.0715550662134774,21.2480025854893,6.50635416289818e-05
0.0288679637340829,56.2154890678357,0.000162754209021708
0.0367587623768486,40.3638064407278,0.000144695888337011
0.0579109557834454,45.0719021924306,9.62884825706463e-05
0.0963852470717393,57.5077482894994,8.23895531051282e-06
0.0933786163269542,14.1734372044448,1.72859616498905e-05
0.015259638435673,57.7506181062199,0.000158984543731854
0.0836123146931641,6.70395537628792,6.88128494651691e-05
0.0942383119883016,13.1303973717149,1.63229338306353e-05
0.0301453450741246,26.0324881144334,0.000159830884917338
0.0523878492997028,42.8564140782692,0.000108928271339124
0.0300781892449595,53.4331236768048,0.000159984572972732
0.0680910343839787,60.7556101924274,7.29910785578873e-05
0.0805862630787306,61.6027705417946,4.43953866623253e-05
0.0366179833048955,66.7570509389043,0.000145018065310739
0.05933971647406,10.5456780851819,9.78153425275794e-05
0.0908105928474106,66.028317026794,2.09967125727029e-05
0.0626292890263721,12.7578628726769,8.79432293872909e-05
0.0631665182462893,63.9632629707921,8.42609760242085e-05
0.017408031236846,44.1417371190619,0.000163901202731364
0.0607374947168864,60.1524267112836,8.98198665536031e-05
0.030861370221246,37.1730784291867,0.000158192240679866
0.0693358945264481,18.5658112354577,7.02941189581896e-05
0.0705535327410325,63.3667174854782,6.73555799182173e-05
0.0347934080660343,46.4684259914793,0.000149193658462761
0.091567007326521,60.6171341973823,1.92656361819948e-05
0.0605716353771277,58.1985585973598,9.01994404448545e-05
0.0961216677119956,34.4632514112163,8.84216429094759e-06
0.0861630322458223,51.0629651672207,3.16327892925146e-05
0.0730083568789996,28.7540387699846,6.17376439506605e-05
0.0536704785493203,69.0508538286667,0.000105992937242062
0.056455574859865,23.1955062504858,9.96191638649282e-05
0.0274545123171993,48.5415736911818,0.000165988933428435
0.0411520357755944,53.1919019366615,0.000134641755228086
0.0693843380711041,27.0952252310235,7.00313157021689e-05
0.0164848834369332,8.142436563503,0.00015903710157235
0.0584643658064306,17.2469388588797,9.53662611467361e-05
0.0748663612850942,64.8205570864957,5.74855471835487e-05
0.01124894810142,53.5286879341584,0.000149805963020084
0.0145233062421903,8.82539505371824,0.000155286580387066
0.0663607810996473,12.4133771390188,7.99056831779461e-05
0.0595528373634443,68.6939176172018,9.25309891355429e-05
0.013139744293876,36.7279716418125,0.000154133104737745
0.0411292643449269,26.3927078875713,0.000134693868305108
0.0783963372767903,28.3722528768703,4.9407095134114e-05
0.0604089611396194,12.140840642387,9.35294106630926e-05
0.0495408142870292,65.1892508356832,0.000115443793225689
0.0368372583342716,56.2600913783535,0.000144516248070446
0.0968169412156567,62.7749147359282,7.25101078911592e-06
0.0999508423381485,8.25000083539635,1.62911063080164e-05
0.0895242380723357,67.8167548100464,2.3940572642417e-05
0.0190929972031154,60.1284678163938,0.000167757296029295
0.0995312145305797,31.0678166372236,1.0393178837684e-06
0.0811463308893144,41.3860513211694,4.31136552956313e-05
0.0119539845944382,56.2630016752519,0.000151419459405144
0.0335749990935437,26.2573660968337,0.000151982022600086
0.082994465038646,63.6783685709816,3.88841468963052e-05
0.0531417216523551,49.8268267372623,0.000107203012678266
0.0537986493948847,14.5917081099469,0.00010676946536796
0.0789011191227473,16.5249343065079,4.88949459819408e-05
0.0304852532502264,20.9367078146897,0.000159058777897348
0.0496031969576143,29.3171948101372,0.000115301028681618
0.0900326432683505,55.3657169849612,2.27770726618646e-05
0.0573119745473378,18.8347068568692,9.77675421512752e-05
0.0740635363548063,41.9113604107406,5.93228352327247e-05
0.0628412496508099,32.5142612855416,8.50053626030262e-05
0.0850236062821932,49.1390665492509,3.42403985319857e-05
0.0555356131889857,36.5792066662107,0.000101724522729407
0.0611398546095006,62.6458850153722,8.88990543138752e-05
0.0784867796464823,54.1677181969862,4.92001151579009e-05
0.0992507212026976,62.1835596801247,1.68123496898727e-06
0.0316449453984387,5.91253786231391,0.00017272708150194
0.0130724753509276,55.7878368126694,0.00015397915781819
0.0989297975762747,29.3315144721419,2.41567796057894e-06
0.0467611248698086,22.5635779008735,0.000121805192771228
0.0989862358011306,8.6846972827334,1.65538298724215e-05
0.0608025541482493,54.2465535819065,8.96709761651515e-05
0.0160852290131152,31.5384084160905,0.000160873931622316
0.0806347458506934,44.2417679319624,4.4284432437864e-05
0.0617159906332381,54.3406252190471,8.75805503771164e-05
0.0438208850845695,27.420590921538,0.000128534016472797
0.061199204812292,55.6564081122633,8.87632296599676e-05
0.0774627562286332,27.0065412495751,5.15436223370013e-05
0.0234313518274576,54.0332653012592,0.000175196052451344
0.0871918935305439,35.4330816178117,2.92782105152946e-05
0.064916682636831,56.7973372526467,8.02556742485369e-05
0.0755103635671549,69.1512494918425,5.60117293537413e-05
0.0231411802093498,30.9084308834281,0.000175860118583381
0.0890567371505313,38.9906484505627,2.50104620095821e-05
0.0641297564376146,55.9151961340103,8.20565775922899e-05
0.0430471374792978,17.7172495995183,0.000130498900443914
0.0597038599592634,28.8776584970765,9.2185369561479e-05
0.0411981237330474,25.8298409671988,0.000134536281605824
0.047024831508752,69.5750556699932,0.000121201692508667
0.0285176271712407,19.2753051372711,0.000163598827990817
0.0406455096346326,13.5102365340572,0.000136972992992534
0.034912225860171,67.8960061830003,0.000148921740507848
0.0821728145633824,64.0871785371564,4.07645177490891e-05
0.0228715719981119,29.6968984929845,0.000176404673622907
0.052362850503996,8.17007338162512,0.000117661422185164
0.0460260264505632,41.0521135106683,0.000123487486743045
0.0516099884640426,38.9032076357398,0.000110708428336451
0.0117600038857199,43.9388995408081,0.000150975528948511
0.069763799442444,60.4541336896364,6.91629073899897e-05
0.0918151417304762,34.049554921221,1.86977734291369e-05
0.0795665359310806,31.1057861277368,4.67290617029419e-05
0.0675200212956406,65.0540774560068,7.42978585089663e-05
0.0471794548653998,51.4740337000694,0.000120847832489409
0.0407614291133359,52.5650000397582,0.000135535669860556
0.0135158285545185,34.3414432834834,0.000154993784434517
0.0929854663019069,38.4048251865897,1.60194518329508e-05
0.0310211349534802,65.8203730126843,0.000157826614474027
0.011242863049265,8.09523320407607,0.000147891946384482
0.0470858980738558,15.7369158265647,0.000121610624665637
0.0571234857453965,38.4153965220321,9.80906305052809e-05
0.0746861007460393,8.2267712475732,7.00875285956467e-05
0.0594918732880615,30.8300929225516,9.2670507183506e-05
0.0200081328884698,31.6681564413011,0.000169851610486462
0.0551698910770938,50.944388313219,0.000102561488349368
0.0900597935938276,59.491330528399,2.27149383575493e-05
0.042950383934658,49.9106851848774,0.000130526183505966
0.086632437305525,56.5024796314538,3.05585422507526e-05
0.0818696623318829,47.1783091698308,4.14582903899256e-05
0.065643578148447,53.9974637399428,7.85921528678383e-05
0.0266218245727941,31.111086535966,0.000167894563390551
0.0539628215413541,36.4093383832369,0.000105323901858057
0.0972823095298372,30.4483049712144,6.18600195611614e-06
0.0748470048722811,25.3307406674139,5.75298448935409e-05
0.0543775608972646,46.8743963213638,0.000104374758858892
0.0349713289854117,38.7438629858661,0.000148786481298054
0.0912696200003848,7.38569706329145,4.40952928402551e-05
0.0764761104201898,17.8451683942694,5.41187329280534e-05
0.0822121247672476,13.8480792322662,4.28040192527495e-05
0.0647418825514615,14.3069487053435,8.2087919836209e-05
0.017619122217875,55.2618759323377,0.000164384290540551
0.0729534588288516,48.2105873571709,6.18632797246067e-05
0.0954727072408423,56.2390523299109,1.03273290797515e-05
0.0778867444070056,41.9015027186833,5.05733131404046e-05
0.0861132643185556,28.8698928221129,3.17466846320209e-05
0.0667756426846609,29.6998836123385,7.60013904677022e-05
0.0832505884440616,28.9324822905473,3.82980010827771e-05
0.0254120246530511,57.2714110149536,0.000170663225461921
0.0522337328596041,57.4900948663708,0.000109280971265213
0.0957628399669193,26.1821784731001,9.66335195325029e-06
0.0792827451624908,21.0160018655006,4.73889961102334e-05
0.0538825798640028,32.8064606059343,0.000105507537255117
0.0295913892006502,35.4622445325367,0.000161098628939364
0.0408524339925498,19.3194975890219,0.000135387262551465
0.0713988762372174,26.0440343513619,6.54209869024872e-05
0.0102505337866023,19.3824304779992,0.000147506591752883
0.0916354679665528,62.6385523390491,1.91089620292324e-05
0.0131109694507904,56.1319257027935,0.000154067252677945
0.0529806855320931,58.6737575568259,0.00010757154849234
0.0639287289790809,26.8032049154863,8.25166347394785e-05
0.0330729685444385,34.7434138657991,0.000153130934017002
0.0663863694155589,46.0569683182985,7.68922535914075e-05
0.0633451272570528,15.8752309624106,8.45321115974353e-05
0.0293801873899065,48.1902801129036,0.000161581970385555
0.0129943499993533,23.6060904653277,0.000153800365693817
0.0644697706238367,49.247702882858,8.12784453030097e-05
0.016406936137937,11.0096897103358,0.000160471427849855
0.037044144240208,35.3607421508059,0.000144042783697107
0.0529252776526846,56.9111378642265,0.00010769835102528
0.0940465375222266,63.8395001518074,1.35911596874653e-05
0.0357504112110473,41.3297305488959,0.000147003529114478
0.0755454547610134,15.1547650981229,5.71170576732212e-05
0.0216532828239724,35.7914783502929,0.000173616583647569
0.0287225126102567,23.1570829672273,0.000163087078121138
0.0404641624656506,8.22207671357319,0.000142828358474425
0.063734054856468,47.2014715475962,8.2962152093844e-05
0.0620303929713555,59.8472925950773,8.68610315422331e-05
0.0308708303305321,25.4931664769538,0.000158170590946431
0.057017722891178,45.6771297310479,9.83326718529913e-05
0.0463421579962596,6.20283359894529,0.000144196497902397
0.0673104371922091,67.4130911729299,7.47774977852329e-05
0.0875108626438305,41.7916135780979,2.85482404834876e-05
0.0189824919519015,15.5326606321614,0.000167256891050066
0.0283555840700865,61.9452391262166,0.000163926804687071
0.0755486557050608,50.8730547572486,5.59240966897597e-05
0.0346447537350468,57.8139399085194,0.00014953385819433
0.0754177581844851,61.2325334281195,5.62236594476503e-05
0.0528506536316127,36.987461426761,0.000107869130253632
0.048065751711838,26.0868813912384,0.000118819516548349
0.0157307294104248,38.9212007110473,0.000160062649038918
0.0327610660670325,68.9165185845923,0.000153844731848418
0.0165561454975978,50.3615570394322,0.000161951637603357
0.0589943193458021,31.3394741213415,9.38091737563113e-05
0.0576135928905569,31.6292370203882,9.69690061427986e-05
0.0654433719487861,63.2612687186338,7.90503305403677e-05
0.0496446363115683,45.8507761696819,0.000115206193522777
0.0481423977622762,41.8816513405181,0.000118644109847368
0.0135836513945833,48.8704583374783,0.000155148998963627
0.0859841961483471,49.6512890036684,3.20420608687404e-05
0.0960451505542733,10.0073846511077,1.83469952880481e-05
0.0584939361549914,23.4909623907879,9.49543151461724e-05
0.0108083457127213,66.8272404710297,0.000148797631723117
0.0576300350832753,53.1903909286484,9.69313777096944e-05
0.0211587459268048,52.9385518457275,0.000172484821669629
0.0719692312832922,13.9003080606926,6.59480669844207e-05
0.0930759634054266,54.887644398259,1.58123465967915e-05
0.0520707535417751,44.0201270044781,0.000109653954143065
0.0720622197189368,51.2305198563263,6.39029061784307e-05
0.0111112235835753,67.5417130626738,0.000149490776481689
0.0331755444523878,60.4339551751036,0.00015289618608791
0.0961973107629456,15.2891978051048,1.00865934192255e-05
0.0421415326255374,12.5128973613027,0.000134187281573537
0.0176552004227415,44.1071667231154,0.000164466856554804
0.0849455563677475,10.1324923068751,4.23377077806101e-05
0.094405607462395,54.1629003814887,1.27694177546965e-05
0.0485748428618536,8.90555534395389,0.000124236391045557
0.0835232286620885,6.89060080912896,6.63791872727855e-05
0.0120635695545934,37.2745737433434,0.000151670247752723
0.0668929484044202,17.2155108698644,7.61331726003487e-05
0.0259455782198347,52.5378429389093,0.000169442172708246
0.0561964808870107,9.35369527083822,0.000106899862676971
0.0167944384156726,16.665913418401,0.000162367762246328
0.0338302961061709,13.727042832179,0.000152309082450256
0.0397190403589048,54.0905818750616,0.000137921206643058
0.0357233070279472,33.9507632493041,0.000147065557820631
0.0729752870439552,48.8867454184219,6.18133252236543e-05
0.0118373615597375,22.381262575509,0.000151152564220614
0.0221408507553861,61.2358548096381,0.000174732396946026
0.035926087226253,47.9891426116228,0.000146601489477831
0.0532936774683185,66.787897933973,0.000106855257402938
0.0195683105406351,38.4144019463565,0.000168845064335551
0.0116010883450508,65.5995027080644,0.000150611846142105
0.0456513301702216,51.8799491086975,0.000124344990006795
0.0284405340091325,20.3423467546236,0.000163750468280798
0.0822039685049094,6.71309465775266,7.1380983747344e-05
0.062241624747403,36.4044984721113,8.63776215195784e-05
0.033704725264106,62.8089613292832,0.000151685140510545
0.0114442040538415,16.6372571745887,0.000150163706276832
0.0786709706485272,6.6634126228746,7.88098139414677e-05
0.0564180134772323,8.51600774098188,0.000108222549887167
0.0419710086728446,35.1733636728022,0.000132767512089949
0.0143073208164424,31.2571507145185,0.000156805137344705
0.0159484937903471,44.9911249044817,0.000160561009114288
0.0600616611726582,17.8622854233254,9.16127095602686e-05
0.0237934336788021,64.1730301768985,0.000174367417672825
0.0348934176238254,30.0068237131927,0.000148964783700156
0.0601786294579506,52.9992197966203,9.10988458461049e-05
0.0786054429830983,54.0135467995424,4.8928550683487e-05
0.0719887115596794,50.8608822757378,6.40711317247802e-05
0.0431059517222457,27.9856447945349,0.000130170162129215
0.0642347611696459,10.1618246617727,8.77460222296057e-05
0.072873692070134,17.5436456722673,6.24109721257007e-05
0.02532270667376,63.3854796551168,0.000170867632238214
0.0803045626520179,11.082276875386,5.04995603064616e-05
0.0602168373996392,19.2110328597482,9.1105242418703e-05
0.051143176953774,16.3256699242629,0.000112227198957625
0.0786069327197038,67.3917692096438,4.89251413782222e-05
0.0101738387648948,43.4153481735848,0.000147345544240055
0.0812123749847524,69.0948741463944,4.29625114749938e-05
0.0354379358934239,57.9562492226251,0.000147718637907283
0.0960482757887803,68.0826199857984,9.01012382775605e-06
0.07822026129812,18.870342731243,4.99553297602968e-05
0.0142817643098533,25.5393044941593,0.000156746650540965
0.074263078623917,21.8102472112514,5.88661769844425e-05
0.0336694860667922,31.0139671247453,0.000151765786431773
0.0610710275755264,43.055172637105,8.90565669697611e-05
0.0822359083336778,6.81743003195152,6.98804756218284e-05
0.0175447087921202,20.8296150271781,0.000164209288116565
0.0484661304578185,48.5113284084946,0.000117903238219934
0.0266700194263831,53.5214522364549,0.000167784268075608
0.074531406541355,40.1343991723843,5.82521007925232e-05
0.0731648216978647,29.5674221985973,6.13795696919124e-05
0.0694647688861005,40.0896228209604,6.9847247458143e-05
0.0247173563227989,35.9295397496317,0.000172252994006921
0.0544754689652473,17.4960116902366,0.000104431224557232
0.0844484470225871,61.7617811996024,3.5556667115808e-05
0.0584349808865227,55.0447564362548,9.50892359814717e-05
0.0373877691826783,48.2682643015869,0.000143256388087826
0.0220229283371009,12.0017588033807,0.000173332928360118
0.0343716898956336,66.8398933508433,0.000150158772680526
0.0571579872933217,27.9081219050568,9.80116727159927e-05
0.0505132079264149,16.372702481458,0.00011365544283335
0.013036758468952,15.5065287987236,0.00015372509033487
0.0261197088845074,45.3673594223801,0.000169043669650944
0.081279649019707,40.8404154190794,4.28085529022354e-05
0.0857038393407129,62.9554508184083,3.26836655234274e-05
0.0818422394478694,21.843198739225,4.15210484523264e-05
0.0964501183922403,15.4604796180502,9.39612184923231e-06
0.0610645856009796,21.4142504392657,8.90713096146409e-05
0.0888091809931211,9.49325725086965,3.5712834933477e-05
0.098922823225148,20.8462414878886,2.45695752814348e-06
0.0387807311629877,31.2404450273607,0.000140068554348706
0.0906556649971753,7.43861860479228,4.45986485074003e-05
0.0390284037659876,56.2915982306004,0.000139501748440677
0.0721606370504014,56.1146266572177,6.36776752717786e-05
0.0271547776390798,69.1122052911669,0.000166674884899616
0.0168231584411114,25.1609128376003,0.000162562704439456
0.0413827702915296,33.8993601314724,0.0001341137126217
0.0622098810342141,7.44259804254398,0.00010236511854921
0.0996293212496676,36.1842533375602,8.14797822515128e-07
0.0316509757377207,64.5144289697055,0.000156385205641153
0.0657694374956191,68.4136781306006,7.83041201153509e-05
0.0994524616678245,59.25884832046,1.21954608560892e-06
0.0751667644828558,49.8400193860289,5.679806578585e-05
0.0274904147116467,62.6235271454789,0.000165906769761405
0.0240993287833408,48.8448137731757,0.000173667367887788
0.0898749558441341,31.6493377764709,2.31379448882841e-05
0.0759102049702779,26.2188819749281,5.50966807499813e-05
0.0482687182608061,46.5568641817663,0.000118355021736675
0.0577208165219054,61.4176111610141,9.67236217644197e-05
0.0104028120962903,53.8352963130456,0.000147869556324735
0.0905895113502629,67.3244076909032,2.15026639666857e-05
0.0216685704723932,6.86890464276075,0.000166126869248373
0.0843977373256348,27.5890561926644,3.56727177224506e-05
0.043360208561644,13.0618573690299,0.000131090258285598
0.0829320443142206,29.945834800601,3.90269985276898e-05
0.0754053447535262,66.7077681689989,5.62520679430642e-05
0.0408592841029167,31.6290358593687,0.000135311725889552
0.0994588005449623,20.772626089165,1.23589870097897e-06
0.0741592926206067,11.4179496315774,6.36732659306202e-05
0.0548533180775121,35.1167781918775,0.00010328597480573
0.0512902199476957,57.9584531404544,0.000111440227825259
0.0951515507441945,14.2262473294977,1.32289458380963e-05
0.0375394048728049,5.43529617716558,0.000165752981382121
0.0877021500794217,56.4597066573333,2.81104736602236e-05
0.0191486551985145,69.5035829569679,0.000167884670959905
0.0809381961007603,45.050748095382,4.35899777729256e-05
0.0748277469468303,9.53661824110895,6.60024639153598e-05
0.0332158056250773,31.0986311547458,0.000152804047230934
0.0630585130024701,32.9856083716732,8.45081491453099e-05
0.0769933479209431,56.6415604262147,5.26178768118764e-05
0.0248028062423691,65.6757168855984,0.000172057439397059
0.015976052461192,43.2265365519561,0.000160624077928776
0.0107485808990896,64.7472190484405,0.000148660858220322
0.0157137830881402,33.5329652507789,0.000160023866890735
0.0320631898776628,63.465931910323,0.000155441841671694
0.029066670096945,55.4078380926512,0.000162299463769027
0.0191141210030764,9.84488999703899,0.000165849293253675
0.096713765875902,28.6271981662139,7.48713053521415e-06
0.0312853193818592,37.6480554940645,0.000157222020776538
0.0327449963451363,55.430176485097,0.000153881507871284
0.0598790379217826,9.90906585589983,9.7788869747125e-05
0.0163967717811465,41.8094054923859,0.000161586906248435
0.0992631095298566,41.3525018037763,1.65288392434506e-06
0.0221766937640496,65.8220164582599,0.000174814424706973
0.0285762360785157,54.3536107440013,0.00016342183619043
0.0858037140336819,40.4498640692327,3.24550994028645e-05
0.0297807672806084,14.8532707826234,0.000161198379221774
0.0868065334996209,19.2887156549841,3.02895964113771e-05
0.0815568599943072,31.9550033833366,4.21741475773401e-05
0.0583062694920227,48.4850544063374,9.5383795726674e-05
0.0548641794943251,35.4841173125897,0.000103261118139532
0.0265737669519149,6.56525529222563,0.000174286802821081
0.0784476096299477,15.2367305860389,5.04749445499643e-05
0.0378922608471476,15.4245786112733,0.000142624229514899
0.0975714926910587,41.4237532124389,5.5241979362228e-06
0.0553284235857427,6.30845902487636,0.00012673827571393
0.0101173794385977,19.3801701103803,0.000147202032773806
0.0542009606095962,60.3404114115983,0.000104778913719775
0.0897497167997062,26.7049872456118,2.34245580600189e-05
0.038365982377436,67.7818002831191,0.000141017718927876
0.0619458934129216,58.0298961151857,8.7054411223175e-05
0.0217190722562373,29.7872887260746,0.000173767144664177
0.0825480674440041,21.7054741771426,3.99057406895154e-05
0.0916696553188376,22.5296229589731,1.90307232857453e-05
0.0388794567179866,27.2676237206906,0.00013984261806359
0.0621889229025692,14.125469744904,8.79652616723623e-05
0.0920497534004971,39.2355431348551,1.81608578436029e-05
0.0291821679240093,6.40865861205384,0.000174460513706021
0.0432949237828143,9.03880800819024,0.000135385856358373
0.0969241741928272,8.22370178648271,2.28374549951245e-05
0.0452940777828917,64.4516474811826,0.000125162572417378
0.0397018332965672,33.0111029883847,0.000137960585502385
0.0882616774248891,10.7570463314187,3.34324159591066e-05
0.0649629961093888,20.0386656832416,8.02064126307821e-05
0.0344773232075386,28.4833971550688,0.000149917027794143
0.0871828234102577,7.27565988199785,5.38607379691606e-05
0.0312315202620812,55.7310452370439,0.000157345141616581
0.0227542366064154,39.1476320766378,0.00017613614818881
0.0213189133256674,24.6120083716232,0.000172851369389681
0.0343205899582245,22.7706992917229,0.00015027571636373
0.0713943287823349,59.1540956869721,6.54313938843763e-05
0.0620148468459956,52.6549502823036,8.6896609299297e-05
0.0502976213954389,58.4911153372377,0.000113711818291485
0.0306013989145868,20.0515300908592,0.000158813602263893
0.074186431504786,42.6643021265045,5.90415861311572e-05
0.0657971014641225,44.5330671884585,7.8240810324129e-05
0.0449590761214495,46.120267813094,0.000125929233398872
0.0260997223830782,5.90908902231604,0.000170308610367514
0.0783415416325443,55.7105910265818,4.95324965491947e-05
0.0889946421887726,21.5956755226944,2.51525681236914e-05
0.0864953033137135,65.623534321785,3.08723773532582e-05
0.0632370504527353,43.9879806956742,8.40995610318531e-05
0.0236323775048368,13.8026433868799,0.000175357269170493
0.0425554752815515,40.5157748435158,0.00013142994336879
0.0410793458996341,45.3174355765805,0.000134808108109467
0.0110193514078856,52.5386080984026,0.000149280524353138
0.0965868365159258,52.190081407316,7.77761204291998e-06
0.0565299879293889,57.9883448628243,9.94488674052882e-05
0.064413909513969,54.5013207895681,8.14062850669503e-05
0.0603797517158091,30.0742647307925,9.06385717479224e-05
0.0500535311968997,41.5097526053432,0.000114270425763398
0.043603550947737,51.4675509033259,0.000129031391924425
0.0935486549045891,69.7491232422181,1.473057844337e-05
0.0523518160427921,17.5903608696535,0.000109265948625852
0.0280629804637283,63.570431912085,0.000164596436494488
0.0534957502130419,34.2286307096947,0.000106392808088102
0.0985816133604385,19.3522380734794,3.35420776155035e-06
0.0302051243255846,42.0663305954076,0.000159694078373156
0.0591105147148483,16.902055782266,9.39538372869906e-05
0.0444523200439289,61.1723631585483,0.000127088959324102
0.0572541206609458,26.0714699933305,9.77916687265805e-05
0.0203692537546158,58.2158768631052,0.000170678046022589
0.0771111620450392,47.7637753624003,5.23482557848507e-05
0.0844349076296203,5.09292060625739,9.2884952563037e-05
0.0491715247114189,54.2969497898594,0.000116288923089445
0.0520263315504417,42.8922345722094,0.000109755615153727
0.0920353410742246,8.83547517005354,3.09133773755737e-05
0.0335313092614524,64.6314868552145,0.000152082008043168
0.0728653460834175,30.4285731213167,6.20649282883951e-05
0.0378737486805767,38.8532407185994,0.000142144209965364
0.0730125632951967,34.7149141225964,6.17280174456563e-05
0.0186764575401321,22.891600378789,0.000166804032975378
0.0841826850781217,23.596237313468,3.61648710044402e-05
0.0263927709008567,41.5325994545128,0.000168418759336882
0.0294545140210539,34.7232901060488,0.000161411871742637
0.0211716611823067,50.4041529458482,0.000172514378605008
0.0391777929384261,8.970756016206,0.000144371228727387
0.0594396687624976,64.9283464311156,9.27899787486167e-05
0.0550576534750871,17.1588166966103,0.000103157223095989
0.0539477858948521,53.0385142075829,0.000105358311369505
0.0690502835228108,44.8013971315231,7.07958091878559e-05
0.0960179665335454,67.5294425280299,9.07948743409366e-06
0.0998457127995789,31.2073215015698,3.19579508290333e-07
0.0446240056026727,11.4661933924072,0.00012940607307825
0.0744802630180493,43.7374394433573,5.83691442233102e-05
0.0539827388920821,63.4715932339896,0.000105278320425439
0.0283872832963243,51.0330656811129,0.000163854260091933
0.0891735440841876,64.0543973725289,2.4743145966979e-05
0.0732094554998912,49.7103042772505,6.12774239463597e-05
0.0598692033509724,13.908287276281,9.33272357939919e-05
0.0961623157723807,60.5522932449821,8.74914003030216e-06
0.0496649099560455,18.2382980920374,0.000115311862012602
0.0220749291405082,47.6175420160871,0.000174581533425689
0.0928812287864275,62.0064205583185,1.62580023988846e-05
0.0420431662141346,26.0798071429599,0.000132602377471842
0.0390871299989522,21.6706924804021,0.000139367351759746
0.0764677651878446,22.9947174969129,5.38206880823594e-05
0.0168322695698589,21.5329169924371,0.000162583555520845
0.0562990345619619,37.7938323689159,9.99774108596356e-05
0.0121026150160469,21.1316514271311,0.000151759013838595
0.0836867574974895,35.584968024632,3.72998156016709e-05
0.0907992800651118,35.1398725726176,2.10226022018566e-05
0.0985728589026258,32.7038122329395,3.23254242833887e-06
0.0829062316566706,29.0744200348854,3.90860715403042e-05
0.0933240348193794,14.359839418903,1.72698000855323e-05
0.0810743375495076,34.1418925963808,4.32784141338999e-05
0.0658632734254934,27.9923769843299,7.80893738786095e-05
0.0873194256122224,59.2357543029357,2.89863496615585e-05
0.0853865679190494,49.6629904396832,3.34097503389032e-05
0.0315789701184258,36.9737336400431,0.000156549992581385
0.0646863888623193,15.9982824535109,8.14248631861366e-05
0.0294458210235462,42.4787112302147,0.000161431765918602
0.0874792742473073,62.5487791642081,2.86205314416219e-05
0.0752771227783524,64.6634314279072,5.65455076379976e-05
0.080873371718917,49.6295278216712,4.37383302437601e-05
0.0966784105054103,69.3711663852446,7.56804232211568e-06
0.0538507543224841,54.4144616799895,0.000105580370926425
0.0495826108148322,59.4836307468358,0.000115348140664175
0.0622738521383144,33.1616344640497,8.63038682043238e-05
0.0766859265556559,11.9747049768921,5.72899876607411e-05
0.021667902728077,7.01752779772505,0.000166653259695587
0.0451136980950832,29.5356728241313,0.000125575376544681
0.0993647472094745,32.7217632206157,1.42028315789782e-06
0.0676738588069566,61.2713758926839,7.39457969194559e-05
0.0637474659224972,43.106708812993,8.2931460481747e-05
0.0785237791691907,11.6984160523862,5.35555370042987e-05
0.0376943025691435,35.700067844009,0.000142554877576159
0.0443424896406941,60.5667362490203,0.000127340309375261
0.0943730629212223,69.1717070771847,1.28438968774874e-05
0.0201783409062773,51.9427428860217,0.000170241136453075
0.0923764594714157,65.5146463552956,1.74131815607093e-05
0.0381316806282848,39.9406942015048,0.000141553925250545
0.0911068417015485,50.2510477078613,2.03187385104194e-05
0.0119056863710284,68.4436681028456,0.000151308927525378
0.0302649155422114,56.3181495934259,0.000159557244446344
0.0938235464179888,64.7948777291458,1.41014812724485e-05
0.0149680018075742,24.8775376938283,0.000158317124882123
0.0401842300128192,52.6113001571503,0.000136856606679239
0.0978866220335476,24.0231085487176,4.80301533082963e-06
0.0782177669066005,34.1598977788817,4.98157585857698e-05
0.0221377753303386,47.662987759104,0.000174725358746946
0.0918020524876192,6.19559988379479,6.13047537928211e-05
0.0806629109731875,31.5696512861177,4.42199757412546e-05
0.0524672209145501,69.3716282141395,0.000108746627105243
0.0297304786066525,14.9380223022308,0.000161293864906129
0.0600499299657531,10.9808076522313,9.55954329530689e-05
0.0673420501686633,31.8992537830491,7.47051505752162e-05
0.0881157590309158,17.0471630233806,2.77363289674721e-05
0.0682508841715753,29.880822985433,7.26252577003944e-05
0.0719195888540708,18.6223463655915,6.43790333674491e-05
0.0162331881071441,56.0454996523913,0.000161212540284018
0.0869730434636585,45.948382698698,2.97790552166489e-05
0.0823417312651873,21.1972442967817,4.03781085099971e-05
0.0498204861884006,64.1693541302811,0.000114803755998774
0.0738268997217529,37.9972685570829,5.98643850046661e-05
0.0605746570741758,29.841805587057,9.01925252038533e-05
0.0518239564704709,50.8910862426274,0.000110218756371511
0.0357332987803966,32.4663856287953,0.000147042691406456
0.0486179660982452,36.5154352632817,0.000117555757969794
0.0681314921332523,42.2221842117142,7.28984898297192e-05
0.0538077603350394,37.6499706704635,0.000105678763908928
0.0890568218496628,18.4624187846202,2.52296114732055e-05
0.0838768540532328,44.0444481011946,3.68647741413471e-05
0.0959356724005193,44.0183891833294,9.26781993526799e-06
0.0152947319974192,27.6309393031988,0.000159064856361877
0.0302048890455626,63.658376976382,0.000159694616818284
0.0146763731003739,35.4951190436259,0.000157649724159598
0.0501945280935615,19.5748522225767,0.000114010503779809
0.0306257694656961,67.1004943642765,0.000158731419816211
0.0449941246095114,57.0128476119135,0.000125849023921278
0.0485192493023351,15.5434199469164,0.000118410727799164
0.0266779953730293,28.1501308549196,0.000167766014891257
0.0924912785529159,28.5914792516269,1.71504147752011e-05
0.0160993119515479,17.5299177493434,0.000160824849057408
0.0585070629697293,50.260793378111,9.49242740513685e-05
0.046217236709781,8.57297860900872,0.000129919499942354
0.0380327363265678,36.8668306176551,0.000141780362143846
0.0523423654260114,37.9398482246324,0.000109032362498243
0.0161383639508858,7.28057505446486,0.000156461355227984
0.0532803451712243,42.4999103962909,0.000106885768750051
0.0291396622452885,16.0326476476621,0.000162418075617136
0.0990754371881485,43.5171070008073,2.08237750080576e-06
0.0849405378289521,18.51928407792,3.46269886983233e-05
0.0251124883955345,12.5276243092958,0.000172421516980165
0.0899036631500349,37.6507044723257,2.30722473892833e-05
0.0629696082719602,13.4843437117524,8.6541884558233e-05
0.0912873971578665,69.5776512555312,1.99055321318039e-05
0.0829111748631112,41.7241239803843,3.90747588695395e-05
0.0649285492114723,69.1336675314233,8.02285172496065e-05
0.0690911873150617,60.5687123700045,7.07021996774467e-05
0.0510027787764557,57.7146766765509,0.000112098045250748
0.0352658940828405,49.4884256098885,0.000148112360561648
0.0950045776134357,52.0325109607074,1.13986572578525e-05
0.0301700202235952,37.1828970604111,0.00015977441512483
0.0961211441783235,59.8603641870432,8.84336241288281e-06
0.0414728034776635,19.5695368014276,0.000133959701966194
0.0299073846871033,52.6495757931843,0.000160375464138483
0.0334723355737515,36.9336216303054,0.000152216971031412
0.0723668122128584,33.9631537813693,6.32058374554278e-05
0.010589933830779,38.8370676874183,0.000148297789820666
0.0316205306327902,18.2640463090502,0.000156549498613103
0.0971608599857427,37.3364309989847,6.46394274684703e-06
0.0658367118029855,61.985286680283,7.81501609191701e-05
0.0256580142327584,24.3463616701774,0.000170100271201325
0.0603625386604108,41.6808013094123,9.06779643225423e-05
0.0547307936591096,14.7080224473029,0.000104606041121182
0.052622309550643,61.7206899903249,0.000108391702280531
0.0129360957094468,68.0410944763571,0.000153667049068211
0.0729166189813986,64.7926442243625,6.19475887799252e-05
0.0690842263330706,8.31493767676875,8.17306020479127e-05
0.0505965918116272,30.07790332078,0.000113027615855815
0.0225969713367522,48.9288088807371,0.000175776242075283
0.0899262499064207,39.9244266434107,2.30205569446897e-05
0.0509117197711021,43.5365428903606,0.000112306436415489
0.0161747882235795,68.4249077492859,0.000161078890463119
0.0725778632750735,31.5564544755034,6.27228410015998e-05
0.0667078731954098,28.6182026728056,7.61564829019333e-05
0.0965399179118685,55.2432242559735,7.88498662393553e-06
0.0853858604235575,37.4933462496847,3.34113694627783e-05
0.058950291890651,14.7543827071786,9.50090472615693e-05
0.0497719794232398,61.5849943971261,0.000114914765132362
0.0560697184945457,54.639893642161,0.000100502207305601
0.0131455183355138,10.1216638751794,0.0001529164673563
0.0441287490143441,66.5597019146662,0.000127829460974322
0.072629993474111,43.9656573918182,6.26035395348922e-05
0.0356847471930087,44.1942267667037,0.000147153803117006
0.0474099331256002,23.1355214933865,0.000120320376331677
0.044420101265423,16.3309699995443,0.000127553150664887
0.0449050832120702,22.6304968714248,0.000126052797732016
0.0338259805575945,32.7253093419131,0.000151407644267939
0.0778557642223314,50.0620751967654,5.06442121881495e-05
0.0146601586230099,9.70628285082057,0.000156045296897029
0.0776083506201394,20.8071005204692,5.12325268869577e-05
0.0667507788795047,22.3221086745616,7.6058292004198e-05
0.0750792558002286,11.2313522642944,6.18872255636742e-05
0.0107767021213658,42.6461368717719,0.000148725214450014
0.079347165809013,36.1813711898867,4.7231096565607e-05
0.0424227263242938,57.2664316592272,0.000131733743193022
0.0109611303731799,14.8913607245777,0.00014895416088653
0.0151863602967933,20.8371023123618,0.000158812855636069
0.0950858494266868,38.6782967974432,1.12126643650215e-05
0.0364642557012849,8.53222295059823,0.000150850580106948
0.0780961735500023,32.880917560542,5.00940284955705e-05
0.0198200313514099,7.24288416560739,0.000163735177340236
0.0538727932795882,12.4679912358988,0.000107881993513353
0.0814462162950076,7.23284784704447,6.5921449326746e-05
0.0651335627888329,22.1268424356822,7.97593377543104e-05
0.0976389447576366,23.289673156105,5.36983193295052e-06
0.0765061120386236,60.1408622681629,5.37329302063872e-05
0.0631670633004978,7.33670940622687,0.000101453121692717
0.0297304048459046,28.2914143113885,0.000160780487618587
0.0149994340911508,7.92214168352075,0.000155622137925837
0.0570205810992047,69.8555345006753,9.83261307613392e-05
0.0309759572078474,62.9464825056493,0.000157930005050239
0.0761627864348702,14.721449672943,5.59576651129535e-05
0.0333948785532266,6.62258867989294,0.000165374553349776
0.0178350328141823,51.7590906994883,0.000164878408178557
0.0131459506321698,18.8276228017639,0.000154122389302069
0.085758430256974,66.7218271177262,3.25587326342557e-05
0.0317846065759659,35.9143527736887,0.000156079387606801
0.0222701959474944,51.1670099990442,0.000175028407155367
0.0709115311386995,21.3547501969151,6.65362902414234e-05
0.0614238759852015,29.5646419480909,8.82490631892865e-05
0.0420364442421123,47.7692723763175,0.000132617760899035
0.0471824865788221,29.1117506893352,0.000120840894325646
0.0808342632045969,12.3359502747189,4.75275629027133e-05
0.0989629385317676,39.1115758102387,2.33983392638399e-06
0.0768251178856008,26.3822855311446,5.30028761084678e-05
0.0550876004435122,27.1406691125594,0.000102749812841963
0.0700447888951749,9.62556559941731,7.61978195398413e-05
0.0180247803055681,46.8604868510738,0.000165312650795012
0.0591728648846038,12.2888964845333,9.61539330409146e-05
0.0637558605452068,51.3227767765056,8.29122491451282e-05
0.0945428962260485,38.3362489682622,1.24552284523586e-05
0.0169136837497354,48.9591151534114,0.000162769874223811
0.0529933680011891,52.138765930431,0.000107542524295376
0.0658095508744009,53.319193366915,7.82123194890032e-05
0.0636182404658757,21.4780738274567,8.32271966729673e-05
0.0718522864044644,64.8641427105758,6.43833446342542e-05
0.0491854666452855,34.0328935615253,0.000116257016570964
0.0160790947801434,65.8869559934828,0.000160859893252922
0.097218755739741,14.5284931990318,8.31233012103217e-06
0.0656391282589175,10.1007995486725,8.47859164233781e-05
0.0298324802494608,34.4856138213072,0.00016054688510826
0.0171284292195924,42.6279760512989,0.000163261325436271
0.0111555282701738,52.1001960593276,0.000149592169037075
0.0241938672843389,62.1542949439026,0.00017345101379673
0.0806660245778039,51.3375572988298,4.42128501671279e-05
0.0337212657765485,31.1835500109009,0.000151647287069912
0.0603487172792666,12.7639315580018,9.30675048388125e-05
0.0211161518818699,19.6635184821207,0.00017236249444698
0.0136948475660756,35.4192852741107,0.000155403474614905
0.0131023498158902,39.5866919867694,0.000154047526394427
0.0968023408623412,31.6443869483192,7.28442411952986e-06
0.0711857615504414,44.2288143245969,6.59087060207474e-05
0.0801195217040367,13.7306496710517,4.76192907768679e-05
0.0599683398497291,21.2101332971361,9.15800996904676e-05
0.0589318572357297,43.2874955900479,9.39521200999446e-05
0.0702062614401802,46.6979864309542,6.81503203240103e-05
0.067736017073039,28.9631592703518,7.38035459315727e-05
0.0112885514623486,29.5142187864985,0.000149896596455838
0.0804437674139626,47.8135685564484,4.47214921083079e-05
0.0346411657566205,5.41748531511985,0.000170745644000463
0.0506203834665939,26.3190486002713,0.000112973167966005
0.0967446984304115,26.3543617120013,7.41634049047756e-06
0.0650827300664969,30.403522051638,7.98756699080984e-05
0.0329244618606754,42.7959157188889,0.000153470795853633
0.0400280345254578,9.5599409181159,0.000141690874798268
0.0670773102925159,44.7400708217174,7.53110154309718e-05
0.0631972439982928,39.0806285827421,8.4190659252982e-05
0.0413269306183793,6.54673868673854,0.000150843511697646
0.0630122567992658,64.9876630376093,8.46140078028347e-05
0.0637154788407497,46.9903427211102,8.30046638425366e-05
0.0494696067715995,63.0284840730019,0.000115606753682166
0.066321080068592,33.8377857150044,7.70416701483619e-05
0.0951995023759082,23.5278469102923,1.09525663069265e-05
0.0317351909400895,43.4763487393502,0.000156192476717282
0.0914246214018203,61.9940452359151,1.95914904846627e-05
0.0394504444301128,26.5506228292361,0.000138535896186705
0.0814726467407309,39.7756228642538,4.23668720413431e-05
0.0635031240992248,24.3113244359847,8.34906438041325e-05
0.0880201560910791,46.1412659392227,2.73827077143221e-05
0.0886621295544319,66.197050139308,2.59135328947469e-05
0.0817043092171662,30.7582527410705,4.18367057705417e-05
0.0154577605170198,32.788417149568,0.000159437951839405
0.0745068568480201,12.9535110481083,6.10076816314314e-05
0.0730249610729516,63.4637513593771,6.16996447730524e-05
0.0521503080078401,51.6951537004206,0.000109471891448889
0.0189970462676138,34.9031785747502,0.000167537709541066
0.089024384052027,51.1266237916425,2.50845030102948e-05
0.0919080419256352,26.9249798392411,1.84851686483279e-05
0.016877580084838,30.575894677313,0.000162687249943542
0.0475921468366869,36.5712013898883,0.000119903374989111
0.0372219806071371,53.3060450456105,0.000143635800033121
0.076464859014377,5.69976200349629,9.63813299193549e-05
0.0682992280134931,25.6095134734642,7.25146214213553e-05
0.0419270734186284,59.2211264069192,0.000132868059188655
0.0233473715488799,55.7859530090354,0.000175388243745331
0.0811358325765468,37.6011849008501,4.31376809877302e-05
0.0313519443641417,53.2354120421223,0.000157069547579573
0.0627428526245058,23.7122423422989,8.5230547040732e-05
0.0634770016046241,29.7710621356964,8.35504258877897e-05
0.0311076122010127,50.9126506070606,0.000157628708794441
0.0603866139589809,63.1489715178032,9.06228673061513e-05
0.0364600290427916,69.286535831634,0.000145379548203374
0.0992222053394653,65.6042766198516,1.74649434591007e-06
0.0549316241010092,42.3850702913478,0.000103106769208442
0.06458730885759,28.2328995340504,8.10094556590051e-05
0.0294962862203829,39.8952601721976,0.000161316274857538
0.0128692022128962,16.1732364993077,0.000153394004311418
0.0109746788605116,21.2169943377376,0.000149178289937738
0.0905655845161528,44.1414732276462,2.15574212178706e-05
0.065784275601618,50.531860954361,7.82701626810513e-05
0.0322644889936782,52.653868686175,0.000154981162828509
0.0926470862305723,36.573884752579,1.6793844403096e-05
0.061031563563738,9.43032932584174,9.62457364071785e-05
0.0176949612167664,57.8379080200102,0.000164557850280748
0.0272468825802207,65.8097267185804,0.000166464100080605
0.0426646908302792,35.9318125876598,0.000131180000429936
0.0612810015212745,35.4757300089113,8.85760355280894e-05
0.0611924121389166,8.44403083901852,9.81995353530211e-05
0.0779168285662308,40.2562583319377,5.05044646727888e-05
0.0530787860485725,42.3850965790916,0.000107347042625935
0.0563406538544223,69.059059494175,9.98821639063239e-05
0.0265219908044674,53.8287610316183,0.000168123035853888
0.082736448245123,29.0113918925636,3.94746257832234e-05
0.0634840579517186,45.2558095532004,8.35342772335832e-05
0.0558062103390694,23.2410670269746,0.000101105253333013
0.0850067371991463,60.8780129346997,3.4279003915941e-05
0.0125227648066357,27.9560085944831,0.00015272112935466
0.0723524934495799,68.520077887224,6.32386063589059e-05
0.082824706081301,56.4276027539745,3.92726451750754e-05
0.0534640155942179,28.3918525918853,0.000106465433680197
0.0433697191928513,58.4030427993275,0.000129566522651637
0.0291302537056617,50.471339878859,0.000162153950843343
0.0425345100043342,67.2499819274526,0.000131477923011457
0.0562991909892298,58.691493520746,9.99770528713132e-05
0.0613396072015166,27.7968814957421,8.84419147355473e-05
0.0249433654360473,40.2204259124119,0.000171735765621116
0.0449974086601287,28.2107743644156,0.000125841508276553
0.0463472839281894,31.2365169089753,0.000122752279723328
0.0746392676164396,37.5311158958357,5.80052576057361e-05
0.0721242391178385,53.0481050873641,6.37609729921031e-05
0.0568454508297146,39.2927625332959,9.87269214431481e-05
0.0993932031001896,69.6082448621746,1.35516102981349e-06
0.0223359004920349,56.9074488780461,0.000175178773903965
0.0406206548609771,12.7366780384909,0.000137461784321147
0.0176194621878676,60.2732015051879,0.000164385068571702
0.0141210139286704,52.7205457247328,0.000156378768649029
0.0383414600929245,63.0193648743443,0.000141073838884509
0.0632555195363239,21.4886678184848,8.4057294000429e-05
0.0569867712049745,19.0355562220793,9.85010109045853e-05
0.011513151305262,7.65394590329379,0.000147833612670559
0.0638741891295649,8.41884764959104,9.25423608315466e-05
0.0815169278532267,14.5998535724357,4.38814789414022e-05
0.0973350056749769,46.592772800941,6.06540530540182e-06
0.0547593663726002,27.4713896482717,0.00010350098599699
0.0498411077866331,40.5248415272217,0.000114756562875394
0.0898538340767846,15.0444634503219,2.46682120723859e-05
0.044212731954176,47.7261669840664,0.000127637263589977
0.092842341219075,44.8162584844977,1.63469977203586e-05
0.093045333919581,23.03141906159,1.58824430601341e-05
0.0791620936384425,52.4941659660544,4.76546395752919e-05
0.0916120250406675,35.9384559106547,1.91626118424629e-05
0.0584042370715179,7.52940095961094,0.00010932717263556
0.0482243034359999,12.9256264562719,0.000120223771534564
0.0800321068568155,51.0651479125954,4.56635891875457e-05
0.0906771349068731,16.0667840612587,2.21803702509648e-05
0.0525148218474351,65.4691062669735,0.000108637690994991
0.0336723734857515,55.8622490917333,0.000151759178490057
0.0542328343470581,33.8545459602028,0.000104705969750658
0.0895055990666151,61.4513555134181,2.39832285455499e-05
0.0426306601986289,6.65051366435364,0.000147624942724732
0.0622086779167876,62.0550382044166,8.64530212933823e-05
0.0520264186174609,48.7633973918855,0.000109755415898338
0.0198381663952023,62.6499889302068,0.000169462637255737
0.0179615460336208,21.610764748184,0.000165167937336618
0.0963872331846505,33.3830021019094,8.23441003373014e-06
0.0281714801769704,26.2758740456775,0.000164348131765825
0.0305797665426508,35.0699713581707,0.000158836698834773
0.0597900881175883,49.4790137349628,9.19880339297416e-05
0.094285338781774,45.5205389228649,1.30446561052492e-05
0.0412191659142263,60.7870872004423,0.000134488125966219
0.0275555807398632,34.1097718337551,0.000165757635422974
0.0536121162795462,26.4892643748317,0.000106126500982715
0.0708864167775028,14.4672658201307,6.80719756258391e-05
0.0110479202447459,68.4995287109632,0.000149345904961739
0.0524440655298531,47.7192485402338,0.000108799618872156
0.036603957049083,41.896013468504,0.00014505016480243
0.0942677103192546,12.0420828403439,1.78560099619155e-05
0.0251981258601882,28.4833296423312,0.000171152739029616
0.0918838929920457,57.3455382301472,1.85404341805883e-05
0.0604393905913457,24.4815218984149,9.05020864580966e-05
0.0515173944178969,66.827037690673,0.000110920332486397
0.0517521890858188,30.3050530212931,0.00011038299810488
0.0585954659385607,20.9658896317706,9.47318307819786e-05
0.0959018163220026,33.6903232312761,9.34530054916519e-06
0.0342437248048373,16.8221118173096,0.000150698075128258
0.057724147385452,65.590481426334,9.67159989869539e-05
0.0494179221126251,36.7583707161248,0.000115725035517566
0.0426940892240964,17.8605874953792,0.000131287918181404
0.0552396862208843,40.2774256863631,0.000102401760146196
0.0561668871319853,35.4478936642408,0.000100279834071304
0.0899207748263143,57.521589808166,2.3033086823706e-05
0.0227710949187167,64.7712279763073,0.000176174728923603
0.026016620004084,27.5929157086648,0.000169279591532364
0.0220580142294057,55.3493205003906,0.000174542823162904
0.0568520262022503,14.316589164082,9.99651666817046e-05
0.0724204347888008,13.6089268687647,6.51083481644027e-05
0.0459304509824142,34.0868421865162,0.000123706213963388
0.0717177274171263,55.7532274315599,6.46912867646223e-05
0.0540902526839636,35.9000927396119,0.000105032272006296
0.0942324031237513,29.4616736576427,1.31658008881169e-05
0.0956419233232737,24.800530661596,9.94007318590667e-06
0.032809816787485,6.25093614449725,0.000168622822456923
0.0492021254682914,34.5037572074216,0.000116218892373187
0.0214526269980706,18.10512538068,0.000173083915123072
0.0850231112889014,46.2864915735554,3.42415313384359e-05
0.0894235434196889,22.6584403798915,2.41710152643938e-05
0.0545748802018352,42.9635572317056,0.000103923187929189
0.0481935744779185,42.5046241958626,0.00011852699045496
0.0940644793841057,31.4128081791569,1.35500992181566e-05
0.0985095947911032,54.4474733958487,3.37732417546333e-06
0.0526686924253591,43.8745761103928,0.000108285553731592
0.0767842445825227,66.2476932432037,5.30964158435242e-05
0.0527732940716669,21.7298118304461,0.000108046169841736
0.0787249990133569,62.4037977925036,4.86549432538795e-05
0.0249564804532565,18.6445715860464,0.000171757194817961
0.047470782934688,33.7144528073259,0.000120181119785431
0.0583177750371397,35.8778927929234,9.53574649542413e-05
0.0780936131090857,30.9222154528834,5.00998881385875e-05
0.0554076268710196,12.1244631358422,0.000104745310682996
0.0430869520013221,10.4215737525374,0.000133853100481495
0.0547350940364413,21.2646866613068,0.000103556533939596
0.0591809682990424,26.8377663067076,9.3382022233928e-05
0.0139739847858436,49.9135343101807,0.000156042288207522
0.0417124977661297,62.0948946615681,0.000133359121769184
0.0228988299053162,36.5065914881416,0.000176414744256447
0.0561424068617635,38.7349947239272,0.000100335857877021
0.0652300661546178,27.8121431428008,7.9538487013417e-05
0.0786828587646596,21.4142892125528,4.87513824305914e-05
0.0481240169191733,19.0410067443736,0.000118768285609597
0.0140166692924686,39.6992200415116,0.000156139972934227
0.0255352590186521,32.1138841763604,0.000170381200055603
0.0278891765675508,37.0586493180599,0.000164994191732647
0.0787601890508086,23.0443156743422,4.85744098364172e-05
0.0417903964081779,63.831780499313,0.000133180848476112
0.0429308048984967,12.6290244911797,0.000132337134135697
0.0914729017717764,38.7199019268155,1.9480999463042e-05
0.0198721178178675,6.21236698469147,0.000160384027406791
0.0167361864936538,53.7747581512667,0.000162363666624798
0.0148600352252834,14.0691379702184,0.000157712616755386
0.0919063600548543,14.477703809971,2.03980529041089e-05
0.0195090956636705,33.4416659793351,0.000168709549378707
0.0564529133331962,46.5579583693761,9.96252548456098e-05
0.0804143532621674,33.621609157417,4.47888072445614e-05
0.0645860033342615,34.8659536312334,8.10124433868631e-05
0.0578380527556874,49.3920451460872,9.64553232560751e-05
0.0784272034675814,39.6195627294946,4.93364569646643e-05
0.0495190238323994,18.1627476308495,0.000115655434127438
0.0808418659889139,61.6683205519803,4.38104320171748e-05
0.0792555113323033,51.938207319472,4.74408504837517e-05
0.0859321994101629,28.5566272120923,3.21610569064292e-05
0.0562500022933819,46.2983828200959,0.000100089622622982
0.0476938023068942,61.7521467490587,0.000119670733508386
0.010541043614503,29.1094680293463,0.000148185903148121
0.0947423652163707,59.0705338504631,1.1998737904701e-05
0.0321041435631923,53.6163890687749,0.000155348117979075
0.0447187116369605,32.594095756067,0.000126479314466533
0.0745836179819889,17.2845570137724,5.85633860305154e-05
0.0726204347307794,66.7092800850514,6.26254149951896e-05
0.0313480176520534,13.6825352604501,0.000157935053152341
0.0961471019056626,68.5572194273118,8.78395740386441e-06
0.0682757336227223,61.9151259784121,7.25683890134633e-05
0.0990057480335236,63.4233382588718,2.24186314471029e-06
0.0758807154442184,23.842816153774,5.51641683824164e-05
0.0236538275703788,20.5850708007347,0.000174697564108364
0.0474698823620565,57.7711487433408,0.000120183180771919
0.0103764662239701,12.3093887115829,0.000147329884813353
0.033823010136839,66.8356472521555,0.000151414442161663
0.0283114673476666,26.6021588083822,0.000164027767081004
0.0696337904874236,48.4297417395283,6.94604366399338e-05
0.0365450184606016,6.28483260865323,0.000161547837347244
0.0931813117535785,59.1079594707117,1.5571253858191e-05
0.0967205411358736,37.0680359494872,7.47162515700991e-06
0.0895720531838015,57.4666950211395,2.38311463782942e-05
0.0862185714277439,16.8925475643482,3.21071215889492e-05
0.0455797486123629,47.8622497804463,0.000124508806470178
0.0554072325653397,19.9507029424422,0.000102070597598414
0.0781861398485489,14.0165978507139,5.18027107364337e-05
0.0473886307072826,30.844396345783,0.000120369127531493
0.0297018770384602,66.8821716553066,0.000160845774330184
0.0447650659503415,49.7502702591009,0.000126373231281034
0.0915008944575675,45.6363608757965,1.94169373928098e-05
0.0683225348382257,37.2294214332942,7.24612830795452e-05
0.0421025944314897,9.56312715308741,0.000137170630781561
0.0735258990619332,43.6152458377183,6.05532337115473e-05
0.0425472751399502,41.6765365202446,0.000131448709629774
0.0451642896281555,47.4306735384744,0.000125459596359492
0.0827845930168405,27.4537965946365,3.93644450820895e-05
0.0931541827600449,23.1404214561917,1.5633339343737e-05
0.0412827007612214,68.595887941774,0.000134342724633144
0.0260795582691208,47.062009118963,0.000169135555494337
0.0389422690239735,35.0872574490495,0.000139698870286488
0.0670453831413761,47.6105590863153,7.53840816388341e-05
0.0355028169578873,10.0398803735152,0.000150982452197564
0.0446874866588041,44.8976547527127,0.000126550773731235
0.0858330262824893,33.7230578437448,3.2388017474543e-05
0.0265714149479754,35.4136505862698,0.000168009927273446
0.0775865786685608,35.8283751737326,5.12602511055957e-05
0.0987717421236448,64.2693088192027,2.77739243065639e-06
0.081035167009104,45.9095014911145,4.33680570473773e-05
0.040310958228074,57.6440765894949,0.00013656658549704
0.0668979267729446,30.355089630466,7.57215397984815e-05
0.0465901611186564,30.0028471206315,0.000122196448255436
0.067868457743898,64.6582299505826,7.35004516296718e-05
0.0682008784706704,47.9304935049731,7.27396971917418e-05
0.0431609442154877,39.8366299225017,0.000130044310219519
0.0262774490518496,31.1838926898781,0.000168682676720357
0.0867175192176364,34.695517354412,3.03638298365934e-05
0.0707445952692069,62.7203637023922,6.69183278020751e-05
0.0550005535618402,62.1325066720601,0.000102949022145735
0.0212464736914262,25.1305728161242,0.000172685589193704
0.0306880819797516,65.1507906406187,0.000158588815827384
0.0291707498650067,50.693309425842,0.000162061274212617
0.0224448279547505,62.7142430166714,0.000175428057549657
0.0363307932345197,60.5082460946869,0.000145675308084646
0.0501172257191502,6.99079042300582,0.000130525825064132
0.092659540376626,46.10800846247,1.67653427300116e-05
0.0523396671446972,66.7132518952712,0.000109038537592993
0.0453472360852175,48.3200936834328,0.00012504091810659
0.0953620440536179,60.5438784882426,1.05805849811324e-05
0.0213930239761248,24.4706148758996,0.000173020973754549
0.0784105030074716,35.2881088876165,4.93746764501561e-05
0.0764787531085312,26.3191137672402,5.37955419083915e-05
0.0290907488949597,23.8154179533012,0.000162244358744056
0.0310329987830482,61.3573247683235,0.000157799463757276
0.0152858936996199,54.8911934706848,0.000159044629661996
0.088311024538707,20.5678815371357,2.67579678747522e-05
0.0216051858500578,27.6446232013404,0.000173506512333088
0.0401754152891226,29.1687177587301,0.000136876779429105
0.0746562768868171,24.5052224863321,5.79663313990245e-05
0.0503122231108137,5.84572280175053,0.000140272657560772
0.0426120338914916,26.1404169339221,0.000131300507355781
0.0219025899819098,33.8846779346932,0.0001741871302818
0.0968730072840117,49.358011840377,7.12270197175522e-06
0.0436820718203671,68.5188684391324,0.000128851694638688
0.025446251987014,28.5501147224568,0.000170584895219208
0.0927565031335689,6.76463581272401,5.03658093731053e-05
0.0620094853197225,40.0686061254237,8.6908879307085e-05
0.0703212850610726,57.9413900489453,6.78870854441933e-05
0.021688362848945,40.2156566164922,0.000173696865298294
0.0181847133045085,66.6874081071001,0.00016567866208407
0.0123852528748103,39.4943853211589,0.000152406429325512
0.0933704563765787,41.7976811737753,1.51383909234543e-05
0.0510853331885301,43.279064851813,0.000111909117093451
0.0672642825986259,69.7302099899389,7.48831239062037e-05
0.0237076943321154,16.5135400451254,0.000174757738589546
0.0718347628624179,6.13400424947031,9.85435953454846e-05
0.0529141243570484,65.3369717928581,0.000107723875664598
0.0457619031262584,14.4966326351278,0.00012503571765859
0.0378018380491994,49.762904009549,0.000142308779523002
0.0608217444526963,21.1762714898214,8.96280868652541e-05
0.095217958278954,55.6316964980215,1.09103294395553e-05
0.0937404096103273,6.25658222823404,5.67377337439822e-05
0.0565769534511492,42.8936841513496,9.93413854517538e-05
0.0531465771002695,22.0272328017745,0.000107191900845424
0.0721816186932847,63.2793177140411,6.36296581758126e-05
0.0110996318934485,19.0142294764519,0.000149445048851676
0.0174699241947383,66.4561806886923,0.000164042846553788
0.0707143522100523,69.8683526890818,6.69875399167703e-05
0.0680527438176796,60.6953406892717,7.30787076252013e-05
0.0471361314691603,50.5096458736807,0.000120946979333456
0.0664580559567548,57.9232454218436,7.67281968706242e-05
0.0977898334315978,38.0453724192921,5.02451884292793e-06
0.0907515319879167,42.8449535451364,2.11318750561141e-05
0.0816200424241833,38.0277948779985,4.20295527610234e-05
0.0478247483167797,48.8436518458184,0.000119371059781308
0.0262894818396308,40.2542704518419,0.000168655139337853
0.0707355560571887,57.5425901741255,6.69390142999509e-05
0.045527020113077,18.0288019659929,0.000124794943482071
0.0573955277050845,28.4010525606573,9.74680546203616e-05
0.0143251065444201,44.1077410127036,0.000156845840497069
0.0114781192666851,31.2578713649418,0.00015033042785329
0.0632352463947609,8.87898276327178,9.27366559696569e-05
0.0572477892646566,67.1362543373834,9.78061583099229e-05
0.0379087649192661,68.8175341207534,0.000142064074291391
0.0279755873046815,49.6979831648059,0.000164796438264037
0.0991566021740437,66.131854839623,1.89662908546537e-06
0.0318479299056344,64.8477275355253,0.000155934470337239
0.0488853508839384,54.6806178672705,0.000116943840162123
0.0216526183695532,34.4329379952978,0.000173615063024433
0.0840920500713401,54.7279061737936,3.63722918361989e-05
0.0110527917020954,6.43836694071069,0.000144708559227235
0.0349765421519987,65.5986620904878,0.000148774550815694
0.0587368915276602,66.4385104365647,9.43983047560524e-05
0.0872404875303619,36.3443930970971,2.91670017426732e-05
0.0708985301991925,69.0472012548707,6.65660432671245e-05
0.0951286101457663,23.7963501678314,1.11148052239124e-05
0.0741912930086255,43.7713075615466,5.90304604391559e-05
0.054172760094516,53.9588086190634,0.000104843451413341
0.0350598229817115,13.9649641362485,0.000149457563206433
0.0982110359892249,41.7957162216771,4.06058461989237e-06
0.086860450762324,18.9604632917326,3.01910955764641e-05
0.0948846500972286,44.0658462338615,1.16731148437867e-05
0.0702667164197192,62.0030113693792,6.80119673565954e-05
0.0577553876605816,18.7963236484211,9.67556071606961e-05
0.0695970436371863,51.7148468527012,6.95445328684372e-05
0.032348877156619,65.482910919236,0.000154788038079372
0.0947790167643689,65.3236033930443,1.19148597781253e-05
0.0226800903957337,36.7236990586389,0.000175966462443341
0.0916032236232422,65.492659813026,1.91827541405421e-05
0.0812193765142001,65.4606058367062,4.29464882725557e-05
0.0270115609630011,42.8462528740056,0.000167002640400816
0.0836279470683076,65.1913550810423,3.74344049680775e-05
0.0507580433809199,47.2643316118047,0.00011265812927463
0.0714414789783768,55.7789550663438,6.53234892984125e-05
0.0842186260502785,5.55057774065062,8.54035815562028e-05
0.0204241741006263,16.4697393518873,0.000170633582566442
0.0382832616264932,28.2960602804087,0.000141207027756479
0.0841009524068795,5.16301595955156,9.2194456489902e-05
0.0327645431528799,34.3267248559278,0.000153836774436992
0.0394794374960475,6.00269763497636,0.000158175385063241
0.037517908916343,41.5512073179707,0.000142958559547176
0.0777888046973385,8.4350379940588,6.28024924621697e-05
0.0508728416753002,48.5057491261978,0.000112395410061046
0.0659602031996474,8.47748239408247,8.79305433250889e-05
0.098224880148191,11.9415600062348,9.16760558417773e-06
0.0125542261544615,60.8055325096939,0.000152793129558179
0.0546455435012467,36.0228342108894,0.000103761472926794
0.0415258445381187,36.9797969679348,0.000133786283074503
0.0345504568004981,54.6557451819535,0.000149749659453589
0.0231210469617508,7.42392165237106,0.000170994305126448
0.0805347382207401,68.6255765962414,4.45133027885564e-05
0.0308210257533938,34.3679169635288,0.000158284570160228
0.0928965209191665,6.48249414982274,5.45766856377489e-05
0.0156201034598053,30.8225519722328,0.000159809478354583
0.0307229892117903,23.9547325379681,0.000158508929618281
0.0623004370415583,55.2977237431333,8.62430278851262e-05
0.0552090551005677,21.7712799366564,0.000102471860350073
0.0184812667150982,30.3023009200115,0.000166357333132593
0.0918174801347777,51.6231776459608,1.86924219233287e-05
0.0608195231435821,11.2886316387448,9.35265311589832e-05
0.0462974651018158,53.0929215287324,0.000122866291546911
0.0354288678057492,16.7812413675711,0.000147998947679107
0.0849529045517556,48.8713894109242,3.4402201484894e-05
0.0215031767264009,64.1551014361903,0.000173273061506225
0.0113236755342223,34.0349107864313,0.000149976978909169
0.0587828470510431,53.2891417539213,9.42931342129867e-05
0.0839314093883149,69.7787642548792,3.67399226807315e-05
0.0175596539350227,39.6666054264642,0.000164248195657012
0.0994034619419836,57.5442966527771,1.33168337395682e-06
0.050064764728304,12.7744009660091,0.000116192865657
0.0381694982666522,64.1590376058593,0.000141467378492467
0.093824138159398,61.0219576279633,1.41001270551364e-05
0.0345872724032961,24.4295975810383,0.000149665405882864
0.0444973739678971,50.7505975023378,0.000126985852117347
0.0213840734865516,62.265150147723,0.000173000490300552
0.0101347262272611,48.0365028500091,0.000147256034067593
0.0892876024660654,68.2039904233534,2.44821200645355e-05
0.0500982541195117,30.7944370561745,0.000114168076062811
0.0275584740680642,48.3946247037966,0.000165751013957788
0.0192638411768712,46.1209224944469,0.000168148277399471
0.067653036818374,33.9318762847688,7.39934486419419e-05
0.0921170514915138,48.8968768087216,1.80068442178514e-05
0.0277703769621439,36.7866462795064,0.000165266068062126
0.0687006702343933,43.6493333079852,7.15959092998594e-05
0.0437622107355856,35.8997850050218,0.000128668294415738
0.0691599335893989,58.211071396945,7.05448718423236e-05
0.0678535794047639,31.0314027697314,7.35345011386637e-05
0.0845093113742769,55.5038653290831,3.54173772883976e-05
0.0282749323709868,12.6994865259621,0.000165243913460723
0.0701204319251701,54.1063433978707,6.83467436490036e-05
0.0354697507689707,32.7495367743541,0.00014764582864536
0.0702910718205385,40.2566106058657,6.79562293181139e-05
0.0217019752273336,41.3240644882899,0.000173728017619543
0.0549281844613142,24.6235650207382,0.000103114640923267
0.0988404260156676,51.5524050919339,2.6202073592621e-06
0.0405005765752867,32.4554987344891,0.000136132638430756
0.0775785382441245,12.8113917110022,5.42540315217311e-05
0.0287589350808412,29.5410681073554,0.000163003724244842
0.0952206711028703,58.6852810019627,1.09041210636407e-05
0.0664206098252907,57.7392547787167,7.68138934244198e-05
0.0968631077534519,17.0034445682541,7.78764599054417e-06
0.0381011966522783,32.8133297129534,0.000141623688710417
0.046409920884762,59.130951394327,0.000122608933238427
0.0611215053452179,14.9618094111793,8.99861041371889e-05
0.0283769587613642,47.1305981103797,0.000163877888088498
0.0225540540646762,53.666690280661,0.000175678024658118
0.0451020938530564,63.2342713873368,0.000125601933187844
0.0652294794004411,20.7301758474205,7.95621234775372e-05
0.0357374797156081,65.0713585072663,0.000147033123215424
0.0835961487470195,45.3414864256047,3.75071763451018e-05
0.093479959780816,25.5985715368297,1.48877892189492e-05
0.0109051965293475,42.8420879691839,0.0001490192776153
0.0994121595285833,41.2292922229972,1.31177869572188e-06
0.049686979779508,26.6661396354903,0.000115109289272957
0.018156245846767,60.5192544392776,0.000165613513484511
0.0902837033965625,53.0727680912241,2.22025143045113e-05
0.034871037628036,56.9545119151007,0.00014901600096715
0.0781406443449669,14.4653529743664,5.16229111508321e-05
0.0962910259724595,58.3841971959919,8.45458301856732e-06
0.051753401402384,49.6748795220628,0.000110380223683392
0.0117786886356771,44.2413341463543,0.000151018289538651
0.0662095135217533,52.9395747825038,7.72969934143211e-05
0.0437286201328971,18.1477474991698,0.00012888981252488
0.0761544679198414,37.9563149763271,5.45376779323574e-05
0.0312423349916935,23.7954820215236,0.000157320391795391
0.062906092137564,57.8979926160537,8.48569686985801e-05
0.0124516526143998,46.9260259193834,0.000152558387048066
0.0867907612305135,58.6255522666033,3.01962133739254e-05
0.0615729667409323,16.543404632248,8.84059894156425e-05
0.0659873134386726,43.9946876419708,7.78055047245313e-05
0.0105908429529518,53.8621274125762,0.000148299870373025
0.0698706293967553,66.6300861607306,6.8918423952885e-05
0.0333146772766486,6.34785221540369,0.000167120417543778
0.0701818964001723,25.1377682876773,6.82060804220535e-05
0.0602751168771647,62.8928308852483,9.08780315993995e-05
0.0847576617379673,51.5383180091158,3.48490203054459e-05
0.0101878033298999,30.2866285666823,0.000147377502550551
0.0765852810209617,18.9580258715432,5.36880225340934e-05
0.0652563395444304,7.83868776750751,9.23058545853872e-05
0.0125684667355381,9.82453022268601,0.000151530993465933
0.0498646314931102,10.8903873478994,0.000118281887381492
0.0716286310134456,49.9986646336038,6.48951864587294e-05
0.0764431417128071,21.5725934458897,5.38770396164347e-05
0.0115556124760769,39.1328586975578,0.000150507773302013
0.0641221762215719,51.2119441677351,8.20739251357207e-05
0.0751183307450265,31.4548090472817,5.690890779428e-05
0.0796936655347236,27.673929767916,4.6438121931819e-05
0.0805026323883794,16.1048395733815,4.53559509837457e-05
0.0668130685319193,67.3406931071077,7.59157403348974e-05
0.0557037980458699,64.24883360276,0.000101339626825023
0.0106283038365655,27.1385226736311,0.000148385600687541
0.0538181080669165,12.1396017586812,0.000108291179578457
0.0535059029608965,60.2694062632509,0.000106369573231291
0.023465984154027,69.1333892778494,0.00017511679537135
0.0738158558309078,26.0381676745601,5.98896592679587e-05
0.0530729824188166,16.9016999972519,0.000107729026875659
0.02110900597414,12.2519178013317,0.000171376059809781
0.0461514994339086,23.837949243607,0.000123200338195338
0.0420420356211253,54.419225754682,0.00013260496486661
0.0473088807123713,7.04894803813659,0.000135587450741563
0.0241263902187347,32.0325495640282,0.000173605437010996
0.0229029022739269,19.4166551530361,0.00017643709453643
0.0383388491719961,14.8967454442754,0.00014175376949642
0.0986138681811281,28.4369689889718,3.13869150959545e-06
0.0890060840942897,58.6649165966082,2.51263829923218e-05
0.0374677659198642,49.2260133451782,0.000143073313243412
0.013893209118396,20.3547727758996,0.000155848734714006
0.0890903738536872,48.8256764318794,2.49334834425365e-05
0.0549131332873367,37.9804409958888,0.000103149085969791
0.0815557379089296,51.9345302286092,4.21767155021474e-05
0.0495721494033933,58.6865172674879,0.000115372081906517
0.0649641919136047,21.4979388413485,8.01469478959433e-05
0.0216371386079118,57.1062819415238,0.000173579637142656
0.0707069194526412,26.3180160988122,6.70045499968621e-05
0.0365384556609206,40.8765217638575,0.000145200066621787
0.0635343630751595,65.380231597228,8.34191525051108e-05
0.0888475015875883,6.97284948430024,5.48250518323822e-05
0.0360049834405072,12.4784040276427,0.000147986962778288
0.0340403038309887,58.6288077093195,0.000150917159264283
0.0799914880492725,24.509911511559,4.57565465022169e-05
0.0416047431621701,28.5309926967602,0.000133605721293725
0.0269346513436176,67.9827825247776,0.000167178650286943
0.0920652038254775,16.2771467294078,1.89513474049354e-05
0.0517370999418199,69.4042266358156,0.000110417530046895
0.0598301504505798,63.7880469404627,9.189635012316e-05
0.0369291418464854,14.2337103246246,0.000145144636699138
0.0500562062184326,38.8449164025951,0.00011426430389933
0.0194242909201421,27.9976812214591,0.000168515471272859
0.0410364794218913,60.8706321020145,0.000134906209282332
0.0807884217379615,39.5922427717596,4.3932740729657e-05
0.0884416902577505,25.2931919775438,2.64180145944075e-05
0.0788897015037946,5.19921990344301,0.000100069406830724
0.0296072426065803,11.8125303613488,0.000162677151176057
0.0355179086374119,50.8873869047966,0.000147535617971995
0.0530273581272923,57.819005951751,0.000107464736909704
0.0492192227696069,45.7451952982228,0.000116179764705131
0.0635467206197791,57.9495794454124,8.33908719071993e-05
0.0978457571333274,22.9703838238493,4.89653583570285e-06
0.0729801759775728,46.4771669916809,6.18021367578132e-05
0.0921927836630493,35.2610462228768,1.78335289551448e-05
0.0932416067016311,28.1270470225718,1.54332671274562e-05
0.0483145953714848,64.4817712227814,0.000118250030643348
0.0643798646330833,18.4075228776783,8.16521234125163e-05
0.0715272738551721,64.0418574074283,6.51271452439747e-05
0.0217769262264483,19.6281076653395,0.000173873281310846
0.0207419016235508,68.8579905650113,0.00017153086143765
0.0787139552691951,67.3999988322612,4.86802171814831e-05
0.0745577239571139,27.2437531629112,5.81918726261634e-05
0.083903873055242,57.3041707649827,3.68029403745827e-05
0.0438022269681096,46.7575392487925,0.000128576716111408
0.0677289604116231,9.25028718658723,8.21298403716945e-05
0.0796549883531407,49.8421799298376,4.65266357793805e-05
0.0431108468794264,26.6051849711221,0.00013015895942057
0.0188658236968331,19.1571086458862,0.000167207124247601
0.0894545425055549,20.489527171012,2.41468357113384e-05
0.0407976955967024,27.6422372064553,0.000135452672965515
0.0379775471519679,44.4519900053274,0.000141906664164512
0.012112704354804,22.4281624983996,0.000151782694162669
0.0609450162225403,25.9322838357184,8.93449475919459e-05
0.0867818198772147,61.8258644687012,3.02166759192942e-05
0.0245495465560816,43.6022075405344,0.000172637031506621
0.0603959211823531,58.2778494094964,9.06015674565483e-05
0.0650576679664664,24.4110796891619,7.99330252481434e-05
0.043167387614958,52.723515558755,0.000130029564313661
0.0783661611680873,37.6192045665812,4.94761540307664e-05
0.0392564316396602,22.6363914553076,0.000138979900063313
0.0545449976692908,30.324688028777,0.00010399157496832
0.0521186856855638,39.5657420018688,0.00010954426004709
0.0106928691756912,28.7525013077538,0.000148533360331632
0.0868970571947284,49.2601465201005,2.99529519885849e-05
0.036195003092289,25.1858630543575,0.000145986067748557
0.0789128778013401,11.1801927734632,5.34405897427549e-05
0.0156121251243167,63.4286173735745,0.000159791219703297
0.0246667799609713,43.5333328193519,0.000172368739472278
0.0478419522778131,55.9649736795109,0.000119331688019405
0.0912593128578737,17.7043361123651,2.03847477990647e-05
0.0692694354639389,22.9118825611658,7.0294273638575e-05
0.0742762691620737,21.3514049339574,5.88359900567534e-05
0.0814787920168601,19.9430478969589,4.24301767960664e-05
0.0444402082986198,26.743578016758,0.000127116677403189
0.0990409417590127,42.9975435312372,2.16132128706774e-06
0.0689393836096861,41.2347692146432,7.10496068432995e-05
0.0896465543052182,49.2606356961187,2.36606484093534e-05
0.0634379354817793,41.2121884059161,8.36398298386668e-05
0.0321347262570635,63.7115569610614,0.000155278128600518
0.0495695585990325,50.7051862496883,0.000115378011037153
0.0654707390093245,57.5885311921593,7.89877002316026e-05
0.0808823613729328,45.8441390062217,4.37177571608048e-05
0.0293901213700883,5.92504394240677,0.000176226912941262
0.0675662753824145,23.8161249982659,7.4192004694954e-05
0.028959128560964,64.170991582796,0.000162545575681343
0.0252656248863786,5.02895197714679,0.000164398686626786
0.0209419878362678,38.3809759072028,0.000171988764516592
0.0309352451516315,63.9455406274647,0.000158023175767192
0.0627408784977161,44.3263264780398,8.52350648869292e-05
0.0658378142956644,41.7928907356691,7.81476378328198e-05
0.0301154796825722,33.4118451597169,0.000159899232728814
0.064788345892448,61.3495541596785,8.05493765961215e-05
0.0701045331312344,13.3614688797388,7.05115057448852e-05
0.0236557640414685,50.5861074768473,0.000174682478615584
0.0122959365928546,40.8203767426312,0.00015220202643362
0.0197440905752592,28.2211755635217,0.000169247342023642
0.0639672067132779,17.0551912428346,8.28425381479259e-05
0.0846974256099202,15.9802187629975,3.58376395200843e-05
0.0727832867065445,45.2648052433506,6.22527235433303e-05
0.07385521953227,38.5522602777928,5.97995743000466e-05
0.026741740249563,10.4149344249163,0.000169884201105438
0.0563347279955633,8.22378466022201,0.000109097385105254
0.0603366000647657,18.4427312470507,9.08890726072399e-05
0.0809844877594151,37.2313081123866,4.34840379745781e-05
0.0407010892382823,24.5320146915037,0.00013567375940803
0.0570365908695385,29.1777508752421,9.82894919393563e-05
0.0682851892267354,60.1775833405554,7.25467495904764e-05
0.0971793407620862,34.5123262854759,6.42164895621546e-06
0.0330114473658614,66.2113421061076,0.000153271727011722
0.0223495510499924,41.4876072923653,0.00017521001360026
0.0628453352209181,62.384737104876,8.49960126577884e-05
0.0737034655106254,35.5624264432117,6.01468677632454e-05
0.0183291946002282,60.7423882291187,0.000166009311703857
0.0256364741246216,35.652873973595,0.00017014956636116
0.0303841258608736,54.0800830768421,0.000159284428187713
0.071048673344776,58.6715723446105,6.62224363403348e-05
0.0388826554408297,40.0190713745542,0.000139835297693942
0.0741670758044347,53.0981927888934,5.908588221066e-05
0.0353358087944798,5.07480185828172,0.000172065294821833
0.0741624892689288,66.5495241084136,5.90963786296852e-05
0.0744033344765194,52.1811063145287,5.85451974133161e-05
0.0170255768345669,40.53791600978,0.000163025944781402
0.0553100950247608,54.1068274131976,0.000102240627564186
0.0131772551126778,49.8330878664274,0.000154218949330382
0.0712691440107301,59.9751611601096,6.57178828511874e-05
0.0736507643992081,38.2446058979258,6.02674757794296e-05
0.0270016254321672,48.2721504685469,0.000167025378150199
0.0268427172885276,30.2022360404953,0.000167389044028289
0.0487361970543861,30.0053069693968,0.00011728518301059
0.0978165425127372,22.4518744368106,4.96339433902854e-06
0.0639412259985693,13.2434686459601,8.45357422378804e-05
0.0626043279911391,42.4026451841928,8.55475646666168e-05
0.0126533252489753,57.8197182179429,0.000153019920699268
0.0673363353032619,33.4884731005877,7.47182292098082e-05
0.0272299111750908,53.5003137576859,0.000166502939631604
0.0919084129715338,49.7383207769599,1.84843194990682e-05
0.0811809698375873,59.1827284125611,4.30343830616774e-05
0.0474446898186579,22.7046510251239,0.000120240834635381
0.0129470855370164,22.3218844493385,0.000153692199606136
0.0638841904792935,31.9733389257453,8.26185623831035e-05
0.0297135117906146,6.41266625956632,0.000173449819952689
0.0477561227208935,56.9307113974355,0.00011952811144031
0.0209556180681102,37.9036564333364,0.000172019957695984
0.0383631788822822,41.5575672872365,0.000141024134807538
0.0294500600453466,12.542430710746,0.000162673320997475
0.0353491626959294,31.7620953230653,0.000147921797934695
0.0447975412360393,48.0278865841683,0.000126298910651399
0.0800743707595393,28.7826245499309,4.55668670250213e-05
0.0584516509831883,51.9507694407366,9.50510859835993e-05
0.0842820215481333,51.5972510899883,3.59375366226663e-05
0.0210154533525929,57.2324398811907,0.000172156892473358
0.0294556645001285,26.977641832782,0.000161409238838034
0.0899081759667024,30.3421660489403,2.30619196779497e-05
0.0597729085478932,61.1914241034538,9.20273498713624e-05
0.033234492407646,35.8922634564806,0.000152761281989104
0.0220916442899033,54.1659837961197,0.000174619786528035
0.0874151289882138,67.7484911691863,2.87673297204216e-05
0.0115302476426587,44.3733820691705,0.000150449725147863
0.0993008864321746,63.8392066280358,1.5664303918933e-06
0.0585706626507454,65.6168426910881,9.47787243437625e-05
0.0708634458575398,40.5814448511228,6.66463347966969e-05
0.0740410100319423,21.4476095710415,5.93743873734574e-05
0.0952351729688235,9.23519998905249,2.26078240420913e-05
0.0207580414181575,17.228684813017,0.000171444421226242
0.0238829563232139,36.7748151754495,0.000174162542514489
0.0165545811201446,42.9232346022036,0.000161948057480355
0.0558871675794944,55.3073871601373,0.000100919980349183
0.0568761468259618,29.8270499147475,9.86566727688296e-05
0.0104660038091242,14.021399760386,0.000147758304616684
0.0970486249821261,69.2052491789218,6.72079579545651e-06
0.0863065267610364,18.1280824355781,3.15945186502002e-05
0.036641802850645,56.46505626617,0.000144963553592068
0.0563553569698706,66.9999012479093,9.98485154017997e-05
0.0433999488619156,28.1212447863072,0.000129497341180551
0.0133386899391189,44.0110620914493,0.000154588397595067
0.0758505070651881,56.8584336468484,5.52333011306449e-05
0.0756475938251242,31.8541117641144,5.56976739433519e-05
0.0586116861994378,20.776486210525,9.47028588313976e-05
0.0625891243503429,9.8765527899377,9.19241451847595e-05
0.043947597311344,19.022982326569,0.00012831971239002
0.0960240608896129,63.2534544786904,9.06554032414756e-06
0.0980050701857544,45.8461466664448,4.53194331215356e-06
0.0430884742387571,43.7637570768129,0.00013021015985516
0.0864921229891479,60.2353885758203,3.08796556179164e-05
0.036938799014315,59.1050029394683,0.000144283869290328
0.0772625342919491,49.4049063604325,5.2001836024163e-05
0.0307889335835353,26.2042331334669,0.000158358014018196
0.0294754276657477,7.00332017266192,0.000170949934706194
0.0238108930573799,35.7535751315299,0.000174327461380491
0.0325222932640463,21.4770565659273,0.000154391170306972
0.0191976415133104,11.7773240956012,0.000166937924255294
0.030409966094885,47.9087327618618,0.00015922529206557
0.0461939576920122,45.3266520868056,0.000123103171244911
0.0274875306873582,28.4322208049707,0.000165913369934318
0.0167145706759766,7.90232655126602,0.000159183054481783
0.0610931130941026,51.4146014093421,8.90060236223773e-05
0.0261933750635944,64.2740086955018,0.000168875082471649
0.0377165599376895,31.8103904940654,0.000142503940945154
0.0442955325427465,68.6997435381636,0.000127447772050656
0.044563709627837,44.3704830470961,0.000126834041042922
0.0886866557993926,25.24004215491,2.58574038745117e-05
0.0352878124034032,22.646115393145,0.000148062199851749
0.0703373690741137,9.58838583086617,7.56488335130837e-05
0.0810429280856624,37.9849483678117,4.33502955994307e-05
0.0786769908037968,31.3071819359902,4.87648114285704e-05
0.0763002019328997,12.0957378961612,5.79971790915726e-05
0.039308634006884,24.7993338352535,0.000138860433437626
0.0648636038368568,39.9845748324879,8.03771466158962e-05
0.0515805480140261,25.3382171015255,0.000110775803656944
0.0335541587485932,31.3965345826,0.000152029716331651
0.0945156457577832,63.5622552130371,1.25175919363378e-05
0.0517635870492086,47.6884939230513,0.000110356913536338
0.0665744250826538,24.7395062749274,7.64618827637236e-05
0.079717812309973,28.5191281465814,4.63828613389822e-05
0.0913294067955576,11.3185277045704,2.56060360624987e-05
0.0670705386158079,27.8919465886429,7.53265126087738e-05
0.0234948150301352,39.4578396971338,0.000175050815078359
0.0851579432329163,64.2009452485945,3.39329645388263e-05
0.0545055816858076,53.7668027263135,0.000104081779585376
0.0194372517522424,24.5054868014995,0.000168545132511601
0.0347012911597267,54.9272277625278,0.000149404470664401
0.0103944798139855,30.6790308188647,0.000147850487655934
0.0668437191401608,50.4861216875725,7.58455955323413e-05
0.0244776826538146,6.44233520957641,0.000169802688441367
0.059094060389325,25.4006245080382,9.35809134963673e-05
0.0201652876846492,47.6837187702768,0.00017021126377823
0.0646809045411646,55.9442368720193,8.0795259232862e-05
0.0169090446596965,63.2433099672198,0.000162759257532219
0.0496808794513345,25.7780827605166,0.00011512325005024
0.0572151294723153,35.9814455732703,9.78809011883431e-05
0.0908176979771815,36.0363777261227,2.09804522779319e-05
0.0154087847005576,44.9421647458803,0.000159325869268361
0.0309199853311293,59.6618545521051,0.000158058098307317
0.0242764864885248,51.0786930320319,0.000173261937360814
0.0572467845887877,11.5181502478663,0.000101230717882344
0.0857022679015063,35.5978211120237,3.26872618074557e-05
0.0297038596728817,9.10605632467195,0.000164642089854154
0.0232519727922045,43.4603511262685,0.000175606566556362
0.0805234709940851,53.8813781528734,4.45390881623031e-05
0.0589748210273683,16.7491874971893,9.42918548184858e-05
0.0247703124326654,20.3447389695793,0.000172147498266498
0.0762045555748045,28.1355943530798,5.44230508867798e-05
0.0640542512689717,49.2375071276911,8.22293733523179e-05
0.0701644707168453,43.2048585312441,6.82459596018318e-05
0.0430791853717528,57.8460742160678,0.000130231417695684
0.0219072708766907,20.8635569084436,0.000174192514406805
0.0221489529754035,57.4365100474097,0.000174750939110635
0.0349507213220932,19.5468425331637,0.000148878153289645
0.0550539685180411,44.9668537499383,0.000102826780475138
0.0917483917321079,52.2139684157446,1.88505327290264e-05
0.064966669017449,51.1524203163572,8.0141278972224e-05
0.0494557843846269,29.6024021808989,0.000115638386614126
0.0760048245661892,23.9725898462348,5.48801410708716e-05
0.0899214311293326,67.2032996464986,2.30315848552858e-05
0.0569816550170072,44.8857761430554,9.84152142251489e-05
0.0444678361201659,54.6435245894827,0.000127053450335324
0.0308325800811872,16.9088423484936,0.000158471636259973
0.0469494777172804,31.6062631970271,0.000121374141837665
0.0494099060166627,23.9658992749173,0.000115743380584787
0.011047421102412,58.2600149384234,0.000149344762660087
0.0996627947781235,6.42624692874961,4.28653360955639e-05
0.0647442777012475,34.7240636346396,8.06502279249565e-05
0.0177914848458022,23.2665026967879,0.000164778747394677
0.0524813552759588,55.7618448173162,0.000108714280210772
0.043797425813973,56.3360398635268,0.000128587703691371
0.0894106821436435,17.9818328807596,2.45370438444546e-05
0.097779795830138,55.035763878841,5.04749018388743e-06
0.0267373734456487,66.3168062944897,0.000167630126456442
0.0158802441018634,17.5825295434333,0.000160327041448735
0.062646432092879,41.5112423954997,8.54512082132614e-05
0.029834634733852,42.2025398362894,0.00016054195450848
0.014327222534921,7.18173533212394,0.000152601932226444
0.0655720036104322,48.4141313144937,7.87559532661054e-05
0.0589866241510026,9.96311030932702,9.9639621355617e-05
0.0652387243672274,46.3116418011487,7.95186724436961e-05
0.0138987920735963,25.9334446280263,0.000155870207512983
0.0110077622113749,14.7149861115031,0.00014904548093291
0.0983513079979457,25.842982478207,3.73956807502224e-06
0.0255780043359846,6.26796709140763,0.000171068829085207
0.0723532369872555,29.8693810973782,6.32369047514521e-05
0.0328982285573147,48.3354195894208,0.000153530831526339
0.0597978772106581,50.554681076901,9.19702083651994e-05
0.0839942721533589,6.84624254936352,6.60796350259643e-05
0.0354900440061465,11.4231297851074,0.000149782828297152
0.033713342321571,32.1675806993153,0.000151665420125562
0.0110661918716505,44.7341620421503,0.000149387720107837
0.0912251087417826,51.7759237391874,2.00480809717259e-05
0.0396912922570482,11.9826315867249,0.000140033425613803
0.0626199817191809,38.7242428248283,8.55117406577062e-05
0.0174907594895922,68.8796833716333,0.000164090528728061
0.0725288280728273,51.2415394757409,6.28350594787259e-05
0.0227242960082367,23.4964605548885,0.000176067628264797
0.0913661598484032,56.7575454630423,1.97252814388015e-05
0.0744598536705598,64.1723840916529,5.8415851604732e-05
0.085982295027934,48.3424834709149,3.20464116377353e-05
0.0357895168545656,57.4976153555326,0.000146914034719398
0.0222077340260148,36.0660973447375,0.000174885461243334
0.0250898720091209,35.837761774892,0.000171400481095588
0.0882122523174621,59.0782613877673,2.69430899499625e-05
0.0145408510323614,49.3944999249652,0.00015733957799128
0.0180311025865376,18.5519108001608,0.000165286951763574
0.0645663774013519,14.4221670087427,8.24266478927326e-05
0.0450984808546491,47.4908800842241,0.00012561020163909
0.0414066449273378,35.3701548429672,0.000134059074827838
0.0109086616709828,59.3946595524903,0.000149027207692051
0.0756053400225937,34.7375317220576,5.57943729912921e-05
0.0699243852868676,59.5393812702969,6.87954020451812e-05
0.0884657730371691,22.8134864615276,2.63629004578784e-05
0.0360147186857648,36.5311675320845,0.000146398653821888
0.0667974313162267,20.9125748940278,7.59653741198894e-05
0.0682615242432803,15.4891666141339,7.35114071602236e-05
0.0836863342323341,68.9103648613673,3.73007842562086e-05
0.0604056336288341,47.9116977227386,9.05793402421525e-05
0.0640493174083531,44.4199050799944,8.22406646348989e-05
0.0658138644951396,16.747674975777,7.86916224836524e-05
0.0702575541613624,53.8810992788058,6.80329354495722e-05
0.0894740647333674,67.3471357987728,2.40553957783162e-05
0.0657312439917587,21.2059959664475,7.83915270524693e-05
0.0395147270685993,11.752904234454,0.000140585152754939
0.0587689186539501,12.2020206972957,9.71430109500836e-05
0.0760063997562975,11.3218795356806,5.96958557400442e-05
0.0912215271964669,50.4295842570718,2.00562774416633e-05
0.0339444015733898,30.2076992904767,0.000151136634351725
0.0240016650687903,24.3490536743775,0.000173890874120357
0.0862197667290457,23.5306041268632,3.15029507884148e-05
0.0269508105423301,45.0283838540781,0.000167141669493798
0.0273877409868874,20.154209806351,0.000166163157669968
0.0648661724291742,43.622905514203,8.03712683181628e-05
0.0829404014069587,53.8673722033855,3.90078730794951e-05
0.0465454583545216,11.4070651133079,0.000125176174877409
0.044707398309838,61.6629304748494,0.000126505205342531
0.0922344538965262,11.1521083523985,2.38840125953062e-05
0.0123948946408927,39.7704598272685,0.000152428494785774
0.0537021037214436,30.3841192147229,0.000105920562121904
0.0865631195320748,34.2231267492753,3.07171779781083e-05
0.0612740059848875,53.4223205642775,8.85920450152347e-05
0.0807778261741623,8.4487945958972,5.63769344517066e-05
0.0456391420448199,30.7711680443026,0.000124372882883932
0.0269299168256112,62.8646228648722,0.000167189485368197
0.0725684696133249,6.23024210566655,9.59472240009972e-05
0.0347265897132456,69.1701107588597,0.000149346574193716
0.0493443294637837,13.2077827386092,0.000117498799367397
0.0371543339127675,54.4435895746574,0.000143790611447718
0.0333641202165745,8.13077010214329,0.000158050576465591
0.0607494615809992,60.4632422036957,8.97924800393196e-05
0.0580872953520157,36.0533321253024,9.58849243729521e-05
0.057722130259499,49.7046588594094,9.67206152379786e-05
0.0392287668539211,9.93988350615837,0.000142938110815641
0.0221413145889528,69.1144420951605,0.000174733458442545
0.0135277443309315,20.2613113867119,0.000155011608158769
0.0564600952412002,47.7146714460105,9.96088188416341e-05
0.0889421098679304,5.22125729592517,8.32596467854546e-05
0.071029104324989,37.7021385845728,6.62672206075297e-05
0.0121391625027172,29.9871867231559,0.00015184324439863
0.0224470847402699,8.92964835627936,0.000172412288787842
0.0367079129326157,68.2117591099814,0.000144812258759343
0.0727844884409569,62.2545094380621,6.22499733394054e-05
0.0602585092256777,43.6602565390058,9.09160386896763e-05
0.0978617745731026,26.2489835452288,4.85987946198161e-06
0.0849560016440228,51.3189117063303,3.43951136997557e-05
0.0885460571059957,24.2262173432391,2.6179168046702e-05
0.0204613145440817,67.2731953975745,0.000170888729799216
0.01956837763777,25.3801176161505,0.000168845217889282
0.0809072678838857,63.0150626739487,4.36607578908595e-05
0.0193050939706154,42.0442341954913,0.000168242685609881
0.0559714717976749,68.4718954644632,0.000100727047710055
0.0266877800296061,12.5316595763434,0.000168882022460186
0.0345972112449817,15.630175328115,0.000150070731090245
0.0717747602751479,14.4923082785681,6.60434449330592e-05
0.054662378616631,62.2512489103247,0.000103722945278816
0.0767282258719206,36.1331278225407,5.32246162812989e-05
0.0331836950988509,46.2735425669234,0.000152877533097981
0.0334068403253332,66.3826786889695,0.000152366858799787
0.0925467011635192,27.3675227619242,1.70235785294968e-05
0.0707675145356916,43.521416495787,6.68658763985131e-05
0.021603726351168,24.8890980356373,0.000173503172227709
0.0314947671536356,64.1605064657051,0.000156742693499203
0.0249410028080456,33.487847809447,0.000171741172563562
0.0431220106524415,36.3709713984281,0.000130133410803467
0.0259374385327101,52.2214456822258,0.000169460800617413
0.078318089004606,29.3257191975135,4.95861685658537e-05
0.044301291119773,9.04676140518859,0.000133200877733816
0.0426185834268108,53.066097269766,0.000131285518554966
0.0323500904580578,11.9860210409388,0.000156453191379407
0.0376332458527759,27.5405353738461,0.000142694607635692
0.0296858907165006,56.5308433200698,0.000160882359489885
0.0512877871631645,16.8682299787179,0.000111807471296352
0.0944025516719557,30.8701473928522,1.27764110194084e-05
0.0925906015071087,36.0543498257175,1.69231113247692e-05
0.0243620290490799,53.0613796412945,0.000173066170739382
0.0202514878683724,19.6337808237877,0.000170384206295165
0.0409406762174331,57.3741433513351,0.0001351254576838
0.0749669070332311,67.793210450327,5.7255445333845e-05
0.0964503683405928,42.8280144615565,8.08992340517706e-06
0.0113670471054502,11.1305267957505,0.000149314085366872
0.0602781299618073,37.9741529736202,9.08711360681371e-05
0.0777029294590466,20.7300046971068,5.10205455939963e-05
0.028600431678351,57.0505836757366,0.000163366463861117
0.0181873578159139,10.575094706146,0.000164230049295832
0.0498331267479807,58.9227355737239,0.000114774827712948
0.0319943987810984,19.7311129735317,0.000155635146570316
0.0245540348556824,64.0966977272183,0.000172626759903303
0.0383147622435354,57.9701781249605,0.000141134937684223
0.0523825239413418,15.1372494397219,0.000109769170437086
0.0743997885123827,46.7396831966471,5.85533124546974e-05
0.05057966648601,50.6603003886994,0.000113066349952517
0.0526426881784573,36.3361492485274,0.000108345065201974
0.0893601796682924,41.7840716743376,2.43160250402487e-05
0.0890061379899271,35.0194017449394,2.51262596505984e-05
0.0779744717734866,13.8083162729163,5.24186353427583e-05
0.0418711335398257,37.9285819665529,0.000132996079217579
0.0373994588991627,38.4824475366622,0.000143229635833898
0.069035885927733,52.9446871206164,7.08287585001845e-05
0.0613498012092896,18.0211941385642,8.86428495550624e-05
0.03383964687353,17.4781733145937,0.000151552400059
0.0146312019554898,34.2011740617454,0.00015754634868939
0.0381214667554013,42.2396233072504,0.000141577299993751
0.0222522829193622,12.8035125008319,0.000174131321734312
0.0845939070940949,22.4840819626115,3.52237775393498e-05
0.0139984942879528,14.4554449163843,0.000155805168101081
0.0873963996046223,22.8208734386135,2.88101924559235e-05
0.0975661422917619,23.8630088337231,5.53644247960372e-06
0.083220885284245,16.2300245789811,3.91256926452267e-05
0.0400516982097179,9.63502956554294,0.000141537399832478
0.0462088095024228,22.4295293551404,0.00012306918244767
0.0573120400938206,15.8557156042662,9.82816383043546e-05
0.0280439328611828,40.7687267591245,0.00016464002748326
0.0533628096035682,7.82155375811271,0.000117320075305345
0.0704842529585585,57.7910275140312,6.75141287021264e-05
0.0633568642055616,36.8414650636259,8.38253637967028e-05
0.0457500863610767,10.4541833430994,0.000127939378365739
0.0969444175367244,23.9133616071194,6.95927754514887e-06
0.0367669493798167,47.9988028656226,0.00014467715214417
0.0962292906153016,40.0229883845896,8.59586616715756e-06
0.0643997119320557,19.5984655176289,8.1518026527638e-05
0.0600002683000639,63.889157245867,9.15070305093601e-05
0.015064092783723,42.644998175092,0.000158537031857419
0.0701707970211283,50.7105093740393,6.82314816716927e-05
0.064817816328723,49.2239665030502,8.04819326512098e-05
0.013902314316947,50.0767729512882,0.00015587826826866
0.0851840941002592,24.0268132137135,3.38731175233288e-05
0.0181469968566671,47.7095352113247,0.000165592346903434
0.0217239908198826,17.7955585031305,0.000173685267117632
0.0571153975231573,47.971710144775,9.81091406355702e-05
0.073800676309038,29.7254840307869,5.99243980423435e-05
0.0267160970531404,55.9735094022472,0.000167678818095442
0.0838682292005979,48.9732142374851,3.68845123658022e-05
0.0482095379382372,20.2251703396905,0.000118525477373602
0.0594381835311651,33.0563743878156,9.27933777434342e-05
0.0632682986487635,24.5069830236025,8.4028048632381e-05
0.0221993543230928,39.7775550058577,0.00017486628405108
0.0621410484681837,25.6758266605902,8.6607793240546e-05
0.014241488489788,65.4922757123131,0.000156654478163047
0.0350520249619149,13.0749215907417,0.000149809318163395
0.0901042248262092,30.5467659048736,2.26132561984819e-05
0.0665910554281436,20.6186041701585,7.64521361574983e-05
0.0683761991141364,46.5298330865335,7.23384708335888e-05
0.0750314276339486,41.1892926285509,5.71077880748939e-05
0.0543431633478031,11.8996859760955,0.000107335468835487
0.0209630147833377,53.4389846178237,0.000172036885292498
0.0519796194974333,56.4409282489214,0.000109862517036699
0.0637644997099415,12.319928931538,8.58274349539804e-05
0.0946494016121142,12.6070666732267,1.61375061056681e-05
0.0422810938907787,49.0606956265401,0.000132057873109341
0.0864517346420325,31.4833271782845,3.09720855172401e-05
0.0316738796443678,60.5467746045906,0.000156332789389023
0.0422573331440799,69.0543806692585,0.000132112250264686
0.0215099646220915,23.0460472754203,0.000173288595801638
0.075166073164437,8.2695804676041,6.89280445600343e-05
0.0706013505766168,64.0657988225576,6.72461474198706e-05
0.0254816600796767,42.6878224685788,0.000170503862776095
0.0307063682121225,6.67938214726746,0.000170185282716247
0.028344618298579,50.9393588034436,0.000163951900172003
0.0474582179798745,6.73970015486702,0.000137713715156668
0.0311331242625602,22.2843792394269,0.000157570323704464
0.0687608309043571,43.8727922819089,7.14582298684106e-05
0.0924816108657978,69.294339598855,1.71725395565016e-05
0.0707750447955914,5.21211812039837,0.000113124469691379
0.0233169374032877,46.4239727810491,0.00017545789316686
0.0420541649474762,18.9297545305453,0.000132653089858576
0.0836784785240889,45.7592746627051,3.73187622715045e-05
0.0451958002825268,22.4430160573684,0.000125387483316519
0.0218536260887049,50.8856532303616,0.000174075074997475
0.0298572656419128,37.7675188367721,0.000160490163021503
0.0592399590229616,46.2343215406872,9.3247020257806e-05
0.0133309606509283,23.4129678504542,0.000154570708895719
0.0826105108414777,57.9296936071478,3.97628371702052e-05
0.0276376605057158,28.5337206290569,0.00016556979350727
0.0796698399749585,59.4342779670842,4.6492647413739e-05
0.0562111192522571,24.2887307784986,0.000100178607586053
0.0491575153660961,28.7912407401018,0.000116320983880992
0.038965276950039,21.9048225076403,0.000139646215982913
0.0456137272552587,57.2449646366295,0.000124431045364158
0.0221092362701893,14.1646653460339,0.000174145566481726
0.0935758025688119,54.1151675139554,1.4668450229412e-05
0.0745382392173633,65.1842234900687,5.82364640160599e-05
0.023562730322592,30.1022538077086,0.000174895388969279
0.0950340255023912,34.2974351486191,1.1331264913133e-05
0.0710603219480254,62.0432216895279,6.61957781752328e-05
0.0704824694991112,6.5505902573932,9.57858263103379e-05
0.0990762134781107,45.9169738844503,2.08060093879763e-06
0.0820833938429132,62.5984642561525,4.09691596515371e-05
0.0487487460207194,7.32819692930207,0.000130589957107587
0.0875017391936854,10.581444959389,3.55516714781513e-05
0.0744072867324576,67.0514190511312,5.85361525614081e-05
0.031049852212891,63.7424091773573,0.000157760894196131
0.0650509742624127,58.9805449103005,7.99483439832732e-05
0.0279372829501517,48.3706256584264,0.000164884098886116
0.0533702751761302,46.1220244155265,0.000106679961335455
0.0119361509010196,60.3383771912195,0.000151378646482482
0.0863436072738841,35.2831247344147,3.12195381233976e-05
0.0828997718286701,40.0647931464482,3.91008550433287e-05
0.0249776461627334,5.04727450432256,0.000164035397884604
0.0860993487667292,57.7153617166914,3.17785307744408e-05
0.0970440103462897,52.1287773596123,6.73135652289973e-06
0.0273932790779509,58.299906476168,0.000166129067465681
0.0594633674412035,66.1985218594782,9.27357436376668e-05
0.0135845614806749,13.7605215678923,0.000154789057801897
0.0331897207442671,59.4517416099552,0.000152863743234345
0.0197278785915114,29.0362056612503,0.000169210240430419
0.0287647671881132,42.2708260267973,0.000162990377298842
0.0583497991668992,64.5444036414847,9.52841768080058e-05
0.0614163715625182,58.7443505611736,8.82662372774242e-05
0.0607971658417955,52.6089556142688,8.96833074601566e-05
0.0876573651307263,47.3492049146444,2.82129653092954e-05
0.0815640243841335,59.3895488942508,4.21577516642201e-05
0.0868015205138363,6.40719150775112,6.71528952145466e-05
0.0519040318508633,33.5654545715079,0.000110035501549846
0.0896645090961829,6.7408781091217,5.66724131029251e-05
0.0822494384227321,64.4881536054891,4.05891618330561e-05
0.0568350235535763,26.3682556850836,9.87507845658682e-05
0.0748193113366142,68.823195459554,5.75932223500705e-05
0.0102389331278391,13.5810168972239,0.000147205674911869
0.0113068710966036,33.6796728207264,0.000149938521468144
0.0870937925530598,53.2114732149057,2.9502717436722e-05
0.0972475988534279,24.9856321397238,6.26543834198268e-06
0.0566785318707116,19.718146880623,9.91730745414423e-05
0.0770864404179156,8.38080879999325,6.4477113799649e-05
0.0846378877572715,52.1326739992946,3.51231265209263e-05
0.0924319969769567,26.0239509691019,1.72860823746204e-05
0.0641049172962084,16.5673808252905,8.26270340828217e-05
0.0954386845720001,52.4098413914908,1.0405190940422e-05
0.0385297706117854,64.8775095364545,0.000140642884821195
0.0696808642195538,55.3236473933794,6.93527070438411e-05
0.0109575174376369,18.0242339824326,0.00014909905245451
0.0481230764905922,52.4098117591348,0.000118688327135871
0.056751537786331,69.5157583139371,9.89418441563832e-05
0.0836771878786385,9.48974673985504,4.68819753900096e-05
0.0417449491005391,69.9302040727343,0.000133284855952764
0.0325100991246291,27.466928223148,0.000154419076947356
0.0197882650489919,6.76131267566234,0.000162121886466936
0.0184033183893189,37.9939839814324,0.000166178946136867
0.0691651129140519,41.5990716544911,7.05330188082077e-05
0.0250459061400034,58.349013767438,0.00017150109825738
0.0818557277531363,57.3775811889209,4.14901800760022e-05
0.0605015835165978,45.8960145770107,9.03597561517023e-05
0.0987691016565077,40.5777406704146,2.78343521599127e-06
0.089543359875679,48.3082785911392,2.3896811842975e-05
0.0765517089422792,30.4113723710179,5.36285803749289e-05
0.0251258641527966,6.96931345737539,0.000173253101223112
0.0267992058862001,65.0718440511264,0.000167488621129701
0.0275899189873599,5.7449084718246,0.000172088453008734
0.0312044124747627,57.9273499420378,0.000157407178571091
0.0456627117050812,19.225115084555,0.000124389545525301
0.028488302831538,18.1151926331222,0.000163719842789887
0.033697758729104,60.4497413209174,0.000151701083627183
0.0153697321144864,46.3401415140834,0.000159236496296781
0.0876846119738184,58.734921917785,2.81506101216294e-05
0.0127633459842764,55.9499462007079,0.00015327170633086
0.0897042780416086,62.1160249377135,2.35285459707982e-05
0.074076443228405,60.8814512414392,5.92932974795727e-05
0.0625008756294847,61.9542180630378,8.57843183853368e-05
0.0498732837545686,12.3508229176514,0.000116953643480776
0.0414832297689282,67.63846273534,0.000133883808205074
0.0533157801697962,6.02562184911221,0.000133190297368831
0.0400840802676976,46.6063365805894,0.000137085802264601
0.0463976156432182,21.9445002474822,0.000122637094139239
0.0355123661458492,41.3379740191158,0.000147548302124077
0.03448122324422,65.1956489274744,0.000149908102447513
0.0813541551283561,13.9076745009515,4.47042903429947e-05
0.0249663993250579,28.5061179229524,0.000171683051900592
0.0283514783205465,5.95869444892742,0.000174561946416476
0.0423774610296823,48.5085222485941,0.000131837334127601
0.0669402072927915,54.9313690280542,7.56247796071909e-05
0.0805997812445276,49.8677208716981,4.43644499493153e-05
0.0547106174123474,40.3521315800026,0.000103612549401044
0.0701703370013274,5.65060109249316,0.00010795225902392
0.0116490678675473,60.8491989341565,0.000150721648665622
0.0178689375496469,50.5341473070439,0.000164956000145285
0.0437011904804967,6.08284581801854,0.000149974360565228
0.0459887871216051,17.1386080048978,0.000123858593234334
0.0937397996382788,66.4717217092402,1.42931381975307e-05
0.018943858104758,58.7248240644112,0.000167415986893592
0.0431200333824381,64.6009440079797,0.000130137935843
0.0913455190346576,21.8076704523992,1.97725185374381e-05
0.0753851875546388,28.6983352981042,5.62981982751246e-05
0.0113848386588506,49.1594784148037,0.000150116952487082
0.076959181712009,59.4654765701853,5.26960671681944e-05
0.0217871296638623,48.0801262939349,0.000173922896007926
0.0843182345759124,45.3930167446379,3.58546620622823e-05
0.0182572307437658,13.2565444300417,0.000165263327323126
0.0409093937184662,37.326316513354,0.000135197048586538
0.0509902981226333,29.0294959908351,0.000112126607587627
0.0206105539109558,17.9668597027194,0.000171151820137462
0.0333826089976355,33.3949287771247,0.000152422312893345
0.044575681311544,17.6016559125856,0.000127022491619674
0.0479121161624789,68.9256376470439,0.000119171115942086
0.081020892271772,59.881844012998,4.3400725196205e-05
0.0622994337277487,59.9305629357696,8.62453239977685e-05
0.0743803864810616,58.6899532284588,5.85977145639632e-05
0.0686601383890957,5.7443585479632,0.000109309278919728
0.0647593260463327,5.94375221990049,0.000113651197770247
0.0428514998988249,34.7584002558142,0.000130752482479051
0.0829103246238083,53.4185096586589,3.90767046667505e-05
0.0527028945297934,62.8045891341753,0.000108207281227385
0.0268473017914221,32.2334945003968,0.000167378552260954
0.0965523484000005,56.2608925718814,7.85653909268853e-06
0.0301936952862889,8.45489749917761,0.000164354969508791
0.0618316056183539,10.2804908063263,9.27997026297507e-05
0.0499739472474903,31.7027560155839,0.00011445255593106
0.0590894813765772,5.6536352308467,0.000127003967375987
0.0514723251969554,49.6569548826665,0.000111023474700718
0.0145298751606606,55.9671288356185,0.000157314459391764
0.0375252967677079,34.7679220035207,0.000142941652235869
0.0411260160221718,12.2082649974618,0.000136669095817687
0.0846603591367602,44.6185187308583,3.50717001196954e-05
0.0304202767368406,38.8150084263179,0.000159201695863547
0.0613415260496549,55.705519731855,8.8437523396141e-05
0.0892673464654945,25.041825332446,2.45284765071036e-05
0.0696914552152157,57.4709191301372,6.93284692442607e-05
0.0954824826144613,11.4961443189532,1.60512824416369e-05
0.0433451698976569,9.07550645526499,0.000135218133524052
0.0423310628579929,15.205755920615,0.000132592406171461
0.098396940859966,14.2031785403378,5.89404059661893e-06
0.0593246512813494,56.988233521115,9.3053199577452e-05
0.025837923255749,64.9909088853747,0.000169688544204057
0.0416521025914699,6.25441906624474,0.000152373729662398
0.0488094294490293,18.0679128167685,0.000117289719697387
0.0410229227412492,19.7877581429202,0.000134981334839351
0.0412494844943285,58.4726516099181,0.000134418741019654
0.0961140464036725,55.8471336693037,8.85960587524908e-06
0.0407385130110197,33.6538511887193,0.000135588114022827
0.0794630679790862,10.3901071718428,5.37520589486015e-05
0.0482542344788089,27.1317972184625,0.000118388168290258
0.0172013730881736,37.7908369433135,0.000163428259587104
0.0309083627955988,68.7370964849833,0.000158084696815692
0.0225700404704548,40.7098354934715,0.000175714610009642
0.0879294831352308,14.5286298741121,2.93817316416228e-05
0.0886062796972692,57.5655512697995,2.60413469065469e-05
0.0556054862006568,46.4908346207812,0.000101564616323341
0.0592811426240951,63.9217323914636,9.31527703966844e-05
0.0306519543426111,41.142248705728,0.000158671494968825
0.0367027380922809,33.4351634932682,0.000144824101530967
0.0394383281166665,17.6435029436834,0.000138749832468305
0.0680808818666265,16.7931402719114,7.35105187236157e-05
0.0555932369502261,28.6742602649611,0.000101592649086872
0.0810207512672059,55.4678717930801,4.34010478892286e-05
0.0561198517470621,69.5377513032872,0.000100387475908706
0.0859220844227821,50.7615958736278,3.21842053473049e-05
0.0365625804127194,47.6112911175005,0.000145144856430253
0.0641137408209033,49.8810679779854,8.20932297938766e-05
0.0809398421598599,27.2449499741197,4.35862107191162e-05
0.0897227723756805,61.2490391952451,2.34862211529135e-05
0.047679602985736,46.8154924490955,0.000119703229065121
0.0132411532313563,35.0924057757948,0.000154365182021201
0.0119190280348994,14.2341134184971,0.000151068816055862
0.0963307421747595,37.9409050312825,8.36369134207398e-06
0.0908316429075785,19.8271816922352,2.10432754305784e-05
0.0260766859166324,41.4687933796085,0.000169142128955999
0.0497081900388003,50.0204765144736,0.000115060748981734
0.0900711064599454,42.4791739974171,2.26890485365734e-05
0.0908240018808283,12.5629012053832,2.47958214388748e-05
0.0338589564524591,13.9790536102373,0.00015217187451767
0.0353745943959802,22.2921397536993,0.000147863596754324
0.0563501374959014,51.3200370396953,9.98604603187857e-05
0.0777359624137171,38.2331478164997,5.09183820886255e-05
0.0187287446274422,45.0389831722714,0.00016692369348543
0.092790919332765,24.391856205184,1.64646781929238e-05
0.0295186476083472,39.3874052667525,0.000161265100175089
0.0697646378003992,27.1649483032525,6.91609887835863e-05
0.044721554548014,33.9895248529501,0.000126472808382446
0.089255578587763,18.6766404542141,2.4736779464738e-05
0.0851254937844351,50.948085320415,3.40072260392452e-05
0.0951171105518006,36.8496217858046,1.11411223769634e-05
0.0847774944943376,32.2698550054338,3.48036324694598e-05
0.0712171043991111,26.9805937632918,6.58369770059703e-05
0.0636693033762276,48.0321157176513,8.31103377272541e-05
0.064491455340758,32.6010388985742,8.12288192017936e-05
0.0395707982080057,26.8461260059848,0.000138260463088586
0.0237704535806552,55.6733389478177,0.000174420008291403
0.032921138247475,17.586145614041,0.000153639294036633
0.0327971900370903,55.7073946972378,0.000153762061099202
0.0757782786549069,49.2273718328215,5.53985979344862e-05
0.0828555669914931,65.8844282082282,3.92020190904291e-05
0.0948640484269708,47.2951746569015,1.17202623614206e-05
0.0330745455576107,28.9534807950258,0.000153127324976792
0.0566292810649611,5.91104525723495,0.000128456938511116
0.0147847007960081,34.9622874218039,0.000157897635220994
0.0288597144326195,50.1275849051308,0.000162773087786455
0.0423524947976694,30.8520325797144,0.000131894470070918
0.063588034203276,56.8691105721518,8.32963245776833e-05
0.0720734836976044,25.4807124426588,6.38771282377972e-05
0.0997469231020659,11.9900762091856,5.68162644877176e-06
0.0191723720030859,61.9136974052526,0.000167938947552423
0.0906093171378598,20.2846594282892,2.15189637048469e-05
0.0312892395351082,67.1157797111664,0.000157213049392562
0.0173065816052258,63.1958058348391,0.000163669032318193
0.0347049229126424,5.74698481010273,0.000168394351923012
0.0561997880716808,8.59719974570908,0.00010850260798439
0.0728816658584401,23.9876175974496,6.20275800117247e-05
0.0130979742738418,53.6602680955548,0.000154037512840025
0.0867729169339873,37.9534966638312,3.02370505621051e-05
0.0129415012407117,59.0415237587877,0.000153679419782694
0.088002780280076,17.6145201385953,2.78453343187537e-05
0.038275966856163,66.1886401951779,0.000141223722049149
0.0678617860423401,11.0494455718435,7.81727777550065e-05
0.0398552717873827,13.628681676928,0.00013871709297372
0.0814310337975621,61.5471741126385,4.24621044641174e-05
0.014991670709569,40.6566602759995,0.00015837129184821
0.0109803726873361,12.5796044559684,0.000148731169698683
0.0233977797906846,44.5024406805169,0.000175272883027504
0.0859259526920505,5.30447191325948,8.67321934126801e-05
0.0697449418576434,66.1868773878086,6.92060635176625e-05
0.0549933363241144,67.8654372598976,0.0001029655390028
0.0891875095921569,18.1213111395482,2.50126429027209e-05
0.0688711985456757,51.9760315993335,7.12056503323744e-05
0.0891372315422632,47.3475780105218,2.482624826836e-05
0.084197818688117,37.0448093884625,3.6130237300707e-05
0.0451799256703816,66.7891707480885,0.000125423812825082
0.062026671951171,19.7977804171387,8.69357215982086e-05
0.0818970503471792,43.8687274884433,4.13956121255916e-05
0.0452681970433332,48.7493062834255,0.000125221801237636
0.0888143380428664,38.7346165406052,2.55651993711683e-05
0.0341873007034883,31.0602543328423,0.000150580752674352
0.0233532777940854,43.3714090043213,0.000175374727132528
0.0721850118972361,64.5158209337387,6.36218927305291e-05
0.0621509530488402,36.3300534128211,8.65851263215383e-05
0.0388398416643031,61.9147264258936,0.000139933278258552
0.0199053021916188,37.7614835218992,0.000169616279465607
0.048349905165378,41.5971082006581,0.000118169223159809
0.0658161150570959,15.0571775168646,7.92766877112568e-05
0.0672884556511417,20.1028286328074,7.48831427976506e-05
0.0246624363120645,32.8461910120677,0.000172378680038303
0.0897388169937767,32.2027094790246,2.34495025808193e-05
0.085594509546645,61.8825105158612,3.29338699160436e-05
0.0362124482635409,42.6388584508095,0.0001459461439701
0.0411301761073992,19.0611630724743,0.000134761232509892
0.0230397127452306,52.8565639141016,0.000176092329806742
0.0380671065300703,46.6017173079308,0.000141701704940064
0.0542655333247967,14.5824825041927,0.000105714134556056
0.0995904326764867,33.6090312816668,9.03795445856395e-07
0.0787358526559547,21.8728585483041,4.86301043791975e-05
0.0933485095785,53.3110494783614,1.51886168049715e-05
0.0284599999315105,21.9701831007842,0.00016368784597129
0.0562125328392722,43.7719864421524,0.000100175372551326
0.093384508092422,14.8946217063349,1.67493036094593e-05
0.0634133491595276,44.9879499140661,8.36960963475183e-05
0.0145624556392431,26.9561261846684,0.000157389020758356
0.0780977774690837,37.2270881501026,5.00903578804104e-05
0.0449501263024285,19.0659811149817,0.000126025426721713
0.079171719562728,60.0425877852831,4.76326103694404e-05
0.0302148738829419,54.8885228356812,0.000159671766229448
0.0561398691986688,59.6167628082912,0.000100341665392335
0.0157112129451707,23.7827310885768,0.00016001798504429
0.0950290634576231,60.0525248399936,1.13426206959542e-05
0.0606689987471327,36.2332611833699,8.99766215594548e-05
0.0391001447685994,29.5655311457813,0.00013933756708337
0.0682391861779615,31.3067322899587,7.26520288967725e-05
0.0183538849418983,69.9703839584254,0.000166065816264153
0.0519969711266458,16.155829790514,0.000110310563216014
0.049969065899495,17.2723416122608,0.000114754162770861
0.0642464692424983,51.8538374186028,8.17894769661027e-05
0.073114678512793,22.2506604937371,6.14943238197479e-05
0.0305334621435031,48.2767040596809,0.000158942667790107
0.0223540876503103,35.4111989401281,0.000175220395741164
0.0328266968508251,19.0814980876166,0.000153749379796243
0.0557962342188694,69.7340857901145,0.000101128083972333
0.0433424263540655,36.8737153429538,0.000129628983101777
0.0696050556679256,45.7807607389987,6.95261971045968e-05
0.0911214495357126,18.7933085334953,2.04608431648683e-05
0.0874322281545028,11.4823233371135,3.4012130218892e-05
0.0573888557520695,64.2541004286613,9.74833235776108e-05
0.0335427572648041,9.60477016284131,0.000155756178936605
0.0184235127829015,38.0419111845549,0.000166225161590063
0.0383358979667537,34.1132811037824,0.000141086567970959
0.0103987378207967,18.7388830818236,0.00014783968932351
0.0406983997370116,46.1212284734938,0.000135679914409396
0.0896830009785481,9.3366616149433,3.43042182154881e-05
0.0566748042497784,53.3885817357805,9.91174510718643e-05
0.0755556408897974,57.9330847261008,5.59081108926654e-05
0.0251316152280197,38.3398106473032,0.000171304950533042
0.025004997884389,61.726335559506,0.000171594717982325
0.097734382909257,53.7842744658701,5.15141896545007e-06
0.0837684815982357,19.7114162798971,3.72080672558459e-05
0.0474842922156677,35.8713377616368,0.000120150203405583
0.0818188717705198,41.5764104237314,4.15745260571088e-05
0.0922738085873425,16.3023031014018,1.84680385825379e-05
0.058409328951966,63.9335061528254,9.51479411748721e-05
0.0376850651670247,35.4146908363327,0.000142576017637806
0.0870986001403071,58.9195421652403,2.94917151343997e-05
0.032874594188761,27.4049161013681,0.000153584919461648
0.0918154276371934,39.0361985575873,1.86971191233538e-05
0.0422093738638796,22.7423950342927,0.000132222006463123
0.0873614631197415,50.4296263144352,2.88901456110012e-05
0.0267477843351662,50.4471861035563,0.000167606300834977
0.0437358472193591,19.0037301031407,0.000128804684946608
0.015768521190621,56.3311794458423,0.000160149136619823
0.065277784015052,17.151491738623,7.98325159474487e-05
0.0798047684365884,30.2606970467605,4.61838597307788e-05
0.0769474943634123,20.5051289091352,5.27621261169623e-05
0.0795423626271077,13.4493618528359,4.9121221729748e-05
0.0398783326242119,28.2885106431786,0.000137556661691433
0.0815484069078229,33.6965311493259,4.21934927099963e-05
0.0802529131970368,6.08077038777992,8.4058895440669e-05
0.0505231224396266,7.13654411258176,0.000128542077015853
0.0813750012568198,55.2895275363699,4.25903365525677e-05
0.0299575883266516,17.0464601553977,0.000160455244768644
0.0772899170056917,17.9360058216844,5.22399971222786e-05
0.0464892244385555,68.3974083326757,0.000122427444764234
0.0561413795128465,44.4355269311927,0.000100338208994701
0.0826199836703017,64.2981529363897,3.97411583277406e-05
0.022240646595601,12.4129002518021,0.000173970296265838
0.0130772835249081,15.075445122784,0.000153777428852929
0.0664597218181007,45.0650252006017,7.67243844988021e-05
0.0290013055014424,29.4509736378677,0.00016244905253443
0.0668172717629932,9.03866742854007,8.46233093405746e-05
0.0336943489289843,69.6823276439682,0.000151708887053277
0.0806326098064892,52.0490726630669,4.42893208367426e-05
0.0622340825223364,42.7192372910213,8.63948821195625e-05
0.0222447003144771,51.4900320849847,0.000174970059662556
0.0763587543042377,27.1489244326949,5.40701626391714e-05
0.0598471284774132,58.8948267523665,9.18574954182017e-05
0.0208181849890389,18.4451812284533,0.000171653215176481
0.0211309735383838,20.8254495623987,0.00017241553199024
0.0995424023387022,49.5226262521464,1.01371426162806e-06
0.0496640212228522,64.3115209881216,0.000115161830593211
0.0185941159026697,20.874964245595,0.000166611225005342
0.0696283283573575,42.7454458840657,6.94729368824085e-05
0.0325511496211402,10.2868037088774,0.000157205823540818
0.0282304966961965,24.6461397001985,0.000164213070756398
0.0806223617773503,44.4951876997948,4.43127737475257e-05
0.0554254202893935,31.8178960913792,0.000101976702363954
0.0455406647408381,30.2537586714607,0.000124598251039422
0.0652445296524093,13.6882025317755,8.12848499400428e-05
0.0668379568122327,35.5424661911093,7.5858782786297e-05
0.0415234837960452,37.9336165159475,0.000133791685700948
0.0412766195856966,54.0654824825469,0.000134356641579037
0.0835562865110114,10.2233393897768,4.51540317409934e-05
0.0705213832389563,17.3485648853239,6.7822993475814e-05
0.0873482077475637,31.0633380198851,2.89204809132208e-05
0.0571934776962735,27.4611473258119,9.79304519034047e-05
0.0494298599753529,31.5376477059908,0.00011569771537379
0.0193678584578447,27.9948386491742,0.000168386323952375
0.0596342198178172,11.3552885339595,9.60886880353183e-05
0.0671034689759836,44.5531759352889,7.52511505280469e-05
0.0715494691557251,67.6189517660532,6.50763506573651e-05
0.0124828030983917,32.825867877109,0.00015262967583072
0.0466906474810094,5.09722406277433,0.000153608589168312
0.0512653628899716,23.732570335269,0.000111497113920061
0.0895837371586822,54.3578883062583,2.38044072641918e-05
0.0256551107414998,22.9516012081876,0.000170106915924962
0.033114582200069,10.0355017313268,0.000156223020208948
0.0475753477006219,44.6031831088476,0.000119941820297377
0.0233353825146332,67.7839807281271,0.000175415680996607
0.0241422257083468,10.9885836183093,0.000175254862527344
0.0851221558172256,64.3218693695962,3.40148650736489e-05
0.0759173135156743,54.5979788561817,5.50804126384526e-05
0.023869943334721,50.9094551100861,0.000174192323114642
0.092373117627576,6.40436963876709,5.68217421604306e-05
0.0806583234108985,31.8329253408592,4.42304745101027e-05
0.0580778143717908,55.0361492508091,9.5906621870133e-05
0.0851832703896798,57.4889038363472,3.38750026087894e-05
0.0338565242127515,20.8280915941577,0.00015134686188728
0.0695883266883902,17.8563854214735,6.98508631374773e-05
0.0352374087506905,67.4247913528234,0.000148177550067307
0.0435768152121455,38.4068608295638,0.000129092577427808
0.0744442873867229,20.4613778099883,5.84919877474762e-05
0.0392987931706011,34.2585297569167,0.000138882954475793
0.0549762393161655,45.9505374915898,0.000103004665999479
0.0612351620034315,25.3404682071414,8.86809405891252e-05
0.0974824545835145,63.3228687266819,5.72796421793694e-06
0.0859027221845463,52.2809308511205,3.22285163889452e-05
0.0919873216329142,6.9805482821539,4.85606601095326e-05
0.0969862451404333,44.5060178870335,6.863553865526e-06
0.0902929459954612,41.4543148560915,2.2181362349883e-05
0.0774171002116054,37.2228457895108,5.16481074511196e-05
0.0705518859694712,62.531297148671,6.7359348602516e-05
0.042995208655484,28.2215770380572,0.000130423600837225
0.0965490497858264,45.0521266355645,7.86408806653363e-06
0.0254321897518821,61.1221333488356,0.000170617077050611
0.0259914418775588,44.0574374853168,0.000169337212402395
0.0864963238313794,53.8695032813121,3.08700418690937e-05
0.0578137398092076,14.232183516724,9.78246358691385e-05
0.0135404701973312,27.1487912989687,0.000155050177546071
0.0351851420104504,22.1360435849056,0.000148297164012502
0.0267244653357193,42.0212660473771,0.000167659667038973
0.0707016925816424,29.8910883115605,6.7016511842164e-05
0.0136304104281589,44.9182986526284,0.000155256008362985
0.0718643269664608,28.8400119962171,6.43557894602346e-05
0.0306181311630644,31.4600661874283,0.000158748900292478
0.0926893613021821,11.9599699624814,2.15170980986291e-05
0.0995836013834924,43.9289492438547,9.19429057252074e-07
0.0120086540072225,16.9413389789406,0.000151462631274062
0.0403225229913369,24.2757133056875,0.00013654011920217
0.0290383168007247,16.5280596876983,0.00016260072271967
0.0176518927142024,40.3236134641338,0.000164459286768242
0.0108534612017684,17.1165090776049,0.000148832679765112
0.0925083413207904,43.5300929192454,1.71113661379218e-05
0.0215027541108429,67.3544576542918,0.00017327209433831
0.0692608259501867,20.5045247450471,7.03493935745754e-05
0.0583608000585809,46.5240611485206,9.52590009495407e-05
0.0302269544685259,56.8671241600532,0.000159644119460291
0.094807000963483,41.3998372980859,1.18508171298985e-05
0.0398542761430144,6.92327857832424,0.000151094348261678
0.0753044925630093,26.6854716907255,5.64828710950085e-05
0.0528374380315654,29.2693981074262,0.000107899374536182
0.0194095422909595,28.7675705261063,0.000168481718608839
0.0200361503218301,32.0298734656535,0.000169915729192221
0.0986882379162125,24.3733688385692,2.96849422207208e-06
0.0781085134716705,25.7837883511093,5.00657882282926e-05
0.0851311462465674,45.5587822478265,3.39942902163376e-05
0.0303784484206699,7.92616924736649,0.000164883639140397
0.0430433855508454,34.990684480872,0.000130313346620204
0.0973579842224717,25.2680981543381,6.01281823553519e-06
0.0331266010319814,32.6504152268171,0.000153008194519644
0.0306639350578189,65.8396848640405,0.00015864407675591
0.0898043809109367,68.8794029236306,2.32994576620447e-05
0.0647139193909243,23.8899176463019,8.07197037952812e-05
0.0877798852114938,20.3947808151133,2.79848169467503e-05
0.0631745170755312,38.7224807287566,8.42426704723764e-05
0.0818913281476125,55.5319211166352,4.14087075446327e-05
0.0349806662788615,50.7560167729389,0.000148765112632209
0.0862263794639148,17.5541769631673,3.19172245469819e-05
0.0422257105074823,5.79954701010138,0.000154875139649617
0.0140679649054073,9.64168824953958,0.0001547229460334
0.0565873994398862,40.9803890588228,9.93174795047106e-05
0.0541222798940726,53.6879761645105,0.000104958976810592
0.051332932387013,32.0638536661863,0.000111342479173781
0.0712595632439479,62.0118414633907,6.57398087127878e-05
0.072916026506573,29.8608457529917,6.19489446756823e-05
0.0999505103938282,15.2293027774431,1.59508761631533e-06
0.0457736168778502,64.67690552352,0.000124065133343128
0.0932907261629589,61.127579981694,1.53208558209872e-05
0.0424436084739864,43.5488444345538,0.000131685953790098
0.041766124155838,6.95594147080556,0.000147142163220474
0.0217446707561612,67.8137877152767,0.000173825727570877
0.0993856521369889,59.2432662413921,1.37244162726991e-06
0.0297827700944617,43.7191162956879,0.000160660648234262
0.0444704815326259,9.34406973421574,0.000132354830132925
0.0732639256748371,21.8860822066199,6.11527673771763e-05
0.0165938263013959,11.4544716617093,0.000161026555101195
0.0157918602228165,62.8014951408841,0.000160202548669343
0.0461724286270328,7.36169293290004,0.000135540865701285
0.0115571017935872,29.172064429149,0.000150511181648167
0.0757022076658905,46.2394846987445,5.55726885907876e-05
0.0973653188277967,43.8615272950847,5.99603277932836e-06
0.0697580802813172,59.8952799860854,6.91759958554734e-05
0.0170649034250528,62.6359518349636,0.000163115944820001
0.0571047318656929,35.5920285312459,9.81335493008429e-05
0.0562060463568196,5.684527491685,0.000131635457970406
0.0387269769283012,25.8186020411085,0.00014019157246792
0.0502201829408296,36.9448341929819,0.000113889038432306
0.0579176436620765,48.6414877907373,9.62731771671647e-05
0.0726151289232075,46.1780276463833,6.26375574891198e-05
0.0941677955817431,63.980751070194,1.33136571147237e-05
0.0401902146916837,54.8628011334222,0.000136842910568741
0.064885537433438,35.5512945901137,8.03269509463874e-05
0.083501140838489,47.0481224707328,3.772460468886e-05
0.0656961911660619,66.381784103578,7.8471746456866e-05
0.0790561897377484,32.0272058120463,4.78970037119369e-05
0.0768040290591307,69.057891452685,5.3051138497169e-05
0.0954251747042872,68.4145990340039,1.04361086630267e-05
0.0555212830472738,60.6311804486904,0.000101757317672759
0.0671239362633787,69.9144730751868,7.52043105494769e-05
0.0104978464078158,9.33061596355401,0.000146829145827122
0.0213801625953056,67.2276038688142,0.000172991540112937
0.0789893076615408,27.7100403502118,4.80500652757777e-05
0.0947969042905606,47.5930557318497,1.18739236576068e-05
0.0657070635631681,7.46262058615685,9.50547287891054e-05
0.0817315637716092,13.4502742509358,4.41748193872826e-05
0.0213405457185581,59.3836892547552,0.000172900875745841
0.0388887347094715,14.531917264685,0.000140612728976523
0.0891272474173456,69.9216373101808,2.48490972267074e-05
0.0270563317253254,45.8266310661566,0.000166900181217665
0.0969863780145533,29.3817492155358,6.86324977926309e-06
0.0983847834542394,40.1421044324525,3.66295852607983e-06
0.0383937308355235,39.2674964549951,0.0001409542157798
0.055020166314207,62.8499857522547,0.000102904137795268
0.0978489405382425,48.4370370500255,4.88925052157589e-06
0.01305866421666,28.1805693532806,0.00015394755063837
0.0312023655511439,23.2472714036703,0.000157411863014935
0.0261114119947888,51.6233784740325,0.000169062657322789
0.0758741388982162,41.790280243149,5.51792189979601e-05
0.0220757985743694,11.9542938226368,0.000173433409352479
0.0779406334226951,38.9628727023955,5.0449986570971e-05
0.0696305397758261,10.8149357722141,7.45718495419467e-05
0.0500797636830248,31.9538732827641,0.00011421039196096
0.0528413881082088,47.6110075821634,0.000107890334671653
0.014693949741777,43.2053761591669,0.000157689948811295
0.0423647624673322,36.505839767633,0.000131866395154442
0.0174840166466311,24.1206251061521,0.000164075097537122
0.0645716897048988,33.2232928741723,8.10452005412268e-05
0.0357240510475822,69.3222007632721,0.000147063855110199
0.0392000708635897,40.8592118672095,0.000139108883327796
0.0497531917016022,13.0628393078223,0.000116680468579542
0.0105543059017509,23.1976775242947,0.000148216254275678
0.066188066767063,17.0761269866489,7.7770155764391e-05
0.0828201422607526,66.8104388192296,3.92830896102639e-05
0.0748728523985483,62.7961928863078,5.74706920828597e-05
0.054715359013062,62.9204192140605,0.000103601698110808
0.0630110313440673,9.71697391127236,9.13309321832029e-05
0.0248857169272378,24.1754988569301,0.000171867695899179
0.037605354252737,43.3509389637038,0.00014275843836826
0.0857866687839851,11.8796561530326,3.70732228346817e-05
0.0283730835770257,45.0334316305816,0.000163886756559823
0.0689255783427507,46.4137801132165,7.108120059556e-05
0.0990540426946245,37.998020988889,2.13133941739161e-06
0.088452304052189,61.5523821581155,2.63937246191681e-05
0.0637594708823599,37.6228469854686,8.29039867842391e-05
0.0223310422361828,45.9398755489383,0.000175167655645077
0.0628433236060664,21.6009505360853,8.50006162964984e-05
0.0159540601912886,28.8554557808675,0.000160573747983674
0.0990569312451407,53.7617168575525,2.1247288860756e-06
0.0485729715181515,7.34578200732358,0.000130811233665784
0.048323816282209,68.1705706496723,0.000118228928322734
0.0588968579494394,61.4251479797531,9.40322169778626e-05
0.0906553440960124,66.4260542229749,2.13520038259168e-05
0.0202722476213239,6.92711851093918,0.000163610764028507
0.0137093151081353,65.3108060290106,0.000155436584002923
0.0989488530997187,44.5867809490301,2.37206884460161e-06
0.0376845379243605,11.0320423590019,0.000145176200057749
0.0822681679530069,14.5325666491408,4.22199523728358e-05
0.0317755618947558,62.3479997634422,0.00015610008662108
0.0727650267304853,6.32064264500514,9.44098177841289e-05
0.033561286048498,46.9613615353592,0.000152013405299888
0.0922363420040347,45.360612688819,1.77338444332583e-05
0.0846009460487403,44.7811523906421,3.52076686882656e-05
0.024982579771895,18.6455539485905,0.000171697497136113
0.0362949836906046,8.25239377678372,0.000151640579028786
0.0943512780615129,65.4819997015875,1.28937521583676e-05
0.0762917609373108,40.4091932519805,5.4223478895039e-05
0.0348872981220484,57.0335294376127,0.000148978788356785
0.0400859132432379,14.8515699035488,0.000137799750638191
0.0618067516828887,24.2558682383969,8.73728410926104e-05
0.0933500365517102,41.8034003698267,1.51851222826606e-05
0.0943691624654457,30.6726983783301,1.2852823183229e-05
0.0141936444188468,46.9989050796721,0.000156544985624328
0.0659569344250485,54.178620649036,7.7875027974958e-05
0.0993590690987185,53.8406716194004,1.43327767842194e-06
0.0283739610994235,54.994554911973,0.000163884748324461
0.0268806650768966,14.4561935495585,0.000167865080809762
0.0176706711319275,24.0043586678803,0.000164502261719775
0.0534624805953354,45.2429842669517,0.000106468946569491
0.0628986043529585,55.9661685081665,8.48741047099961e-05
0.0137268537166528,21.6791096434463,0.000155476721615262
0.0635470072180033,55.7091830659192,8.33902160188825e-05
0.0135394758940674,9.65955277672037,0.000153579253489224
0.0570037120999769,57.5884531461634,9.83647359534722e-05
0.0392644791258499,68.1088063016068,0.00013896148315865
0.0841248484165408,27.9936844098847,3.62972318755566e-05
0.0755179869290441,61.598153191153,5.59942830697941e-05
0.0474798102653586,22.3175576713402,0.000120160460478363
0.0808913300302811,9.91857640445232,5.17839250721932e-05
0.0162420024327003,56.1445672775153,0.000161232712122728
0.0959313554898836,34.5705886429641,9.27769930998727e-06
0.0187474332749844,48.4096429659985,0.000166966462995306
0.0674284863867797,20.6669668992981,7.45335624901987e-05
0.0120266402303241,50.3924629813992,0.000151585733927125
0.0224419511388987,39.9741194536909,0.00017542147387346
0.0685693122749217,30.5269001191482,7.18965257854671e-05
0.0424644375033677,24.1958839353174,0.00013163828595454
0.0228958512493409,10.332997237565,0.000174465864126446
0.0257400456769392,30.3524050721899,0.000169912539871163
0.0838158747856505,12.1797863510437,4.10540370081238e-05
0.057063617289532,69.5701350644231,9.82276411963203e-05
0.0529397788480856,22.8878966672346,0.000107665164620618
0.0452688774443232,41.171313370578,0.000125220244120312
0.09604656313546,38.704198730411,9.01404328436362e-06
0.0517438329569996,44.3741757713724,0.000110402121347118
0.08370016887784,47.3061668081209,3.72691232702404e-05
0.0386155249201693,67.5243830075488,0.000140446633608739
0.0558319908101112,64.1923578281421,0.000101046253980152
0.0849801948969253,12.9015611391515,3.74841320137363e-05
0.0981689201318659,28.2954999140929,4.15696797632199e-06
0.0236780952126719,19.1707266203593,0.000174669095735806
0.0440129442838952,17.8477558074519,0.000128276682342939
0.0112263336428441,60.4186511074659,0.000149754209178228
0.0812364702112973,20.1060305163264,4.29739743318259e-05
0.0948285033530556,36.1443752842024,1.1801608290088e-05
0.0791491714888252,27.7337841608096,4.76842122880536e-05
0.0952027149917558,41.6079017031007,1.09452141427364e-05
0.0554198033455759,60.776471295394,0.000101989556902172
0.0323356837057509,19.3752482335549,0.000154864078733113
0.0292747474694625,58.0261098174378,0.000161823272689992
0.0324371413839981,49.9409461463802,0.000154586042844776
0.0776521817082539,18.9615698438138,5.12480443691067e-05
0.0390773580409586,42.4172629404347,0.000139389715167958
0.0685796118946746,12.8828188707121,7.44296694533422e-05
0.0729020207864233,55.841708072694,6.19809971709155e-05
0.0383651489648037,48.9307517977431,0.000141019626216765
0.0901070778165013,54.4602705631405,2.26067270477664e-05
0.0844817405077629,52.0524540811312,3.54804740130265e-05
0.0848794749518857,48.1309690908529,3.45702472458154e-05
0.0693525433540344,39.100018752506,7.01040788308353e-05
0.0993242199532688,61.3464465609286,1.51303095468825e-06
0.0927801144099794,20.5203645711299,1.65357336055095e-05
0.058467110733036,11.2341224960983,9.88197961022654e-05
0.0394951675832272,37.8573492635042,0.000138433545958606
0.0716447232617065,24.8246107646264,6.4858358883627e-05
0.0485742702730931,64.8212402802892,0.000117655757128168
0.0817218371806666,42.6225065963808,4.17965925196313e-05
0.0976676150155254,63.4350550710224,5.30421921939555e-06
0.0329242606111802,67.8634655126371,0.000153471256418917
0.0402221272164025,27.5701729056891,0.000136769877833866
0.0849404053529725,54.4219089963008,3.44308062624517e-05
0.0702133967238478,30.5948929220904,6.81339910211756e-05
0.019219009289518,26.0848821455147,0.000168045678329925
0.0574416213622317,12.0111722371075,0.000100299714366912
0.0186346629611217,65.8664370549377,0.000166708384873732
0.0734180743643083,58.9612082240637,6.07999936474666e-05
0.016358569287695,15.1028995006345,0.000161236623036871
0.0359897104394622,44.7604493016843,0.000146455885916121
0.0563433539378457,34.4538454082795,9.98759846873953e-05
0.0139097198122181,34.0584361075889,0.000155895215958557
0.0138544334284961,42.4439177440945,0.000155768691472006
0.0878296475019306,66.3701787986793,2.78186921249985e-05
0.0560925080929883,53.1131464592181,0.0001004500526511
0.0919614183879457,8.19600630900823,3.34953818770279e-05
0.0504546050541103,64.8403821466491,0.000113352556652849
0.0327901611616835,44.0141522558406,0.000153778146883658
0.0443632569373585,65.1622256578412,0.00012729278281681
0.0887189818453044,32.2599732200615,2.57834247844384e-05
0.0954755731602199,45.488872861024,1.032077034045e-05
0.0220853294688277,17.7879024890717,0.000174510172688284
0.0339525300287642,61.9336960068904,0.000151118032146743
0.0952689193910919,22.3778315330856,1.07937034619962e-05
0.0246752666588873,63.6214003968053,0.000172349317418889
0.0931359147792682,48.7380662525538,1.56751461455656e-05
0.0454217450227589,64.9923333723564,0.000124870402250222
0.0481893470860087,29.0336182934698,0.000118536664963489
0.0938752423715778,9.77620784076862,2.38022140221171e-05
0.0689736804296263,21.7726363660768,7.09711175799202e-05
0.0484346271166578,7.69676408264786,0.000128507633627931
0.0399731513531879,44.3472040921915,0.000137339666290552
0.0244704065122642,26.8533702392597,0.000172818145783509
0.0911646240903065,13.7786072329618,2.26018651307233e-05
0.0814198862854391,16.9845264882315,4.30322668493e-05
0.0607033347105608,67.9674640647136,8.98980427150726e-05
0.0975618918705732,39.2708251310978,5.54616969130267e-06
0.0445574207697064,30.4761992639396,0.00012684843327646
0.081915977417957,12.4621106206905,4.49363361161803e-05
0.0550303292251192,24.2982617125381,0.000102880879680006
0.0204765129671432,22.9218632623088,0.000170923511829524
0.0682671134010889,54.870184448082,7.25881166397376e-05
0.0889786966447718,41.5635116770864,2.51890599618555e-05
0.0785730566713028,33.2109439303167,4.90026676937766e-05
0.031737835786771,10.9437230613548,0.000158430661539246
0.09130063991528,52.2979980136734,1.98752256988368e-05
0.0747031163657084,66.4114576543216,5.78591378982374e-05
0.0534501094929874,48.118900716072,0.000106497258194655
0.0136378215602599,57.2059617668856,0.000155272968952929
0.0344010331993923,40.7760772178881,0.000150091619682051
0.0437731221504509,35.8066917955875,0.000128643323327553
0.0288078008848243,14.5544325432275,0.000163473069676315
0.0887698052008636,57.9878202732652,2.56671140667897e-05
0.0298943190602586,53.801784615498,0.000160405365203025
0.0375873364927247,35.4893089074176,0.000142799672532639
0.0754276979481802,65.5848456337117,5.62009120112424e-05
0.0617565580597147,12.5386492710095,9.01152444114655e-05
0.0801236150274053,25.6317900435533,4.54541700951836e-05
0.095809061427135,36.6223839449231,9.5575728060589e-06
0.0183710666699335,58.9033382455818,0.000166105137145197
0.0187388226087205,67.9527086496819,0.000166946757236771
0.0627753691701219,36.4789219049271,8.51561319865813e-05
0.0127129487227649,41.6274477075785,0.000153156370741751
0.0499373634252697,30.9193003585096,0.000114536279065237
0.0619625607435592,16.2897803587839,8.75694612117796e-05
0.0980945012578741,9.94510069256648,1.40503983067196e-05
0.0423919654102065,58.8915152836125,0.000131804140433693
0.0812998552317731,40.1799640653189,4.27623104020992e-05
0.0873562238016166,58.793242147658,2.8902135941911e-05
0.0285113558312878,51.2967118504457,0.000163570316510811
0.0494845335162245,52.7396712312475,0.000115572593395809
0.0309396767057478,65.0261451164261,0.000158013034027555
0.0390971299447119,61.2744216388091,0.000139344466594944
0.070491000704933,17.8609465796035,6.77878775851555e-05
0.0867478715977632,30.5586632958148,3.02943675376949e-05
0.0548463797895238,29.9463309987914,0.000103301853278261
0.0301186897209846,67.1200232068077,0.000159891886463159
0.0391309034824371,10.7852191955317,0.000142163518848029
0.0657689758203924,44.5695160457399,7.83051766724464e-05
0.0785873844241723,25.001215202501,4.89698782173594e-05
0.0316550387605093,35.2664336061571,0.000156375907296107
0.0243327566143125,55.3095042391215,0.000173133161552123
0.0177664926927537,65.5858023895416,0.000164721552130321
0.0841444656741805,60.1303844759241,3.62523372146419e-05
0.0595146348071285,20.5358213407453,9.26474371370822e-05
0.0697050170507282,27.2015659650788,6.9297432591845e-05
0.0230067731020972,69.7412166849244,0.000176167713131785
0.0364482887834311,34.4579285744112,0.000145406416126135
0.0599240013421513,44.940044140676,9.16815696461425e-05
0.0818771606357768,69.2818223952781,4.1441130304814e-05
0.0336730611789972,53.4611207898706,0.000151757604684195
0.0452892684354447,37.7930931490846,0.000125173578747968
0.0255079747922719,69.9583183531649,0.000170443640796004
0.0810445748572238,16.6179320809897,4.39825972546616e-05
0.0149092020862736,9.04676753445528,0.000156241972165371
0.0411822094325908,17.3936828109436,0.000134797178642195
0.0321614529401995,40.0912276748568,0.000155216963813941
0.0623062548576854,11.342663213145,9.0156104872136e-05
0.0721009996416979,28.9874538977165,6.38141572047146e-05
0.0921597289573401,59.4485154363792,1.79091756042178e-05
0.0116127953282557,60.9598838957027,0.000150638637911422
0.0996124685951509,68.3405684190802,8.53365609304271e-07
0.0888600736251101,16.3482048315927,2.62365177348819e-05
0.0653787327860482,39.2774553783238,7.91982591319281e-05
0.0428640150232241,37.0214398414828,0.00013072384125526
0.0526244993647561,18.2581086840946,0.000108545002423152
0.0414713083556853,37.0591686258558,0.000133911090703729
0.0322014918667264,20.0820621021558,0.00015515234531132
0.0321310508344323,38.4726524387952,0.000155286539911404
0.0763615970686078,15.9654227585997,5.48380606691693e-05
0.0898984602931887,61.2351005163509,2.30841542775031e-05
0.0643486067140475,43.2919188018423,8.155573241138e-05
0.0826813967432827,46.1033519299235,3.96006127358012e-05
0.0300559506728314,45.2261238801293,0.000160035466587592
0.0621012778044678,20.114391411189,8.67493165378733e-05
0.0631009862013161,17.4100188957527,8.47518521128924e-05
0.0105113132344559,35.9415090119001,0.000148117864314376
0.0109304358856753,34.2897238500882,0.000149077038611503
0.079450823024381,19.7749831771944,4.7080112613546e-05
0.0967745456332341,27.4129041249398,7.3480343044358e-06
0.0467800235468894,53.3236943976954,0.000121761942602684
0.0591502979933284,33.0692626314703,9.3452212114719e-05
0.0732216895581223,66.1200105992612,6.12494259506162e-05
0.0721823323704302,66.2103812640999,6.36280249050446e-05
0.0825319398450665,52.8460993792396,3.99426491656627e-05
0.0963785369391553,35.8439534995705,8.25431164280865e-06
0.0346914788638242,15.1295110210776,0.000149977694038758
0.0676186862285249,47.3084856837522,7.40720609593112e-05
0.0679783105268143,9.03025477542542,8.21391131165987e-05
0.0311760765500367,19.2610517167486,0.000157519266624477
0.0253676984249614,35.9402246656828,0.000170764667315632
0.0552998646814376,12.0529628638178,0.000105052719162867
0.0725440122256987,65.2768937346991,6.28003101061604e-05
0.0306563281035051,17.0961890148465,0.000158856024037967
0.0397897399100475,22.1772174257785,0.000137759408677529
0.0740411841240712,12.4537086673081,6.26233464001736e-05
0.023369028668385,66.4272786385845,0.000175338680801599
0.0302609011344612,12.6743052585516,0.000160790208958018
0.0829880103026517,48.7197040894534,3.88989187461265e-05
0.0941505396738648,26.1853579129092,1.33531477584822e-05
0.0700930697889999,49.3250521703158,6.840936268821e-05
0.0633381919655949,31.9322302367073,8.3868095757368e-05
0.0183094457467087,64.1079984151293,0.000165964115881969
0.0354453425412066,41.4896927564405,0.00014770168757983
0.0269359296257608,53.1783868279308,0.000167175724901325
0.0533174481685273,29.8279904166702,0.000106800857468697
0.0813805765006691,35.2379798097536,4.25775774459317e-05
0.0906421495764516,17.6246009813622,2.18151054243984e-05
0.054043842505198,20.123724846635,0.000105182039312884
0.0846819083811715,28.3096802071668,3.50223840512327e-05
0.0670224048034288,63.2769454608206,7.5436668229145e-05
0.0421068227873184,47.7607933152467,0.000132456697564866
0.0627098046662286,52.5941842782777,8.53061782481119e-05
0.0316683014249429,7.95174349914305,0.000162052390775853
0.0806569797499105,66.3830585824326,4.42335495170963e-05
0.0683748815208674,32.9528198519256,7.23414861838546e-05
0.0870404236135073,23.1276411935687,2.96248537968893e-05
0.01898700468475,38.0804117268417,0.000167514729088549
0.0222127323225141,20.4337023093831,0.000174884342419368
0.046539218404796,47.5815926108044,0.000122313032128005
0.0555490903253667,16.4768653584179,0.000102155150651408
0.037510416940786,65.8752870652825,0.000142975705149706
0.0453802756825462,28.5240287450142,0.000124965306033482
0.069871483638417,53.7114078516606,6.89164689961604e-05
0.0664319327916019,34.9245379189961,7.67879804888596e-05
0.0642893676133826,59.6221802930813,8.16913028048609e-05
0.0760660566948354,38.9024011453148,5.47400095752702e-05
0.0932910289801657,66.7402248003054,1.532016281506e-05
0.0136110557965003,56.9375194539316,0.000155211714729216
0.084066796193365,18.113414888503,3.6716052761204e-05
0.0362986744940281,63.2468339020852,0.000145748812750275
0.0160229561664164,27.8183282993268,0.000160731418413382
0.0703906743321568,63.8822115305811,6.77282860924363e-05
0.0875913907098584,10.6144345644861,3.52705552945117e-05
0.0927357363607734,36.314115987625,1.65909660187413e-05
0.0480903946957551,67.1264409879223,0.000118763120367639
0.0122997645032592,59.7497229930013,0.000152210786717182
0.0194871128234081,15.7605805771891,0.000168435248018693
0.0810772074293345,18.67993342923,4.34363560665896e-05
0.0648564351093955,44.1768417903222,8.0393552455819e-05
0.0901658446597867,66.6327124531381,2.24722374289433e-05
0.0924704298470169,13.0591942102183,2.04048348173244e-05
0.0727452834509313,54.2610550636891,6.2339695091838e-05
0.0369763504643925,17.0966863934882,0.000144432519536337
0.0902343452814966,58.0680974735878,2.23154717769553e-05
0.0581875532446429,68.6775815626606,9.56554812888994e-05
0.0112893482251093,21.928648268804,0.000149898419870437
0.0695042395615019,9.21092461212538,7.8383755285339e-05
0.0662987363664433,63.4279160946608,7.7092804356311e-05
0.0786919392994605,6.11041164258495,8.644694832965e-05
0.0956582175125368,38.0704521376174,9.90278346298611e-06
0.090215130019933,67.8010422759689,2.23594464582349e-05
0.0263172293966636,22.5237684044987,0.000168591638251867
0.0305863813729957,11.680774796987,0.000160560624105249
0.0694172320957296,53.0368934327271,6.99560367763987e-05
0.0482316761789844,46.0438632045407,0.000118439793611189
0.0810497968667187,55.8785482042003,4.33345761955222e-05
0.097274826313369,36.0494700062554,6.20312751321805e-06
0.0596331091946922,10.9256333403755,9.65855411286376e-05
0.0284665004326962,46.2080895050895,0.000163672969386506
0.0575496641360223,22.510531488806,9.71153089446597e-05
0.0874390569957905,55.7183193962555,2.87125697837249e-05
0.0570919009530917,62.2703479777556,9.81629132150573e-05
0.0504964026086964,15.4306319809984,0.000113950922349164
0.0563057858706452,63.1576148886234,9.99619602946467e-05
0.0966291725239717,5.5331962602213,6.46010657569607e-05
0.0149422101466917,64.6389290108345,0.000158258099920989
0.0342042638314888,6.02520587621257,0.000167472026182582
0.0116695231688209,49.7978894703556,0.000150768461213606
0.0702113515604288,35.4075267980807,6.81386714367515e-05
0.0879910043347627,69.9315909820143,2.74494223509408e-05
0.0136561396438628,22.70624530036,0.000155314890416524
0.0260401204717346,29.2579416453373,0.000169225810033141
0.0523698526830413,11.6275251354091,0.000111996789810955
0.0333549600536935,56.5271128667519,0.000152485588300424
0.0959341419488192,53.0545965861529,9.27132241820337e-06
0.0432076435908675,28.6598947923631,0.000129937437349666
0.0532997403293848,45.4745826800354,0.000106841382370212
0.0371917849057354,46.9388716667891,0.000143704903768231
0.0189143551047891,36.1171906092204,0.000167348468425727
0.0936810011323541,49.74492484238,1.44277002772185e-05
0.0416343456343748,21.2598482181784,0.000133537975180773
0.0272833841131069,62.7388763579074,0.000166380565267948
0.0251080123963766,62.8072462242562,0.000171358966295219
0.0884377599623986,16.8436934950296,2.70574800655094e-05
0.0195565734663978,65.3398841782473,0.000168818203702036
0.0401375973783433,15.5890142603312,0.000137471192485595
0.0144410388264805,19.0963305043988,0.000157087214254527
0.095373285820242,34.1348658385687,1.0554857873402e-05
0.0826760152052157,68.9078347908799,3.96129285411575e-05
0.0877162486710586,47.5392522115726,2.80782086259086e-05
0.0521276088710874,12.7700027707033,0.000111555735087691
0.0138420598115772,15.9664260211866,0.000155600088626822
0.0576818164484576,55.359787956113,9.68128745593435e-05
0.0815573725895956,40.2443714742549,4.21729744882119e-05
0.0120836618985049,43.0735010362696,0.000151716229662298
0.0607257963670418,69.3161883763969,8.98466385652258e-05
0.0301148802298121,24.6234897139948,0.000159900604593776
0.083448067381978,16.4796213642694,3.85385502991626e-05
0.014090619450435,21.1440746486187,0.000156308647717516
0.0954691312485375,25.5050995689817,1.03355128414631e-05
0.0222976024029776,48.5986432782374,0.000175091127620602
0.0773576280940324,19.6120534359943,5.18785355254402e-05
0.0713389551220462,64.7740701551084,6.55581181058714e-05
0.025381820150651,45.391203162726,0.000170732349338369
0.0447177831735462,18.1220733933151,0.00012663249391965
0.0105454938393086,47.7638700860553,0.00014819608761617
0.0130216495017521,39.3262714159209,0.000153862841393828
0.0364882251992822,34.0218024794012,0.000145315020484567
0.0574701574258506,35.2447400882375,9.7297262348094e-05
0.0720834701275453,27.6720937876962,6.38542740043371e-05
0.0518856605631299,21.3387449714355,0.00011007754477263
0.0482905603060499,11.7503691848833,0.000120991347701044
0.0180261524021626,26.456908172695,0.000165315790877713
0.0269775518937968,20.0737213657703,0.000167103278925714
0.0304189672530629,15.4247740667779,0.000159624009151635
0.0552881430718117,18.9469908457249,0.000102389783062101
0.0792651370470412,19.5116939581931,4.75220954392521e-05
0.0540781850693748,7.69804659765214,0.000116809103738729
0.0715800892119296,31.493182645645,6.50062757740285e-05
0.0983593893889338,39.3186339410022,3.72107357824848e-06
0.0388817238761112,19.1498146369122,0.000139900078753795
0.0254287377488799,62.8889128763694,0.000170624977059221
0.0329355021053925,55.3815283894073,0.000153445529934609
0.0901944724004716,40.969583040569,2.24067220172378e-05
0.048420690568164,8.56613698531874,0.000125217848140454
0.0179167433781549,33.5988358745817,0.000165065405165091
0.0454193200124428,18.4533744689543,0.000124988903308927
0.0460323907877319,53.0192442471162,0.000123472921773548
0.086842974871397,45.3812199644744,3.00767209481423e-05
0.0403545048343949,25.4877287580166,0.000136466927830272
0.085210321159102,30.0444661732763,3.38130961413824e-05
0.0792109095072374,16.9408793747425,4.80835294089566e-05
0.0315523920673877,52.6141493581235,0.000156610817219111
0.0201442740019411,25.9179965907242,0.000170163173358199
0.0178620003513061,34.901217345614,0.000164940124166444
0.0782133746217005,14.0149935416412,5.17420919324416e-05
0.0774748936854303,51.8529579974711,5.15158454164308e-05
0.0579386277566664,40.8061817241833,9.62251544603972e-05
0.0155221509258263,50.3922840976156,0.000159585311150406
0.0889205866493285,22.7771315560676,2.53220463654136e-05
0.0392151729157195,62.4712261580862,0.00013907432184515
0.0737652656598948,31.8317932274658,6.00054363360359e-05
0.0233281306177378,69.8609846446198,0.000175432277172183
0.055064054063987,24.4055028283037,0.000102803699411837
0.0292600702750497,62.0355561410543,0.000161856861873477
0.0977543959394097,14.0970676008146,7.43440193153779e-06
0.021017741591204,31.7693085316569,0.000172162129173534
0.0846958219842054,54.7951708501205,3.49905423686806e-05
0.0323912509460934,9.88230874645524,0.000157967052137061
0.0404636008362286,34.7832050349098,0.000136217258477939
0.0982370061636902,61.5228309959639,4.00115112526596e-06
0.0751061450713314,32.7038712403737,5.69367950606146e-05
0.0905764187336899,26.3476158108097,2.15326267980011e-05
0.0625412280601449,65.3399855608586,8.56919706818584e-05
0.0360805586609058,14.5372801157646,0.000146980675021161
0.0699839051812887,65.4579004086554,6.8659189047076e-05
0.0311790844169445,66.3501508219633,0.000157465142563218
0.0788186948606744,64.5132252422627,4.84405176001167e-05
0.0940023493231274,34.585436360212,1.36922856578439e-05
0.0963391473586671,38.0092332034837,8.34445583584847e-06
0.0610846381308511,49.8803098860662,8.90254188206476e-05
0.0183800181862898,6.14779469091445,0.000157441654528191
0.0705570352240466,35.9024573653005,6.73475643846416e-05
0.0946292421082035,63.017485383898,1.22576234062347e-05
0.0370923384861089,35.9532836510334,0.000143932489772875
0.0311141770961694,59.0481839410495,0.000157613684842194
0.0863033600151539,44.1249249491375,3.13116451378754e-05
0.0452804374927655,67.1096365666017,0.000125193788615444
0.065681025495287,61.4397530991118,7.85064535326197e-05
0.0520250586117618,16.8751893297303,0.000110124267986268
0.011772818705067,54.1911118070129,0.000151004856032848
0.0488176556583494,35.9251105447765,0.000117098762641818
0.0579481170559302,41.7937555676326,9.62034379248554e-05
0.099328258081805,46.8168254359625,1.50378958085854e-06
0.0650175125943497,47.5765177141875,8.00249219774513e-05
0.0587338838283904,45.2736375923269,9.44051879627335e-05
0.0568322268058546,56.030852884287,9.87571850038365e-05
0.0740762878069654,62.3497719992884,5.92936531660277e-05
0.0729326423723251,53.8664865621831,6.19109187868225e-05
0.0699532707920298,15.6611021247227,6.9580165776117e-05
0.0142853776435368,12.9029794968665,0.000156226642771144
0.0678937555220909,54.673597420333,7.34425569333426e-05
0.0302225038246252,29.8142587253824,0.000159654304887452
0.0293027719855309,35.6826084689237,0.00016175913777525
0.0489038705523126,40.9199540957343,0.000116901457365955
0.0720655554858968,32.902588180732,6.38952721793618e-05
0.0863175130472519,9.05384931946173,4.24915669190331e-05
0.0336614571884275,42.954289886402,0.000151784160751891
0.0930430024932139,40.1056945906021,1.58877785967378e-05
0.0645004726340994,58.2036517455708,8.12081828654429e-05
0.0422837223508395,17.5231450004503,0.000132266252813617
0.0904533251211978,66.1268055497203,2.18143300867623e-05
0.0316256165620871,37.1802965260576,0.000156443240847299
0.0787750475248322,8.69046492269263,5.98764787813145e-05
0.0248552733939141,14.5293268398382,0.000172443645099484
0.0354367239330895,25.7823521958198,0.000147721411513526
0.0492391880438663,41.0001362243202,0.000116134073598126
0.086487389204558,40.8145527739543,3.08904890207248e-05
0.0713892940664664,27.2821374912746,6.54429159771107e-05
0.0890633011236787,60.9147226263303,2.49954401673798e-05
0.0864192945393734,25.1879815862048,3.10463256294753e-05
0.0594705709535629,23.1300564121921,9.27192581914995e-05
0.026313642738387,33.1220561999362,0.000168599846422963
0.026920482176356,9.99380841618404,0.000169837680295492
0.0636269808840007,26.0721813212149,8.32071939735493e-05
0.0416642261552625,9.9574194138404,0.000137582955523122
0.0606828132132068,35.8512525784317,8.99450067546996e-05
0.0405097205191851,25.7175280572847,0.000136111712250946
0.0813242228701711,47.0457986160182,4.27065443575655e-05
0.0896739195636474,67.0361629431136,2.35980222247673e-05
0.0249317348957993,5.83826805464923,0.000167905647840413
0.0352110543288291,18.3499207103159,0.000148335109362933
0.0989731383440085,40.0142645614687,2.31649136136514e-06
0.0503457451285795,19.4127003534231,0.000113671471805137
0.0147913198382594,57.8735086624511,0.000157912783090432
0.0418157306686044,60.7345032074954,0.000133122870289137
0.0502221468207427,40.6355439685285,0.000113884544036382
0.0158830338297412,23.3165279857349,0.000160411202103091
0.0968730039731599,68.4004010341596,7.12270954873514e-06
0.0945031103072688,55.839848528849,1.25462796770298e-05
0.0965558632044122,45.1059901015833,7.84849536123828e-06
0.0731023615575396,6.95950729656033,8.5818849589556e-05
0.0969253790494986,26.2988208851311,7.00284767324863e-06
0.0940870683197863,26.7517976358067,1.34984037861838e-05
0.0189711248339154,6.37946862261742,0.000159303162234405
0.0237017107219435,25.6627005257178,0.000174577328309769
0.0301852963678539,55.3279990062583,0.000159739455227317
0.099111368143931,49.8833346867468,2.00014847033573e-06
0.0277081977832131,50.0271304917987,0.000165408366909667
0.0493168147979304,46.5795730694663,0.000115956422528562
0.09231556100538,48.0988933367189,1.7552549459786e-05
0.0281503553292714,67.72437745356,0.000164396476590149
0.0831700147385709,56.5497778356075,3.84823963358279e-05
0.0555997113836929,11.3695951201953,0.000105053658667538
0.0933101516845636,33.1405246187933,1.52763999535287e-05
0.0146846612310037,48.0644316331018,0.000157668691786015
0.0298521857894957,16.8225186341442,0.000160716595031035
0.0237917491886765,49.4848564395215,0.000174371272677147
0.025268825578969,37.8249248978682,0.000170990940680443
0.098508799537085,22.8062735102139,3.37914413726132e-06
0.0373293740139343,18.777356458595,0.000143462474410951
0.0539873408293352,13.9218160510063,0.000106632544602743
0.0294918436021544,46.3099597184919,0.000161326441917716
0.0540785699663684,30.4775217932183,0.000105059008243064
0.0149298282526433,12.067735925084,0.000157480579763367
0.0968848427198827,26.5778218815103,7.09561623480033e-06
0.0384639201802202,47.4840060737915,0.000140793585436464
0.0229897105437703,63.2138707512058,0.000176206761289509
0.0670727743417956,9.29863773286343,8.34347332168652e-05
0.0348084614193067,37.5354976102244,0.000149159208428857
0.0278344903071411,18.7213250179775,0.0001651747732284
0.0592347303498536,66.9434140168596,9.32589862272869e-05
0.0880394566175528,30.8505116589367,2.73385379018324e-05
0.028475633689668,60.4410265025217,0.000163652067664036
0.0447196362027898,41.4748567831703,0.000126477198570919
0.0916071193222888,23.4089128184132,1.91738387207148e-05
0.0882062364998274,48.6176568386145,2.69568573224361e-05
0.0546348502044566,22.6846476865467,0.000103785944845462
0.0852093013958074,18.9664721372537,3.39664112829718e-05
0.0851428583008237,43.3712110819761,3.39674868417727e-05
0.0913286018604413,5.23326032212935,7.9128558445204e-05
0.045031914440915,29.8568056884687,0.00012576254080024
0.0554908687458374,47.1047753433231,0.000101826921680364
0.0563337126956321,58.0650877917651,9.98980489487676e-05
0.0996667157066986,13.1990348373074,3.98419455175351e-06
0.0202276250720024,27.9621369380038,0.000170353924690317
0.0540505599300377,62.5253759592306,0.000105123110020508
0.0121686271973886,55.7631692988798,0.000151910675203715
0.0535348235652782,49.4823495240416,0.000106303387592554
0.0151957897702232,63.2447123888414,0.000158838424216177
0.032810160801746,29.1136704059318,0.000153732377129521
0.0234692383860238,40.0725527526811,0.0001751093479674
0.0733797870879062,18.4454115224071,6.10716455395569e-05
0.0137986518838443,69.6639412362129,0.000155641033795361
0.0215408674208447,11.8128679704387,0.000172184587844405
0.0211602268833667,69.9747395969462,0.00017248821088151
0.0436087069287896,19.4945866451599,0.000129077034414901
0.0472414245177061,13.656824711943,0.000122007345172786
0.0767785460618325,9.03985745972022,6.3122807573325e-05
0.0265102128055878,24.1662728274241,0.000168149990144628
0.0970426198933274,10.3216151136439,1.52207327621083e-05
0.042139204510022,37.35794346896,0.000132382591056846
0.036783906032797,6.04565541027114,0.000162706271649063
0.0758720978838392,55.1761356031057,5.51838899183334e-05
0.0802018323703669,25.518969357945,4.52751674458637e-05
0.0218950037937611,20.4093709518202,0.000174156983248446
0.0865310707595199,51.7846395261586,3.07905225200929e-05
0.0771211622003466,7.99112149514258,6.57878191044604e-05
0.0152515984931961,33.9568601443898,0.000158966144091196
0.0320255467714742,8.83377114310861,0.000159956125005426
0.0405790787772276,51.4050190045964,0.000135952983873431
0.0201628082757816,17.4369772721548,0.000170098263011072
0.0494891541241668,47.6267677580472,0.000115562019001029
0.0184602531581186,20.7716753869317,0.000166303502295779
0.0457237316668034,25.7785538211465,0.000124179297089954
0.0973572623520158,40.3390198072884,6.0144702569306e-06
0.092723117552232,46.5769827202894,1.66198445266867e-05
0.0506474248063751,6.31805222015828,0.000135288193827116
0.0955570996156894,49.1392239579,1.0134194691545e-05
0.0107840232737362,13.833183721872,0.000148461275696912
0.0804773085215129,6.84331115568057,7.29329480373965e-05
0.0543668471905403,37.8003759135027,0.000104399277486284
0.0683688909537159,38.5252080252394,7.23551957698676e-05
0.013268322981894,33.5626327025238,0.000154427360780329
0.0148181149177253,27.6164639880881,0.000157974104403987
0.0554946118523367,39.5998982409947,0.00010181835547299
0.0366685409122147,48.9121243660338,0.000144902362765616
0.0638776117749512,33.9633632509504,8.26336179380708e-05
0.0959373563458212,36.4589256036561,9.26396617778992e-06
0.0768002298776992,56.1088978813496,5.30598330336457e-05
0.0857906093262136,60.6940022541676,3.24850899045431e-05
0.0635530818346888,64.1598662524484,8.33763140830824e-05
0.0510178454569541,30.9061887522694,0.000112063564717102
0.0780535374279134,9.41359919728711,5.93159950326212e-05
0.050856465427205,55.7072396343574,0.000112432887577975
0.0566957071656361,48.1731375074014,9.9069614144971e-05
0.0581448400928639,23.877686096821,9.5753231570867e-05
0.0970602694153786,51.6688302101102,6.69414717351272e-06
0.020721979055088,5.96527523826808,0.000160997765328099
0.0497638192004524,16.3141699670814,0.000115373661749098
0.0433556781429798,42.9259466740768,0.00012959865599996
0.0273318256461062,19.3036508164369,0.000166310123798718
0.0951956330169924,63.3923233218957,1.09614214466037e-05
0.0346664131595753,36.2040088418871,0.000149484289975486
0.0850074252695777,28.1760773574933,3.42774292468783e-05
0.0459664049255662,59.5280446542893,0.000123623932325659
0.0285187294962816,49.8820259294007,0.000163553441665424
0.094705623164773,45.3497100854293,1.20828231513793e-05
0.0100948576838709,26.6495889204089,0.000147164793754113
0.0794033401925117,16.8161478894763,4.76754963100934e-05
0.0192417484289035,38.1104809558019,0.000168097717507416
0.0653000537888147,53.4437265212182,7.9378318290388e-05
0.010321457721293,52.5687499099877,0.000147683374486962
0.086822320164647,19.9160614016,3.02083134643787e-05
0.0331546029169112,28.8159844686743,0.000152944111396917
0.0827546884818003,64.9046871892642,3.9432882474568e-05
0.0977801850857213,59.1157457733061,5.04659936123821e-06
0.0371044199727476,38.3908361569047,0.000143904840941629
0.0748843144415878,57.1862147073261,5.74444608661883e-05
0.013397837257944,58.0199293675833,0.000154723757943156
0.0872569352341816,9.8101293516811,3.81590760859727e-05
0.0859222908481024,9.93085611029528,4.07395221776643e-05
0.0421704654046334,69.5463759836275,0.0001323110495963
0.0819488782109693,34.084849403007,4.1277002561833e-05
0.0815165346791036,18.1334953953046,4.2539245878895e-05
0.0187307391851209,65.3435951843858,0.000166928258088307
0.0583739456906915,12.4116554204375,9.78297576012612e-05
0.0194190699164756,8.10885518905707,0.000165233407125635
0.0894009485957213,30.8305295533501,2.42227241718814e-05
0.0719627979421057,36.1193006206304,6.41304357873259e-05
0.0522668698336929,40.6442040321417,0.000109205136342576
0.0698586480948143,37.1441510447767,6.89458435085556e-05
0.045135962064378,55.7814598781988,0.000125524424807672
0.0153549451590516,50.8329639048316,0.000159202655922026
0.0319579203194007,67.0746695087291,0.000155682754097355
0.0259593809093349,31.8021121702623,0.000169410584854521
0.0529105688584969,50.5927869549487,0.000107732012525763
0.0378938370849937,6.41749870963395,0.000158174038878843
0.0187847556266934,11.0692474921234,0.00016577002792476
0.0965222107013687,60.0088581885211,7.92551008678293e-06
0.0760232166829519,39.8124013096094,5.48380501802524e-05
0.0605689382273704,44.402918642154,9.02056129500034e-05
0.0140870661940426,14.8164762347005,0.000156045009714569
0.0488720525125973,17.9118797415867,0.000117167788457124
0.0197996294638142,58.6917637079023,0.000169374444374799
0.0462777272076346,18.5964669066016,0.000123009171489123
0.0993356262776069,9.78150708368048,1.18598002838022e-05
0.0837408234761097,35.1593216287438,3.71760840474574e-05
0.0734589761658572,52.4905479885638,6.07063886928364e-05
0.070510454075411,31.2351826811209,6.74541666891745e-05
0.0704043239471503,47.5257645256352,6.76970485541422e-05
0.0384463344025426,40.2090607082937,0.00014083383099679
0.0838397230394185,13.5511556849815,3.93369321448163e-05
0.0929128520516679,59.3308078486007,1.61856316426836e-05
0.0826276110345498,47.1455041086301,3.97237028842797e-05
0.0199226111569442,8.65261735161766,0.00016675879000178
0.0587620375305414,24.7857317363378,9.43407574019092e-05
0.0602695209509693,42.6712395786308,9.0890838038182e-05
0.0614560356503353,51.7261936841533,8.81754648664309e-05
0.0211428236006759,22.4934705614578,0.000172448382966235
0.0387260094890371,65.9208630362991,0.000140193786480628
0.0384478825191036,42.6807333889883,0.00014083028808731
0.0942367495596409,48.3165330789052,1.3155853944001e-05
0.0632724377582781,39.9317439435981,8.40185761606645e-05
0.0245073163276538,5.25332483230159,0.00016433169151606
0.0379129636031576,69.7873779782094,0.000142054465481992
0.0872853150172159,9.39011712907813,3.9339872225888e-05
0.0138181690615602,24.8594452184625,0.000155685699420479
0.0250772828725167,12.7003882545978,0.000172433400403145
0.0910974109289236,39.0221288939938,2.03403211060571e-05
0.058833445541095,51.7165199609008,9.41773381065487e-05
0.039974396484904,5.85247658775188,0.000158415514352341
0.0955744324275292,65.4743050201796,1.00945280508483e-05
0.0795737373060547,36.0903685749508,4.67125811482426e-05
0.0152649177773856,51.2494541448541,0.000158996625657901
0.0719550277921371,39.5711510418914,6.41482180000338e-05
0.0715678481548093,9.5539134577848,7.305329937411e-05
0.0169646411947906,54.7622983821202,0.000162886491809146
0.0376949932589196,39.9928576510865,0.00014255329691265
0.0630536184948869,61.2010067806114,8.45193503673324e-05
0.0759507522592321,15.0470319460146,5.62550963342373e-05
0.0438491088175215,16.71161117265,0.000128800382730562
0.0185821741214022,7.19111701473594,0.000161105368880311
0.0306821216084063,33.0241285276134,0.000158602456309422
0.0305189874349162,43.2239775150083,0.000158975793578929
0.0472658138233237,40.9415705967695,0.00012065019751901
0.0574040880170651,65.20104876603,9.74484640990589e-05
0.020521338400431,65.007285499014,0.000171026096128755
0.0786579391988926,29.7060841298662,4.88084115768562e-05
0.095880200273823,31.970905228518,9.39476949998176e-06
0.0298390165623277,40.1560541894287,0.000160531926567408
0.0595895713265054,64.2197711928748,9.24469223997144e-05
0.066557853766717,52.7890832151752,7.64998066990438e-05
0.051319410239812,53.2293696445413,0.000111373424998349
0.0392231106199324,18.4799059457146,0.00013915095120891
0.0464974400657229,13.4560300863814,0.000123771894560484
0.0662732659629546,60.6807856331579,7.71510941106174e-05
0.0797179459384643,25.8078871143516,4.63825555263189e-05
0.087033179407008,53.9298422040884,2.96414323727715e-05
0.049099928715732,11.2162632355466,0.000119664091846775
0.0829241509502754,15.3664179996122,4.02219357470472e-05
0.044871849573683,44.5623366010841,0.000126128853873693
0.0169721782649867,31.7301204067189,0.00016290374061206
0.075418901371304,18.5420813027304,5.63909942491631e-05
0.0133287584944628,69.4327041017823,0.00015456566919702
0.0809702032571659,45.5589107202832,4.3516728470701e-05
0.0632203850080259,57.1076928533148,8.41377003835891e-05
0.0604369501164183,7.4571184720844,0.000105834403037389
0.0990183093422093,50.4747503239196,2.21311622684617e-06
0.0236638899194077,48.4633607824799,0.000174663882309137
0.0620577852614224,31.3130686955992,8.6798343494963e-05
0.0204091657791287,15.706408075057,0.000170527379209665
0.0905624955962412,63.6215323046781,2.1564490300337e-05
0.0508000655705109,11.1980400932953,0.000115902147447126
0.0852304726792499,46.9308905897196,3.37669788052812e-05
0.018672943469137,36.767789098667,0.000166795990922373
0.05875296223443,41.5634133969434,9.43615264792748e-05
0.0427722839149647,52.8746741870418,0.000130933770546921
0.0685013689869084,45.7463341159746,7.20520159631872e-05
0.0888322935043834,50.9269900794607,2.55241077786953e-05
0.097029770729132,45.3795125626493,6.76394429819382e-06
0.0520297624520026,19.8887941858266,0.000109799437948834
0.0749200582923368,60.6226367806085,5.73626600309936e-05
0.0761345940502361,22.6529305777513,5.45831598571698e-05
0.017109276864212,5.73113935417496,0.000153799409860771
0.0237129123602063,32.2488601633813,0.000174551693036953
0.0653612724645063,31.7551581887528,7.92382175822619e-05
0.0770083919912577,34.1432720446028,5.25834480222895e-05
0.0738717847084627,54.2153261788189,5.97616644157081e-05
0.0259373539383523,8.2074618327897,0.000173716031525892
0.0179853020026349,29.1940878832247,0.000165222303558094
0.0719928168691695,22.0747116755229,6.40617366053964e-05
0.048895974108018,45.8182782377116,0.000116919528606877
0.0565037371497601,8.61848180065863,0.000107803233175498
0.050150240296498,37.2266970574856,0.000114049104194729
0.0783364994567819,11.6013136669062,5.41092430619539e-05
0.0293538202904165,69.9001321045216,0.000161642312254569
0.0298661169735715,54.3705160939135,0.000160469906493258
0.0292736986419186,64.6052622806747,0.00016182567296213
0.096058213331271,50.6905826588627,8.98738147463836e-06
0.0565971655515023,21.2462605722249,9.92951294761027e-05
0.0824932218226604,11.3090684753843,4.52817235696263e-05
0.0795104430615902,29.9115814012475,4.68574318554753e-05
0.0522090119868517,25.4494905634783,0.000109337545696773
0.0851063150470145,61.1890104133636,3.40511171339681e-05
0.0151858949754387,48.1357366160955,0.000158815779692421
0.0736125091626309,31.4627026196104,6.03550239936543e-05
0.0189270346821286,60.9185216214974,0.000167377486004822
0.0748836469068192,10.2797821268905,6.40888983073161e-05
0.0853550014412031,9.02923955698498,4.46477872274893e-05
0.0927472632587887,59.842151850462,1.65645863795839e-05
0.0162673501670361,47.9740475141443,0.000161290721145134
0.0535437539801933,33.9207071112469,0.000106282950079992
0.0871658735047095,39.5375054085162,2.93377580962195e-05
0.0323927883966826,24.3199617078062,0.000154687545937749
0.0809954261011444,21.3936736888718,4.34590052634865e-05
0.0626364926854149,21.6321503347717,8.54739548344247e-05
0.0529404783807695,67.9998603719287,0.000107663563719859
0.0119806711282581,5.02688989508897,0.000143184203351151
0.0891698058182374,52.5835994281806,2.47517010966167e-05
0.087857009198051,23.8474976725411,2.77560740928591e-05
0.0893206814164296,41.6703816619702,2.44064179308691e-05
0.0917535118176602,29.953848188743,1.8838815265304e-05
0.0956066140113398,20.0126554816961,1.01063448312292e-05
0.0511060265568085,69.4208860734943,0.000111861759722248
0.0915713633177802,32.9711633396801,1.92556673701394e-05
0.0570188039890491,30.4801324522123,9.83301977292769e-05
0.09830512375338,44.5309978572186,3.84526205312315e-06
0.0127799242152832,51.3258948025759,0.000153309646091518
0.0464189775101841,49.2141020612326,0.000122588206889474
0.0652196645271033,5.00180777045898,0.000125071228494387
0.0209903951291926,21.9204375788104,0.000172099546005093
0.099368465275038,5.26090396568179,6.53875091060548e-05
0.0168387008784339,68.3269396994729,0.00016259827375634
0.0528797681094147,40.8612068451475,0.000107802500929971
0.0876812749914825,41.7799472529441,2.81582469021214e-05
0.0400961224013008,48.6425480630714,0.000137058243493913
0.0683823069860227,5.0744375528302,0.000118993379859102
0.0910107087530196,5.12805907172151,8.16305996742414e-05
0.0413994527724572,66.7520488065202,0.000134075534282087
0.0212585319392383,46.9338723795954,0.000172713184842224
0.0248618986597285,13.807578838896,0.000172574749708451
0.0280486848135479,30.821175823221,0.000164629152502973
0.0230014519556426,66.75895385677,0.000176179890729192
0.0705207717372105,22.1153573249467,6.74305544220356e-05
0.0656002014223486,5.6017322675325,0.000116449752578163
0.0959964050306007,40.8159446017817,9.12883155656418e-06
0.0547356520406902,12.7302665985189,0.000105721902087189
0.0922020958107896,46.4181522023864,1.7812217835983e-05
0.0639600295410492,16.6484080965165,8.29407056422027e-05
0.0473585325293243,6.68138491921127,0.000138371729681882
0.0256134167034179,52.0472169329878,0.000170202333935788
0.0787758416472934,8.44598388066515,6.0659953317254e-05
0.0106749444967136,59.2393152404111,0.00014849233918589
0.0228804744384252,50.2166795928497,0.000176425047114784
0.0113589191110805,20.8441233192571,0.0001500547099245
0.05581317915814,37.1227774745785,0.000101089304989218
0.0109898616932333,47.4954389722552,0.000149213036289103
0.0616523213824257,14.9580027582124,8.87821202438564e-05
0.0333791016112082,22.7983771532308,0.000152430339648524
0.0672375220945105,20.3509472054429,7.49866496716183e-05
0.0768038873421028,31.95395140443,5.3051462820682e-05
0.0217901322292164,6.07336985063739,0.000163337898803786
0.0662683243490756,31.7690070776735,7.71624031367588e-05
0.0701952399290167,42.8861146431882,6.81755433707552e-05
0.0586173764010891,51.3991445489228,9.46718185763893e-05
0.0348064096132293,62.6117808523122,0.000149163904046348
0.0202978633670136,8.11286689247936,0.000167100187544751
0.0683444107044488,10.4893056454603,7.80479397857966e-05
0.096688299998641,53.7256939616054,7.54540993111771e-06
0.0472310243989341,11.1988614150323,0.000123834589459132
0.0216110860812478,25.6732392474078,0.000173520015182643
0.0271619911049493,11.6597970260773,0.000168212871822601
0.067473755327519,36.2047327612527,7.44037395137862e-05
0.089817374558188,52.7057754027192,2.32697213248816e-05
0.0547208629059605,35.1130363123957,0.000103589102292885
0.0998261235794052,30.5201542028226,3.64410004653741e-07
0.0252318717376329,15.9603353461716,0.000171332232001737
0.0758628157014027,38.1360904697794,5.52051324610315e-05
0.0899978319881484,58.9015806140378,2.28567392824177e-05
0.0943277821829543,35.4369626997504,1.2947523155321e-05
0.0560901512694545,10.4531693051104,0.000105140969482592
0.0382498491811566,22.3297877074219,0.000141283493103026
0.0790033834544011,18.9496024884284,4.8159017153942e-05
0.0952692607860081,62.5555848295335,1.07929221698665e-05
0.0570508109149523,65.1135549519677,9.82569489545636e-05
0.0647745803976432,46.878341299016,8.05808793287121e-05
0.0739009243110195,40.24172555306,5.96949775933193e-05
0.0817624352639541,43.1906035216525,4.17036826330178e-05
0.0772366622067057,46.060923920013,5.2061045038771e-05
0.0382583724032156,26.2625973578542,0.00014126398746308
0.0570802485989407,7.65385676408187,0.000110966603630254
0.0488476703525521,47.4627515929751,0.000117030073146913
0.0795577887655236,47.1989017806482,4.6749079844053e-05
0.066845205440186,31.7283689952455,7.58421940917897e-05
0.0682655046833679,23.4140485536773,7.25917982367231e-05
0.0627487825066783,45.9188194142189,8.52169763340468e-05
0.0304780376260169,9.81418927200139,0.000162219459041273
0.0200457689538598,47.3767434072215,0.000169937741709535
0.0414968507806771,69.1070094436873,0.000133852636126132
0.0294504355336539,35.6117592460942,0.000161421205478893
0.0663274345360696,35.3584178269375,7.70271277659381e-05
0.0925950647867285,65.7097636000253,1.69128969804006e-05
0.094187375602778,43.3856029028539,1.32688476708551e-05
0.0862804721179418,22.4102008412592,3.13640247519507e-05
0.0651278203679249,39.955485756509,7.97724794504757e-05
0.0633899438474327,42.4348830990493,8.37496600805026e-05
0.0336993245733902,31.6426885360852,0.000151697500147292
0.0135410476266406,36.3951999507844,0.000155051499009729
0.0765939481183887,46.6942486376502,5.35319147999759e-05
0.0874329458130524,59.9876333703287,2.87265554019929e-05
0.0116601677285507,27.2633619734552,0.000150747051018239
0.0717733337800019,68.9128282817546,6.45640299965338e-05
0.0449746838118881,45.1425873779226,0.000125893514748346
0.0148294705944136,6.58329426893033,0.000152136122833024
0.025439824052155,50.2035615092609,0.000170599605733857
0.0273432887578383,16.9389819353819,0.00016643024837138
0.0843670035689138,59.4757844682317,3.57430528127044e-05
0.0673159666918218,44.9167724046856,7.4764843365604e-05
0.0690175765613094,10.5136891093571,7.65137561982942e-05
0.0819934679241851,18.3023314189632,4.14118610272757e-05
0.0192792977625504,45.4982798930723,0.000168183650242389
0.0874329073610716,30.987433801638,2.8726643400462e-05
0.0301550286449492,66.8003825237975,0.000159808723785717
0.0133109743590467,48.6375519388821,0.000154524969689279
0.0268107836833224,12.2224878775887,0.000168738706423599
0.0374827441922389,22.8736794926226,0.000143039035034311
0.039928638774436,25.0688009918667,0.000137441534613138
0.0693681339244358,65.1732368476223,7.00683993600096e-05
0.0967639965889975,48.7711431505159,7.37217609696713e-06
0.039705386699643,33.5257103177719,0.000137952453436777
0.099036922280211,19.8421246930957,2.27261517886778e-06
0.0578929354040884,38.7066478189081,9.6329722729472e-05
0.0720157509087585,22.0997460221406,6.40092513931582e-05
0.0669998965226114,29.1018076415639,7.54881790801328e-05
0.043961633562576,29.8747597937472,0.000128211909514199
0.039928833025042,11.4332977996673,0.000139890126801008
0.0921626069466583,62.1389493485913,1.79025892425086e-05
0.0315129260229878,45.2923331421334,0.000156701136402022
0.0185644291294739,52.6087699353229,0.000166547652720723
0.0180445361370221,31.2838756339625,0.000165357862586105
0.0706020510941744,60.8308543718886,6.72445442651998e-05
0.0662201552279294,59.0245262277313,7.72726395622638e-05
0.0117696139053442,51.2820588622708,0.000150997521756086
0.048693434658926,5.67550552892499,0.000144710363032123
0.0334299178840593,44.4150603108574,0.000152314045139857
0.022106236407999,33.7802296609152,0.00017465318101191
0.0529181051324122,61.7090927821118,0.00010771476554516
0.0328235875000246,31.268406030722,0.000153701649742569
0.0645930072944611,16.8388965795748,8.14578718241901e-05
0.0764218064793386,39.1276794823352,5.39258659146715e-05
0.0165931868879125,66.6049932001624,0.000162036407895337
0.0818450396112166,17.8641667449847,4.18496703730013e-05
0.0165956686018035,32.6642473170068,0.000162042087369282
0.0858767005661503,30.3255129978061,3.22880676144934e-05
0.0299813001439907,67.1294034062885,0.000160206306479739
0.060821856581606,23.4198138781358,8.96268019887049e-05
0.0352690352010541,64.5793167315424,0.00014810517202186
0.09868645447772,51.7812435643282,2.97257567259168e-06
0.0983836804586463,66.3462017127313,3.66548276336369e-06
0.0516738361236639,42.3503530048765,0.000110562311122642
0.0154058211110532,21.5160096297041,0.000159319087008153
0.060401991000399,69.4600180815905,9.05876765025735e-05
0.0840784026146866,41.2283049570397,3.64035244350694e-05
0.0539348049252294,10.4012301564217,0.000109976275183924
0.0188523859763518,16.4500416594092,0.000167048373718435
0.0667731884424575,69.5589782099705,7.60070070718957e-05
0.0201583465049043,10.2383456507232,0.000168381774693844
0.0631328831566498,56.6980077489279,8.43379508986753e-05
0.0706734780687839,33.2680058747064,6.70810815700494e-05
0.0746903362893499,12.5608190253843,6.10402986818314e-05
0.0828486068686471,9.31707048090175,4.91851368447452e-05
0.0567661239323206,23.1031892180908,9.89084633398451e-05
0.0380871118698269,8.40429905569181,0.000147582934041534
0.085887100789696,53.2845836679917,3.22642664024128e-05
0.0133022351353429,23.006544575328,0.000154504969723328
0.051144606822636,31.5454599785153,0.000111773467669193
0.0308260972448625,46.4727136027068,0.00015827296390547
0.0284061625273898,9.22391665983014,0.000167323447357896
0.045346180468332,8.96117451949976,0.000131091665744874
0.0860403141425923,43.9797269948758,3.19136332174798e-05
0.0246702412259765,54.3560723331757,0.000172360818267306
0.0891400978597812,22.2633304749616,2.48196886179027e-05
0.0245469570718706,53.944584619021,0.000172642957616056
0.0152506590704434,24.0826115151867,0.000158963994195083
0.0680041356105357,27.9752466676291,7.31899489116985e-05
0.0421411180566065,46.597471163841,0.000132378211850199
0.0814151284238324,50.8967181306798,4.24985043714557e-05
0.0251455033081584,14.3366210907698,0.000171823478610441
0.0101064608362503,13.7298485077918,0.000146919346441494
0.0305028781294823,18.5102815623395,0.000159083941197745
0.0705434331553988,26.5191121026874,6.73786931117498e-05
0.0960174094093964,32.9303374746814,9.08076242880585e-06
0.0897786934161559,47.4074743548408,2.33582442360456e-05
0.0409281044942327,41.8620144715533,0.000135154228435582
0.050844791950658,32.8401685308199,0.000112459602666337
0.0832675541914068,64.0293044573627,3.82591744797822e-05
0.030509185930714,39.0731113473885,0.000158998224604493
0.0608566780458205,61.959637363907,8.95471120617452e-05
0.0716063375188969,7.47831895481795,8.28732496356718e-05
0.031651433557272,26.4690659742337,0.000156384157907882
0.0287586014182307,64.1210944333579,0.000163004487841367
0.0408175023482181,18.8675361929927,0.000135483257921175
0.0737355765188113,63.3722741424572,6.0073380793221e-05
0.0285297958087176,42.0900867250748,0.000163528116089672
0.0786882660770789,46.3357028958853,4.87390076398851e-05
0.0197018434782512,19.5229278900661,0.000169125174104354
0.0890586075512692,17.4547440034803,2.54755843757064e-05
0.0685897175781429,14.5393792912364,7.3241580435269e-05
0.0398084370442666,6.90977377584204,0.000151272145862858
0.0871712626912631,45.9281608404126,2.93254247870804e-05
0.0917078925762326,19.5549804437906,1.90593868241541e-05
0.0146353908744641,44.8225576605182,0.000157555935151494
0.0683469921001233,63.3233422692865,7.2405311929043e-05
0.0848250099737197,56.5624870744068,3.46948919220178e-05
0.0958169395988807,42.9851409071125,9.539543382393e-06
0.0283985970634967,68.6950490798336,0.000163828368208867
0.0879512412776239,27.196329603903,2.75404212560864e-05
0.0202091686241329,55.0400201324374,0.000170311686576101
0.0274594930117019,64.6487977204379,0.000165977534965157
0.023423800508026,43.1473221059423,0.000175213333864045
0.0553207244095393,12.0617728296202,0.000104997848411185
0.0907394585479051,23.1912911159452,2.11595054724215e-05
0.0253197563486174,24.4823532691225,0.000170874384142547
0.0423057363508269,11.4936503127683,0.000134549447931592
0.0203124231519178,11.4905963942874,0.000169323487188596
0.0320590024883859,34.5840339083225,0.000155451424633041
0.0921880992059596,62.6148949284107,1.78442494705437e-05
0.0393127932329662,41.0700793145224,0.000138850914928564
0.0879334159032442,9.00863794144243,3.91522942382945e-05
0.0854842618713155,44.7791852743831,3.31861749064475e-05
0.0907135079242289,68.0282779072877,2.12188942245019e-05
0.0327053344156593,58.9584293356165,0.000153972275342854
0.0152007191674784,58.5492487833835,0.000158849705284222
0.0112897483981214,34.5536887866911,0.000149899335677938
0.0291759606217966,57.2349437547382,0.000162049349245147
0.0629436648567207,22.4577861221042,8.47709824451924e-05
0.0116934100002982,14.8432974063326,0.000150612916034678
0.068137983372435,41.3788683654275,7.28836344412968e-05
0.0603219156619162,63.0952072248329,9.07709312283273e-05
0.0390942214033566,63.9309611148201,0.000139351122875873
0.0822797827562317,38.4728337137494,4.0519717949096e-05
0.0270866577862762,61.133464773884,0.000166830779150961
0.0163947766786441,51.9055524631403,0.000161582340398713
0.0920347668300383,54.9729352479335,1.81951550431086e-05
0.0441716967965476,52.4800493416842,0.000127731173733848
0.0782770274020732,52.4650765722618,4.96801392296528e-05
0.086464603357017,6.76682341611013,6.24390218600122e-05
0.095643130778335,11.2285465432797,1.61703544991334e-05
0.0463342036120594,15.188379570609,0.00012349822486631
0.0937366444803774,21.2839373713359,1.43003588675507e-05
0.0783096608542837,55.8245811914094,4.96054566313828e-05
0.0900157759035938,9.8640108271502,3.19729903232372e-05
0.0925585279031657,35.6732168735471,1.6996512694103e-05
0.0322550178202801,38.6702143831644,0.000155002837882484
0.0821374233392999,33.0279343330767,4.08455115879691e-05
0.0896609669667669,33.9304957014974,2.36276646169708e-05
0.0200175257748924,66.0420604923274,0.000169873106378431
0.0733040531142615,47.3868976649828,6.10609345726418e-05
0.0762739282706753,22.9750619980041,5.42642894678778e-05
0.030845896829851,66.8379559426103,0.00015822765198315
0.088069361592643,7.58626395254396,4.78766220099688e-05
0.0934617403941229,52.0461905002594,1.49294848118135e-05
0.0587697325577028,53.8146034092642,9.43231471099161e-05
0.0884261364210397,32.5195496017113,2.64536099991208e-05
0.0839126132428646,31.4450704900082,3.6782938202676e-05
0.0124496093997732,66.282202861039,0.000152553711092358
0.0644089711899869,51.3990512024611,8.14175865640674e-05
0.0386777874571271,48.1231463910081,0.000140304143993945
0.0787991773686372,65.3118163440377,4.84851839445676e-05
0.0869049458228983,63.4085909707937,2.99348986350901e-05
0.059878733784426,9.81074338313192,9.79804671675761e-05
0.0967602560808882,34.3541767518036,7.38073635785069e-06
0.06801393650705,42.2600903059356,7.31675192768461e-05
0.0698152924492024,33.3078496495727,6.90450641562234e-05
0.0321011285088025,22.1941868378781,0.000155355018018161
0.0459843415906653,47.3460623261053,0.000123582883749332
0.0250146867986769,26.9408976205159,0.000171572544622034
0.0757096941513009,13.7100654595997,5.76061104720859e-05
0.0915917505370453,5.97734940936789,6.53579514038079e-05
0.0537434787652455,59.5133373804856,0.000105825874138704
0.0779235831648111,55.8022915152833,5.04890065787756e-05
0.089193425392732,12.4001125432551,2.86880856366815e-05
0.0223717522807419,7.11450239177793,0.00016838654944635
0.0314335168153048,17.7096034074202,0.000157025317094833
0.0289610007847659,23.2405206898693,0.000162541291043078
0.040273626006674,44.0483087522443,0.000136652021364363
0.0535981756448746,36.8017205526121,0.000106158404527951
0.0210419563436881,30.7120364811271,0.000172217545334237
0.0143082945630886,46.2925168697257,0.000156807365792039
0.0999134471686557,24.7381512227003,1.64567447592858e-07
0.0496495981048793,31.7014847451355,0.000115194838315422
0.0491688388353214,30.8549009857234,0.000116295069794498
0.0983992364746518,28.111722675385,3.62988237127128e-06
0.0646445641922765,64.086185595952,8.0878425171283e-05
0.0616040386864916,7.22042350564152,0.000105727973630286
0.0486368149868213,13.0724838376045,0.000119189843174144
0.0905364573607221,37.8542393038515,2.16240795546514e-05
0.0836142550618388,57.5392914027907,3.74657395204877e-05
0.0931320303329267,32.5564381922595,1.56840358132525e-05
0.0223343428201042,59.1762044967618,0.000175175209126746
0.0711580080003478,45.2734509296715,6.59722208220266e-05
0.0362983776279725,52.4621210549958,0.000145749492136821
0.0124399656220339,31.7591324960813,0.000152531641028362
0.0494550717133097,10.4693835158832,0.000119747708490203
0.0413044574158266,8.09052872704342,0.000141282234634176
0.0889907281543128,48.2567642081995,2.51615255046417e-05
0.033374129361473,54.0373718342744,0.000152441718785707
0.025463067991659,68.6196497315541,0.000170546411306709
0.0355766639136709,15.0227811466903,0.000147993537326433
0.0889869232312776,19.9609179329127,2.52534569375642e-05
0.0209090642863885,62.3032698733732,0.000171913418021425
0.0331839788891375,65.4266465362161,0.00015287688363571
0.0165660564904101,44.0666851261631,0.000161974319196768
0.0337743625347503,51.7699373222422,0.00015152577360463
0.0863421795004979,58.6825081368443,3.1222805624045e-05
0.0934270375967026,31.0653172584716,1.50089031663861e-05
0.0690229262900539,38.7751591578126,7.08584170054592e-05
0.0664933290169574,50.1943696069066,7.66474734531976e-05
0.0429463289794512,48.9210623805411,0.000130535463388118
0.0164130091830157,6.1514810891822,0.000153880459536589
0.0662641844223253,47.1322630310897,7.71718774787426e-05
0.0123292132723145,48.9662444894202,0.000152278181076035
0.0560299982689321,25.3613902849611,0.000100593108189564
0.0848039281670936,7.52167787170038,5.54141390078326e-05
0.0970984116010368,51.8853374454193,6.60685767958266e-06
0.0242971337772906,59.2013564647641,0.000173214685443907
0.0831918460759334,14.5743561105337,4.00979461354312e-05
0.0254958417988382,13.1881885172334,0.000171308024870914
0.0132156564877369,24.4780925509986,0.000154306831986744
0.0694689511414617,67.669259152608,6.98376762459099e-05
0.0365803553909063,54.9755718617234,0.000145104177879096
0.0495985481026583,58.8077146175783,0.000115311667720505
0.0785473559750244,52.980566455517,4.9061484479786e-05
0.0764476730325259,58.6759383196477,5.38666695603337e-05
0.0559854050562717,13.3152318862267,0.000102431226028015
0.024309683246538,40.1259833713993,0.000173185965620939
0.080366089027375,55.8159428299405,4.48992613403939e-05
0.0368262354820035,63.0906787712593,0.000144541474186348
0.0216538925864734,10.0544144690502,0.000171546643120338
0.0616025901050307,41.7381975031458,8.78400707624276e-05
0.0419975738157518,55.7755158969667,0.000132706716992853
0.0589817290147767,45.1315753557719,9.38379870926384e-05
0.0589609119715169,49.8361209756695,9.38856274976102e-05
0.0833867707336322,57.1715700428467,3.79863439783475e-05
0.0152345444425009,14.4547014741693,0.000158607925584204
0.0764761069207452,65.8273352845572,5.38015977855967e-05
0.0117191212368198,64.568532188423,0.000150881967825271
0.0805744226975367,40.7269729080144,4.44224837167945e-05
0.0777040384686552,16.6627828311175,5.15900730581303e-05
0.0471314627910033,48.0303666216787,0.000120957663738312
0.065004198171664,67.6632613700349,8.00553924184642e-05
0.0548206956055947,24.2585506627802,0.000103360632275282
0.0813345570233651,27.7965629857499,4.26828943493939e-05
0.0586487680533901,66.7957365699112,9.45999778730921e-05
0.0484574844827876,11.1692683771253,0.000121135896850779
0.0191758923814632,25.5954388459213,0.000167947004040054
0.0125190124590881,24.5761920092627,0.00015271254199888
0.0508668068936095,12.700426755473,0.000114445926782459
0.0734805453382433,23.2508706452791,6.06570270186276e-05
0.0674463173979893,66.4979460416362,7.44665320082856e-05
0.0116162750124931,41.752030395437,0.000150646601269339
0.0409695293055847,59.742231273558,0.000135059426557906
0.0598217363399454,29.8980581504293,9.19156060584579e-05
0.0304721378977411,30.5265011114534,0.000159083010098389
0.0468789193173871,7.80821002670564,0.000130959370136853
0.0590887722675689,6.4235381258186,0.00011859773858617
0.0952714187907987,56.4137861912604,1.07879835135516e-05
0.0856729207630269,49.278784818016,3.27544235817996e-05
0.0924170961533673,18.703370988369,1.75057317033065e-05
0.0906925668707118,16.7655266541988,2.19357653157515e-05
0.0153733706776984,54.2144556110725,0.000159244823253822
0.0458978822804056,51.9465130963363,0.00012378074837895
0.0251333270012401,34.7670589271002,0.000171301033090568
0.0964616151992232,43.5892859566957,8.06418464424341e-06
0.0640651888563298,6.64195135119371,0.000106894179061813
0.0880009181983769,22.6570387301035,2.74267341876161e-05
0.057416026822757,49.6495129994582,9.74211417972823e-05
0.0485255733435042,24.4518621952739,0.000117767201458545
0.0538319022278302,15.6930217565969,0.000106266691643725
0.0425052981707267,40.7215068128426,0.000131544775136692
0.0459935060283169,25.988474667538,0.000123561910668976
0.021552807316184,47.8597201185767,0.000173386642544933
0.0819409880321473,16.3031157664955,4.20229574681326e-05
0.0850441786367446,25.2500578912441,3.41933181041928e-05
0.0999819053150714,22.9994809965137,7.89900154304822e-09
0.0210170771577396,34.0374972915743,0.000172160608598353
0.0112339117424563,12.7556259778794,0.000149331209436268
0.0207058266876265,24.8926842317451,0.000171448302904466
0.0161511795874685,22.3984341172036,0.000161024861417249
0.0919542765244842,57.8800433385186,1.83793594329948e-05
0.0807191072753631,59.3981693219394,4.40913688800327e-05
0.077135817182716,40.6562898866832,5.22918317899107e-05
0.0644007568620145,65.3931008931249,8.14363852909707e-05
0.0168299362575635,17.7147957286797,0.000162502195569428
0.0563647853536531,39.4433999771718,9.98269382730969e-05
0.0274189538112842,63.5094130341895,0.000166070310096622
0.0778519033500925,5.29536713729613,0.000100227829595775
0.0517502560722642,14.8976386978757,0.000111296792294002
0.0857499445439316,54.2802316322923,3.25781524337327e-05
0.0619208982423879,52.0614865468815,8.71116133931327e-05
0.058144494695589,42.7306779078208,9.57540220225103e-05
0.0187750737532042,46.6546800895594,0.000167029719028335
0.0861016611452214,32.3134592897259,3.17732388294494e-05
0.0374337517376989,40.005279086763,0.000143151155682077
0.0361749884067103,33.1650483445264,0.000146031871934793
0.0702967221662402,25.9734759735875,6.79432983387187e-05
0.0777890776540153,57.21144178533,5.07968263265317e-05
0.0155037948093377,18.3725808816962,0.000159501421679022
0.0150190435745753,11.7912011337467,0.00015760919831202
0.0204049600544386,53.8018515531439,0.000170759760921404
0.06421892081853,7.79788738815114,9.48591165720973e-05
0.072566757441964,33.6971794138663,6.27482570215543e-05
0.0781185258226469,52.0943157922011,5.00428746737937e-05
0.0904574926034547,9.37177857500501,3.25120771579133e-05
0.0521091800625436,46.3213824469131,0.00010956601394002
0.0780147142335773,67.2156706859823,5.02804504948326e-05
0.0424830256728456,15.9232561429963,0.000132038299471801
0.0939546094601974,32.5674131209962,1.38015397135185e-05
0.0905128225102089,58.4257023350801,2.16781685929382e-05
0.0831473671505228,16.2327244528569,3.929251214324e-05
0.0188908130628988,50.7520723249763,0.000167294591782655
0.0410121507174336,51.9874320656527,0.000134961886225419
0.0494124942226335,29.5424959086813,0.000115737457400641
0.0420375729072839,52.9465991794132,0.000132615177916179
0.0939646223350428,34.2319716443308,1.37786249601304e-05
0.0104094176436774,9.12566027720459,0.000146560229255887
0.039615395590663,50.0334696215577,0.000138158400689813
0.0480218714638613,68.9443037007004,0.000118919937763686
0.0523689663596451,8.06299867923372,0.000117897624716815
0.0313550185947679,33.5739930032287,0.000157062512113961
0.0936633915500715,44.057153329486,1.446800031507e-05
0.0397982116043568,22.4864610261284,0.000137740020960328
0.0460564715135843,63.3787499170285,0.000123417812336664
0.077797175955493,41.45859682234,5.07782931296138e-05
0.0401848555332981,17.4737033084966,0.000137064740872891
0.0988855283451267,58.6919747514185,2.51698937514269e-06
0.0906528333597817,40.489273982821,2.13577497183242e-05
0.075672087171115,8.50133970961906,6.71115874335512e-05
0.0209581007249653,25.5578461010009,0.000172025639327929
0.0161579894437455,30.5854615848511,0.000161040445970098
0.094391271432396,41.2003723753151,1.28022261735635e-05
0.0845834064972587,61.7917546303943,3.52478084586057e-05
0.0388890603883192,44.3806144525297,0.000139820639786552
0.0931669791811146,15.2291216084268,1.7016670554299e-05
0.0234855110547505,46.450178544037,0.000175072107494848
0.089481375135947,15.0900213513523,2.54848299849382e-05
0.0774403975857422,30.2924352674745,5.1594790737271e-05
0.0743742865300737,65.2858018898405,5.86116744780462e-05
0.0895989979640581,15.6340879644267,2.48757093474747e-05
0.0198655013320968,28.2489958964288,0.000169525194048615
0.0167590345349163,41.2800095742568,0.000162415955027381
0.0707009870139882,32.6922435220331,6.70181265541268e-05
0.0860477459779941,22.639857835602,3.1896625247433e-05
0.0265373979159631,57.244737460278,0.000168087776234069
0.0911629562382586,63.6032764578704,2.01903187718277e-05
0.0463790279976092,60.4695039230865,0.000122679632503272
0.0742925560171716,27.9518638935406,5.8798717118282e-05
0.0910807313397527,7.09224177291617,4.86905878549762e-05
0.0709757420280948,46.2864006485324,6.63893417657816e-05
0.0169102385779843,15.5922428402118,0.000162548395051761
0.0571907139522955,67.5239967124071,9.79367768113519e-05
0.0444194315932691,33.0619186954573,0.00012716422549369
0.0988175820815377,15.4377906012815,4.02571504179181e-06
0.0744273961125873,8.16893088631332,7.08256611078031e-05
0.0524752897536382,53.9604208583478,0.000108728161333855
0.0277001252560876,58.5046560678165,0.000165426841121235
0.0925958340568468,35.2293634833768,1.69111364835081e-05
0.0342162010236643,19.8041676881257,0.000150550939989002
0.027299158393871,51.4205053308979,0.000166344465370649
0.0719178217812441,53.3391547692008,6.42333650309645e-05
0.0306607636180706,60.7899872364942,0.000158651334687407
0.0654953280766495,39.2786507820711,7.89314274405716e-05
0.0882687378372066,55.1501694112085,2.68138212059777e-05
0.0265476424666122,44.7211311152205,0.00016806433128391
0.0986815902707167,46.7471796378959,2.98370755086134e-06
0.0838603218388744,6.96591000421904,6.46867132332506e-05
0.0794110474362969,50.8127594203688,4.70849016158204e-05
0.0139980596653186,34.9061791459098,0.000156097384264802
0.0583496825327166,25.7600912894122,9.52844437287027e-05
0.0822200733469799,24.0034096757881,4.06563646573669e-05
0.0198461206117645,32.1756534278393,0.000169480840710163
0.0977598688821308,30.9017701714765,5.09309358015595e-06
0.0488497567130253,42.0993972325232,0.000117025298450688
0.0257103505008854,20.6289977417327,0.000169991228676187
0.0590366417751648,46.4251596643589,9.37123176538828e-05
0.0282364644226618,11.0489692748524,0.000166137421743898
0.0787703785742633,56.2847529142164,4.85510908175826e-05
0.0304823011858389,30.1594571943861,0.000159059751119927
0.019271331874188,54.3341201147996,0.000168165420076711
0.0937180718802847,50.9951191639993,1.43428627994854e-05
0.0453908595954999,8.71904725208879,0.000131421467504851
0.0253410816285759,20.2578060061205,0.000170843344346385
0.0572783156321384,63.7447831709869,9.77362978359352e-05
0.0714884046441875,58.7999867624603,6.52160985563703e-05
0.01776920767501,30.7058038190007,0.000164727765445659
0.0969541234243661,62.2927212994546,6.93706534084616e-06
0.0819413299509324,21.5756841399707,4.12942769730211e-05
0.0815876538492739,49.6988935954869,4.21036749505145e-05
0.0997102662734687,30.1672541967127,6.2955279678225e-07
0.0513603705679998,14.1377835930325,0.000112486099748425
0.0673687231238,37.9858088109177,7.46441087467177e-05
0.099544274227228,7.66921186354011,2.30637219815591e-05
0.0653442992363125,17.2949550801422,7.96524365672042e-05
0.0869818954030052,36.6001292131841,2.97587972976929e-05
0.0495800739899278,12.8113998682238,0.000117255491126082
0.0192065641959198,67.8155082988087,0.000168017197373646
0.0305247533670627,35.12908837758,0.000158962598076615
0.0490453137014993,47.014272059314,0.000116577760632291
0.0925588872772641,37.9683251609094,1.69956902560951e-05
0.0234461617073976,55.160484543303,0.000175162159613196
0.065154259740375,39.0774596307892,7.97119721827045e-05
0.065417687240988,58.2015064870939,7.9109110736278e-05
0.0672679752041586,12.6307582715526,7.76402265586936e-05
0.0606135109462775,44.6818895672914,9.01036069949342e-05
0.0135971399093978,56.0512173955794,0.000155179867819507
0.0699184313695878,8.30953444819897,7.99706421163826e-05
0.0808181286067702,22.950745819835,4.38647557020606e-05
0.0202092663152143,51.8113541544881,0.000170311910144963
0.0287273214338347,17.1745522797573,0.000163251515868517
0.060083835455589,46.5956940851174,9.13157846594152e-05
0.0991400992125273,33.3964231831487,1.93439658971962e-06
0.096426047955174,64.8192937765271,8.14558130990276e-06
0.0529652814171277,5.21629416383803,0.000142192259995114
0.049587158060167,42.910744730616,0.000115337734161842
0.0157185738277622,14.0207802958321,0.000159650469800519
0.0737073390604928,65.4203218442854,6.01380030324544e-05
0.0408323749667034,41.1539125943091,0.000135373308225269
0.0503795582079329,22.6408153027296,0.000113524303528673
0.0692318545095623,38.6588729091454,7.03802787385014e-05
0.0517393824388273,11.9417847460136,0.000113118890072489
0.0626652371441014,64.4562153588049,8.54081723102e-05
0.0754275206080638,48.3106629515532,5.62013178592226e-05
0.0558744919206947,25.0653690716717,0.000100948988960587
0.0378385366406292,29.3623986211605,0.000142224793736174
0.0965051565668546,44.7415067348629,7.96453896636782e-06
0.0685123692289926,67.4500041897409,7.20268415913447e-05
0.0263296289555728,15.9031334728934,0.00016884102113742
0.0202449712110683,67.2191252768971,0.000170393621830755
0.0269101608474739,43.1321386259515,0.000167234697494978
0.0604038930009119,7.55502775660716,0.000105001458611294
0.0209958387771621,15.2009119535796,0.000171789434078305
0.0691216692165472,7.78548299334943,8.47577850770253e-05
0.0213219682360068,5.09448384167627,0.000158396305676629
0.0134971425682306,69.414810804883,0.000154951021014999
0.049825784242712,58.2061615970451,0.000114791631248404
0.0318308561784215,8.64318241248839,0.000160614377609987
0.021973323605489,15.1326069515198,0.000174000644577771
0.0812582579627633,66.0843871044926,4.28575069541079e-05
0.0142053905874491,39.0838000166696,0.000156571867070559
0.0290319382981397,29.8675290448591,0.000162378948494107
0.0946639726497233,19.6762855781708,1.22885467429394e-05
0.0486530475481413,46.2265769625083,0.00011747547305809
0.0882359420694411,50.8116080111358,2.6888875268085e-05
0.0817741572717205,24.2794721503742,4.16768564795577e-05
0.0379181660618633,41.0140045301523,0.000142042559504928
0.0221626854036003,64.3559693708085,0.000174782366169338
0.0531611449946649,56.4355737518054,0.000107158561798186
0.0328750824765302,49.1930154163856,0.000153583802000979
0.0599399568815716,55.0881210586522,9.1645054933172e-05
0.0560095758666285,21.413617762737,0.000100639845447305
0.0593585046986118,17.5164511601906,9.32778556689999e-05
0.0596984900091775,37.9318610939663,9.21976588474058e-05
0.055829794772435,55.2618579077534,0.000101051279675825
0.0692716720071621,43.6564236134291,7.02891552447876e-05
0.0817234233720228,28.3788311388344,4.17929624748825e-05
0.094982541736681,52.5139147962909,1.14490869984934e-05
0.0119578564050607,5.21582006127574,0.000143618868772811
0.0239920371747576,45.4386436415371,0.000173912907834032
0.0416339820483699,40.0889872387052,0.00013353880725785
0.0410910228127614,69.5832720957696,0.000134781385156391
0.0572319545084611,47.8218582610134,9.78423966069938e-05
0.0821126998472028,64.0935132477898,4.09020920139751e-05
0.048517527806107,23.785979115637,0.00011778561390334
0.0707607808499597,39.4263283500914,6.68812866328685e-05
0.087847959487699,62.5935765367467,2.77767846164751e-05
0.0483548126858659,25.1485299027991,0.000118157992157378
0.0254567201877944,67.8377109847497,0.000170560938439262
0.0492875008308329,66.1591743736062,0.00011602350838924
0.048945902842097,24.7394025314134,0.000116805265256335
0.0320328525640071,13.4667923673987,0.00015644735347489
0.0481479454087094,45.3912086260971,0.000118631413898217
0.0381368406955153,53.8436487480067,0.000141542116287597
0.0199207390798256,21.8296429049224,0.00016965160723029
0.0414701744308695,63.2482733414508,0.000133913685723432
0.0409349348233081,41.4449534681626,0.000135138597030142
0.0514469656022266,37.6119417487644,0.000111081510865975
0.0525800975528546,56.9841576798353,0.000108488305657112
0.0701774656423368,45.7057043421082,6.8216220339379e-05
0.0717229722463526,33.6155860102735,6.46792838213979e-05
0.0496107252687216,68.4926033811644,0.000115283799924131
0.0509956218255684,64.5200679404661,0.000112114424139641
0.047704761645291,5.79786227899604,0.000145295737584797
0.0266200832324103,35.8488940820098,0.000167898548498333
0.0741256784019061,21.3108272361569,5.91806213624519e-05
0.0402474892837927,31.7538648680784,0.000136711836009851
0.0649682701914571,21.7484200268518,8.01376146392434e-05
0.0183975965040736,17.0694302557968,0.000166047596410597
0.0444034845405258,68.4715227747802,0.000127200720784656
0.0676924604712986,58.0314981238917,7.39032264731469e-05
0.0415624564187601,19.1293362725992,0.000133770203706629
0.0831630617403425,27.3185711237602,3.84983084731681e-05
0.0325604548747651,34.3696832517162,0.000154303836358229
0.0674620962468907,67.8756324702408,7.44304216566727e-05
0.0717817082861439,51.0126444778871,6.45448646972612e-05
0.0696029738546349,28.0063381826039,6.95309613944629e-05
0.0584698936296627,31.2938128097449,9.50093371600536e-05
0.0712926420476288,8.13015923369676,7.7602129833713e-05
0.0484629746503197,48.8722363847774,0.000117910460376576
0.0186202169815078,15.1010978443082,0.000166375885384342
0.0924284925241955,42.2067632339895,1.72941024160196e-05
0.0442351024365053,68.4583407349419,0.000127586068094811
0.0478037847997621,46.8636935774703,0.000119419035395707
0.0790943780867383,64.962227322394,4.78096085718884e-05
0.0541403103107587,46.0686140914913,0.000104917713681049
0.0675917983404361,13.5572499467526,7.60545103661942e-05
0.0139598921244033,51.6575943562202,0.000156010036744633
0.0227802880434319,59.7374781407416,0.000176195767655133
0.0942645931942388,30.2949088881724,1.30921329817307e-05
0.0367247991356999,18.6298357998021,0.00014484981089853
0.0356741709285416,16.7310560063925,0.000147445050035292
0.0611475056735799,61.8908363301307,8.88815446326658e-05
0.0871005413681269,57.4635815352667,2.94872725784458e-05
0.0755574751645327,20.7251241058111,5.59300204633488e-05
0.0972221812768839,14.1226170328446,8.61933919314809e-06
0.0371082774503157,57.1083031012677,0.00014389601299276
0.0539332106453367,40.0862131023314,0.000105391667249147
0.0492708152905107,61.796219823882,0.000116061693730367
0.0540649624285288,32.2628345433623,0.000105090149486576
0.0827947017387487,38.2880710100289,3.93413109799289e-05
0.0384798328042962,37.7986691775732,0.000140757168936499
0.0211919876118191,11.2696453800891,0.000171196337444406
0.0315746944677085,37.4403252627235,0.000156559777531589
0.0904736327123828,28.5879590245895,2.17678555775834e-05
0.0108661663229577,6.3117556925863,0.000144116911671301
0.0741717031807639,5.44263009447604,0.000104101731701111
0.0946669982862659,16.9878450548276,1.28035110073481e-05
0.0143544755806215,10.729662644444,0.000155828213567586
0.011904308993835,61.4061075565405,0.000151305775357874
0.0260430824896321,68.8179134542588,0.000169219031369601
0.0558612447837368,60.2664218854625,0.000100979305416268
0.0788445294159465,20.8137024822645,4.84034639123854e-05
0.0483817888982594,18.7878122157417,0.00011818969778064
0.0235166299599223,49.5833943900652,0.000175000890981237
0.0478685519960709,14.0706392622087,0.000120421587666252
0.0832786600035615,67.2602203453425,3.82337585077832e-05
0.0657371999206953,59.7010010736994,7.83778967370118e-05
0.0619489643326961,24.2398620746098,8.70473833345423e-05
0.0798829221399501,64.3435870413669,4.60050027225218e-05
0.0308552349824458,17.9185333708301,0.000158327881975323
0.0143790683988482,59.1789512103424,0.00015696933376006
0.0924114152765833,49.7728247649502,1.73331841905969e-05
0.0838623523758724,14.7998247272335,3.84328525995509e-05
0.0445568693242967,15.5476153618656,0.000127426094489653
0.0294138373993337,43.6387618817389,0.000161504961366723
0.0976211887644604,22.3656834627036,5.41046703636246e-06
0.0611027639964596,55.8183287037537,8.89839372534876e-05
0.0412940629548393,63.8168472144753,0.000134316721924758
0.0285096931550652,37.3935016605537,0.000163574121593387
0.0776905847806484,12.6989757991396,5.41346866714321e-05
0.0128605339000933,54.6499584731646,0.00015349412368428
0.0120394166186452,58.9367127232254,0.000151614973060949
0.0820851339050569,28.8156185136177,4.09651774690453e-05
0.0722535596461967,44.3515391030815,6.34650192264664e-05
0.0639416250400245,34.148678178899,8.24871217314001e-05
0.0292616539308801,33.4709600906353,0.000161853237631352
0.0540606550732628,14.7563084622379,0.00010610716988068
0.0673477351944894,15.9065240470227,7.54011119146639e-05
0.0579356964793988,44.1604512685444,9.62318627731182e-05
0.0201959627470933,49.7467959485948,0.000170281464544935
0.0340379697224125,47.5305985496379,0.000150922500939199
0.0521799999568612,42.8154035634361,0.000109403940565658
0.0190229408373125,37.7642880321946,0.000167596970012
0.0752971570566297,15.9513320738915,5.72701984515953e-05
0.081466568519827,23.6797909322195,4.23807822255011e-05
0.066942708955612,50.4390153673012,7.56190544795448e-05
0.0178301778272726,27.4171430501156,0.000164867297400737
0.0600021671992727,11.5738706395496,9.50290769355715e-05
0.0990425050677732,10.051312984433,1.16414519829752e-05
0.014403638606891,31.3276053790469,0.000157025563391079
0.0425428819959052,13.7078731344081,0.000132611820271606
0.0486490611778572,29.5760149613488,0.000117484595981664
0.0382870232779533,51.7763976904098,0.000141198419108427
0.0287398018362001,15.3610387432855,0.000163456474762773
0.0151977204997092,7.91564991232008,0.000156025107468177
0.0313317000353709,66.7431988567114,0.000157115877310889
0.0446705161547288,68.1846151303034,0.000126589611220144
0.034648257936351,47.9925419483334,0.000149525838728398
0.0788941110135056,29.1766723664477,4.82679255553458e-05
0.0768838138808496,36.831977685215,5.28685486274234e-05
0.0657711764890701,7.05320267239586,9.91584750248409e-05
0.0487315698666498,30.8189873874653,0.000117295772463419
0.0265234952303581,49.6970468095969,0.000168119592931769
0.0199744278518483,23.6626315733884,0.000169774475536306
0.024007202971261,35.1868573669344,0.000173878200470545
0.0409262140607461,31.9516200129874,0.000135158554747236
0.0481676240009256,7.15644160402007,0.000133064323484952
0.0176078469445929,63.0230722634587,0.000164358486751866
0.054716529797297,18.9204191125464,0.000103698203860937
0.053343609450385,6.83218363090418,0.000125590183318274
0.0928770593763329,6.73538637696765,5.05905050792681e-05
0.0755816873605363,69.1110217827372,5.58485027918125e-05
0.0891291456669569,26.470724871615,2.48447530276255e-05
0.0990710053197108,36.7669273540378,2.09251995977641e-06
0.0518017700966448,38.8115303928498,0.000110269530529048
0.0302124384371564,52.1613918838557,0.000159677339817496
0.0899315289338119,8.91019186936319,3.51783307143013e-05
0.0281568066286854,48.5825053730514,0.000164381712605041
0.0566106103546918,41.3044326135423,9.92643606555396e-05
0.0301366349146701,68.2963553094305,0.000159850818368915
0.0481772593129426,28.7180729745887,0.000118564328181405
0.0789731247210875,15.3864013310522,4.91968553468508e-05
0.0283637755573727,12.8088912274688,0.000164996967815371
0.0850999097432941,13.2104545994662,3.68311274887816e-05
0.0318020844785497,62.9905550507829,0.000156039388921745
0.0885167752625421,47.2252832492814,2.62461803914929e-05
0.0348510441905819,32.9643721121829,0.000149061756526439
0.0491817369917408,43.293243056396,0.000116265551990863
0.0960880028037355,34.7346109827049,8.91920740618912e-06
0.0586676668352448,18.5815193504095,9.46828823807932e-05
0.0569042430492118,9.41105972859077,0.000105249490204237
0.0659189454186708,13.268408132717,8.00496714605133e-05
0.0545664706174284,45.1708193856757,0.000103942433506084
0.0475247098784894,67.7956198726315,0.000120057706416418
0.0948753575002775,35.8262156893034,1.16943812204026e-05
0.0962240081722848,53.1198836583644,8.60795519062834e-06
0.0278627060772851,8.47114839474671,0.000169312872218427
0.0883914717822336,64.0788143733516,2.65329410266023e-05
0.0963632301380858,52.624253355898,8.28934169931935e-06
0.0926919495081529,39.1719279147219,1.66911734961074e-05
0.036983258263208,19.3529237189796,0.000144235260797072
0.0407658463763073,65.3788777405862,0.000135525560826616
0.077050901085604,16.4456568728201,5.3134163178288e-05
0.0834935236372985,7.79105802299455,5.47360288706257e-05
0.038641106991563,9.80206668726169,0.000144397028198018
0.0885105970664881,45.8564356470015,2.62603193716706e-05
0.0204244771902449,48.520731611643,0.00017080442645061
0.0418655191524886,30.9306507615838,0.000133008927905218
0.0161575769283809,65.2990014851093,0.000161039501916767
0.0794508620002307,8.97795813158155,5.75405525206884e-05
0.02542335386388,11.1688051861711,0.000172323166636384
0.0429776846524328,7.5824726454448,0.000140544200625285
0.0686899852356874,66.8094826838933,7.16203622281223e-05
0.04386601974722,6.8730749655515,0.000143633523874845
0.0681612849584781,55.9746341151185,7.28303080883789e-05
0.0860269529488869,10.2899241563864,3.95492595524747e-05
0.0614828878943809,24.3061329924967,8.81140127300843e-05
0.0513195245480165,35.2253369335085,0.00011137316340072
0.0208492929977365,18.4365044871811,0.000171723849866864
0.0146180299622938,34.1049560764805,0.000157516204202379
0.0177505904203281,11.4754123997409,0.000163610163483404
0.0262876559048891,33.5608941852115,0.000168659318042267
0.0169775193184614,10.4881957941689,0.000161515187782194
0.0322841481189244,57.4026239803061,0.000154936172352368
0.0486953236255795,17.2842462221161,0.000117660017959125
0.0989229815383442,66.5262671431992,2.43127666032042e-06
0.0362901567830704,58.1463515316136,0.000145768305777906
0.0309061680780724,38.1777030904777,0.000158089719490163
0.0590885945712216,37.3396245588083,9.35934221790221e-05
0.0684568626526743,7.33365966472775,9.08195835638704e-05
0.0116761681111529,51.4977800834458,0.000150783668356127
0.0276841102889739,65.0067990925163,0.000165463491836199
0.0713009050325491,32.4507163779344,6.56451968350759e-05
0.0918206989951432,35.0060248095542,1.8685055468379e-05
0.0482389576430433,46.6509877587669,0.000118423129770305
0.0594859839743003,68.0855330219492,9.26839850482097e-05
0.096783886551857,50.9559937391896,7.32665734227783e-06
0.0256888008583337,69.0478084154893,0.000170029815119171
0.0880211543547921,8.71740547125228,3.99527965058701e-05
0.0106325730960816,48.9411448396277,0.000148395371011297
0.0766514583048411,39.8819607228506,5.3400301076624e-05
0.0661927887122147,53.5111573990434,7.73352686241841e-05
0.0820959799410775,12.7549297839869,4.41591907557373e-05
0.0391354079381563,63.0858730326872,0.000139256866300972
0.0460041108750738,28.5890443134122,0.000123537641170764
0.0372319090552628,33.4350077644922,0.000143613078492721
0.0481849123258144,46.9412156799808,0.000118546814040328
0.0837064251932316,28.9478476054501,3.72548055117017e-05
0.0585504295537248,6.5872919280082,0.0001179372233217
0.0139794556330889,39.3628851883113,0.000156054808399513
0.0627566443756223,37.5950017268769,8.51989842198135e-05
0.0140732231875882,52.8472430096008,0.000156269398157233
0.0605783644737676,44.0764013456646,9.01840407127687e-05
0.054157106555067,5.21946464432403,0.000140207622201359
0.0408320781425573,29.2359533323906,0.000135373987515903
0.0545822841045447,35.8436364424415,0.000103906243883915
0.0606472237990238,30.2421256259549,9.0026454157351e-05
0.0527019508322701,28.5691554483492,0.000108209440906433
0.0627300171018578,43.0219872284215,8.52599215051717e-05
0.0401864427095279,21.2178689311259,0.000136851542858889
0.076191542649176,35.6998687260784,5.44528313430663e-05
0.0774540069047362,68.6011825839523,5.1563645417536e-05
0.0888013363699429,42.2809577651788,2.55949540753143e-05
0.0356926063378342,30.0720390654169,0.000147135817236997
0.0724770545866341,29.4656993600074,6.29535445977829e-05
0.0973516110214405,51.5856290922966,6.02740349023759e-06
0.0211877175769769,21.0530933272094,0.000172548893765176
0.0332385804504156,25.39457681356,0.000152751926385109
0.0129577586962841,21.4992179814726,0.000153716625439502
0.0972945091594011,29.1849802318029,6.15808275137247e-06
0.0398997234925628,34.3872180092149,0.000137507708071161
0.0658130729920231,35.4309540358372,7.82042590210594e-05
0.0898176246322691,56.8669916922227,2.32691490231215e-05
0.0451571531919763,7.78101177653298,0.000134733658077078
0.0515091832121834,12.8230240754783,0.000112905631288171
0.095267199089285,30.5473590816837,1.07976404223864e-05
0.0965297515643761,11.9117086008191,1.30076028448415e-05
0.0228283150703646,65.750346503919,0.000176305678893925
0.0977843008306809,62.1436817478389,5.03718035998107e-06
0.0248315440164879,11.3367660262156,0.000173559235416192
0.045167815182358,48.2625762966927,0.000125451528026835
0.0472485467675142,47.2036108886823,0.000120689713675131
0.0597919401619584,26.9002887769602,9.19837954726893e-05
0.0941281811147928,57.3549124062993,1.34043159669297e-05
0.0527216291520745,55.7633757265285,0.000108164406502991
0.0371951103419997,32.0381401665509,0.000143697293411257
0.0349849446327426,69.9226156319492,0.000148755321495737
0.0591161782830022,65.0374984100927,9.35302960576294e-05
0.0705064875073731,20.123698952375,6.75200699627901e-05
0.0783879340626299,8.94866494345479,5.99190372284322e-05
0.0842257402115502,7.24112701835111,6.02522790610786e-05
0.0271846229140647,65.4903319175355,0.000166606583125487
0.0985099484864623,65.4268610756844,3.37651473341466e-06
0.0257397869904526,33.2599693466909,0.000169913131882662
0.0199526596092619,68.213634272106,0.000169724658284192
0.0105680470680818,58.4100864012726,0.000148247701331853
0.0742517078807578,55.6971529801376,5.88921992586999e-05
0.05420683108503,10.5336032935884,0.00010916618949119
0.0295468903053552,29.6241341845598,0.000161200465946964
0.0570230176765472,17.7491042460315,9.85725442204244e-05
0.0780379157396965,31.5353858249728,5.02273531777122e-05
0.07423454714939,24.5670345064718,5.89314720882642e-05
0.0497492764727213,14.2497115244623,0.000116090117414436
0.0878558505675755,48.8369354710449,2.77587256521786e-05
0.0874862972344272,68.676702035591,2.86044591326812e-05
0.0152746428805403,55.495583312586,0.00015901888183746
0.0616523545538075,47.6602316473145,8.77261833835457e-05
0.0695390274142847,20.3888911951799,6.97190054277462e-05
0.0487643062276766,48.652229080908,0.00011722085435535
0.0371944917575456,8.75709477346391,0.000148953013642706
0.0913625310081989,5.94797613215633,6.62678055623788e-05
0.0860310529987328,64.0385564870667,3.19348276127867e-05
0.0437675707740709,31.0310899803881,0.000128656027812796
0.0480016548582353,44.1000360855833,0.000118966204049784
0.0111810237774625,64.1433985624462,0.000149650516242153
0.0307419472956099,43.3024507737719,0.000158465543495699
0.0713825917500071,27.3707693663891,6.54582544219793e-05
0.0145717387646437,35.1196945423726,0.000157410265459054
0.0113569498667493,59.0602017834317,0.000150053128180561
0.0174806247418746,10.9429746097885,0.000162830989307965
0.0726994738355279,33.5137899080291,6.24445317202769e-05
0.0154297151300125,37.392789152218,0.000159373769160916
0.045922737850342,27.6834184478503,0.000123723865688993
0.0855926867760718,51.1343208036851,3.29380413791661e-05
0.0781827752059326,59.1366148367524,4.98958381037718e-05
0.0442842888692394,25.8214560849592,0.000127473503522343
0.0581715481891297,13.1084461067803,9.76677612802152e-05
0.0793595166690648,48.0412602203433,4.7202831265522e-05
0.0488239574665204,19.4371598656289,0.00011715100942797
0.082193292118609,30.7000089832582,4.07176542722903e-05
0.0235418951325119,12.8569354314823,0.000175829853445115
0.0859755040099844,25.2698380337097,3.20619530785274e-05
0.0772218900872395,55.3382993827108,5.20948514609838e-05
0.0522513131471351,39.0776721574366,0.000109240738269247
0.0294512545503676,12.0906311576255,0.000162885917494773
0.0236057292972691,11.3223686662968,0.000176293530852823
0.0417416603351012,5.18970324075781,0.000160777984371237
0.0150975644262508,50.5022687790915,0.000158613632678448
0.0554964685905725,34.4959684682544,0.00010181410627389
0.0990394540550187,11.7975575616583,7.59226547125297e-06
0.0888287862646394,45.792937775841,2.5532134198185e-05
0.0227301302948035,46.0310774936806,0.000176080980198177
0.0494044618238695,23.5513722617179,0.000115755839777294
0.077695860224776,29.2814040544909,5.10101571066993e-05
0.0248528800881468,32.7086837135721,0.000171942843954202
0.0598827488627285,65.0090840528719,9.17759771372194e-05
0.0764174758014269,29.2208247131202,5.39357767961996e-05
0.0109497635276057,8.41226607328281,0.000147420963263533
0.0330128673859872,39.998242991278,0.000153268477254635
0.0199728764244355,60.1165140513331,0.000169770925049846
0.0812683167913929,28.7294468958862,4.2834487034157e-05
0.0360487518529408,62.7008652035147,0.000146320767935478
0.0945437232055701,18.1410290359054,1.27678007604688e-05
0.011362838530913,28.2546437659767,0.000150066604558642
0.0584772689081729,56.1169006000273,9.49924586220874e-05
0.0673301683808677,30.9168332756963,7.47323423898897e-05
0.0503482201788575,32.1614557760768,0.000113596021513669
0.0140439149411395,15.4518162098248,0.000156011372291131
0.0628691166918725,19.0911112597678,8.50461000547541e-05
0.0327960538072512,52.8505204268731,0.000153764661394019
0.0704854927258566,67.6138179679401,6.75112914588438e-05
0.0327177287149243,59.9772169766948,0.000153943910630874
0.0747188969119452,9.01156942592934,6.76469829120304e-05
0.016504157204181,64.8910404904746,0.000161832660891762
0.0208305826829746,28.0262780038174,0.000171733810604425
0.054176366366446,52.0493829855695,0.000104835198355832
0.0786460963450372,50.246687468607,4.88355142900826e-05
0.0474745472474024,35.1443535962608,0.000120172505047021
0.0990301355160773,5.42120466008782,6.27277306805538e-05
0.0483058913308196,28.470219731098,0.000118269950091898
0.093033222949598,41.3531057105865,1.59101593648654e-05
0.0450819435692392,43.558833898278,0.000125648047694566
0.0585546481655911,66.8769229447935,9.48153739557485e-05
0.0331074242223986,62.9102044657338,0.000153052081202454
0.0453383637988009,59.9786326556932,0.000125061222590404
0.0190012855408713,27.2618997271638,0.000167547411240402
0.0864170153951272,53.4134229877964,3.10515415169344e-05
0.0516828452865593,51.1460914171767,0.000110541693393052
0.0713387053413317,43.2854984328151,6.55586897362536e-05
0.0898393138963729,15.884619288845,2.41782034605902e-05
0.0937341403448954,41.8237795610912,1.43060896539538e-05
0.0150632559554651,51.546421777457,0.000158535116751773
0.0464572617900558,7.31955510214903,0.000135269909394649
0.0748468538932502,36.6608014772646,5.75301904134152e-05
0.0646918200002983,31.8275274848565,8.07702788892516e-05
0.0837921639950946,11.7082321259659,4.17820290944559e-05
0.097453629176598,39.1544310073368,5.79393199452463e-06
0.0861348283779807,41.1271930625662,3.16973346589709e-05
0.0720308657432906,20.3928455559071,6.40176369879848e-05
0.0450275873881765,62.7375692501664,0.000125772443385455
0.0442119171074592,41.5090704709291,0.000127639128390232
0.0684414586005732,15.3448651067447,7.31708041900922e-05
0.0228343432093971,21.2479320610873,0.000176319474464273
0.0421818939200603,62.7700366720092,0.000132284895108539
0.0160458080214448,24.7261560813058,0.000160783715543878
0.0907880905596539,35.9329799329862,2.1048209708398e-05
0.0227293548430316,11.0369045927655,0.0001745138060478
0.0814611482364126,29.9459785281215,4.23931867007046e-05
0.0959407402668148,50.6849081534892,9.2562219768235e-06
0.019580048348289,31.8823410174809,0.00016887192664751
0.0671037980075926,46.7739934998099,7.5250397529703e-05
0.0578287710761652,29.7729680349585,9.64765646478396e-05
0.070466048931703,51.8826728186104,6.75557891435586e-05
0.0911332712252624,67.8208027896471,2.02582537817656e-05
0.0837003632541746,11.2769683403894,4.26465897544052e-05
0.0425218675588258,20.1828836358618,0.000131539149543672
0.0225660386984237,7.51584202283993,0.000170184956133068
0.0470845410856418,12.802243954502,0.000122877386291774
0.0439123070472852,9.4044552242849,0.00013347217024871
0.0520776197244413,66.9247524277307,0.000109638240685647
0.0512708176649176,51.3221521512605,0.000111484630509991
0.08009536344558,37.4136370886117,4.55188246564705e-05
0.0617851581610739,19.6036567492411,8.74980249122138e-05
0.0795358320558444,19.4238273939118,4.6908828409683e-05
0.011304284168873,40.0065425934736,0.000149932601209288
0.0287041498511098,29.48548885528,0.000163129101826005
0.046105220746249,24.526346194325,0.000123306248309188
0.0790999204525724,20.5316066602245,4.78357477039943e-05
0.0556659400905483,41.2059812142979,0.000101426265849615
0.0990707887313329,37.3950858414173,2.0930156285373e-06
0.0573862747545354,56.7603066749871,9.74892302650409e-05
0.030304267781321,14.4344749092124,0.000160106926875378
0.0331731565529481,30.2170318178833,0.000152901650864772
0.038282321030274,16.5708924108185,0.000141515463615874
0.097394155068323,14.5832126890309,7.87322255993063e-06
0.0467983701708727,20.3167032042984,0.000121750623165559
0.050616097569,66.257836453151,0.000112982976366483
0.0875028189294972,10.2275305672083,3.64679495370278e-05
0.0119400076242164,41.7561431182548,0.000151387472704951
0.0143615562352352,66.4835720334668,0.000156929256667649
0.0566865206416696,53.5460365889594,9.90906377704967e-05
0.0705596433160827,57.0274155016523,6.73415956906608e-05
0.0787118426314555,34.7711601480842,4.86850520139912e-05
0.0316261665616185,43.1682796124369,0.00015644198215748
0.0271184143656865,10.9712101134937,0.00016866089408827
0.0608912873012014,52.6940644020215,8.94679077808325e-05
0.0534442496625707,43.1219491059892,0.000106510668585873
0.0329052582080476,67.6769015309401,0.000153514743967527
0.0615744455391541,51.57003363478,8.79044804146238e-05
0.0327794713852927,36.9755355536472,0.00015380261074579
0.0255568020185456,51.5499567904044,0.0001703318982779
0.0628406381281093,51.6134797234554,8.50067620903955e-05
0.0807107550650835,17.1453268011101,4.4610560911605e-05
0.0867991498811171,9.13789715385064,4.11818569165632e-05
0.0901777743501589,63.1093757890631,2.24449359878392e-05
0.031677009111736,48.4154137084261,0.00015632562751253
0.0217703200504184,50.4186534741893,0.000173884426721875
0.0348862813762389,68.6202605697326,0.000148981115208947
0.0475789866829291,45.4693772376049,0.000119933492381225
0.0254013035912067,62.1497963648289,0.000170687760921718
0.0322095675370656,27.2653744765557,0.000155106852168826
0.0854025986441411,52.0875326159876,3.33730635613512e-05
0.0524505225918256,48.6183288332541,0.000108784841699267
0.0661490935995244,67.4959095218219,7.74352661520692e-05
0.0376376300491393,26.9637863454409,0.000142684574275641
0.0741823274735361,6.56894505023956,8.85677460996002e-05
0.0958020844566636,58.4458673954941,9.57353980457005e-06
0.0273509646952152,67.1304783888627,0.000166225905153171
0.0351770716835745,63.0585199012421,0.000148315633188736
0.058953946379479,44.6584073628765,9.39015684562474e-05
0.0272204802767374,28.9920174470171,0.000166524522514975
0.0397376071545295,58.0877723137382,0.000137878715994816
0.0619605332659558,9.50322793330997,9.40711857785109e-05
0.0291646584006958,69.3011317192577,0.000162075214704694
0.0537823138618842,69.3916586122941,0.000105736998897975
0.0568022311595269,58.5130643018056,9.88258309071289e-05
0.0432731582433917,24.2184931505471,0.000129787505174434
0.0877860531187616,43.5270866879728,2.79184591304637e-05
0.0766513686813414,15.7085668481886,5.43083051737084e-05
0.0812186263129115,21.2733599671628,4.29482051298805e-05
0.0174203354935162,31.4809954084922,0.000163929361378263
0.0587938798149116,16.8530978786293,9.46852871323543e-05
0.0568327161413618,60.0409057328943,9.87560651453899e-05
0.0897253758367151,62.1959444007371,2.34802630571134e-05
0.0492499245074578,57.7376594441012,0.000116109502890986
0.0245114758051932,56.9315463548992,0.000172724157520016
0.0578799271513708,54.929900909774,9.63594924916667e-05
0.0882693834113888,51.7220653733239,2.68123437908089e-05
0.0702233957056888,60.1226163492538,6.81111080623297e-05
0.0891618129820563,10.0807897630148,3.32252254440474e-05
0.0592553536454216,53.8707718125079,9.32117892195059e-05
0.076949223424308,46.2934988085181,5.27188569973254e-05
0.0914227109146304,51.5034089598339,1.9595862689797e-05
0.0145130508788861,11.1098882381339,0.000156297072819263
0.0997262703021988,66.165975513868,5.92927114625165e-07
0.0429017919045873,6.26026794547215,0.000150035102732448
0.0359721390157938,22.8238193760626,0.000146496098626882
0.0114053459069692,62.61819273117,0.000150163883916922
0.0666581460670568,21.5496111172251,7.62702848719469e-05
0.0239296468556859,32.0684593636543,0.000174055689881886
0.0781655753101222,48.5479731147643,4.99352005622944e-05
0.0208101616217755,24.3476016737986,0.00017168707641584
0.0287659001071006,16.017216257751,0.000163271312256491
0.0981906888145022,17.0053291739896,4.75766966772472e-06
0.0945364088425413,53.3193162095267,1.24700750169562e-05
0.0641442004684359,38.9921495912131,8.20235220104205e-05
0.0133839746797457,35.8811277896166,0.000154692033032414
0.0134582716599107,28.182749011321,0.000154862063818202
0.0530305804451928,22.0481192693114,0.000107457362542086
0.0557278493302874,55.9101673658006,0.000101284584765714
0.0240947549254634,35.3517508495133,0.000173677835293694
0.061230444626417,11.4353464276064,9.24449963016595e-05
0.0183209879416972,45.3180063096806,0.000165990530528692
0.0260362777882256,62.3877792339772,0.000169234604125379
0.0673327396344394,48.8092247233726,7.47264580017991e-05
0.0142690291185863,34.0037235792261,0.00015671750568779
0.0566361670708284,7.77256634319201,0.00011088722892313
0.0157875732774846,52.1646997204516,0.000160192737871087
0.0103367263637483,59.6328873501625,0.000147718317216382
0.0345599118806422,66.4965819392819,0.000149728021229491
0.0741946269315668,46.9157853676006,5.9022830660177e-05
0.036262229308486,14.86038566567,0.000146479475774848
0.0807540018297732,29.0234636876266,4.40115116840485e-05
0.0632565927132964,12.8215916734189,8.64712002067491e-05
0.0447276508738287,25.2963774860837,0.000126458856764677
0.0980652495892718,44.9619174050167,4.39422100842614e-06
0.0503730335249566,30.6780367123429,0.000113539235454183
0.02551193744177,34.0300194802694,0.000170434572158134
0.0516007181419991,28.6142763099633,0.000110729643736297
0.0143170737475157,37.3593499313574,0.00015682745720926
0.0921395289688371,24.2595678789075,1.795540386155e-05
0.0474683787743561,48.394996697316,0.000120186621775815
0.0467176398495212,61.3692417426501,0.000121904709496578
0.0865656957519241,69.9400059808977,3.07112822245478e-05
0.0739754329971038,34.6122132800519,5.95244623124181e-05
0.0318141854950227,40.1027809188236,0.000156011695395909
0.0271284552360885,43.8352817599662,0.000166735124479402
0.0278953590174206,34.8914298298769,0.000164980043017489
0.0718511056876741,67.3865003557876,6.43860467387434e-05
0.049100738177076,13.8931844907347,0.000117703986872372
0.0514696051436477,53.0919664225075,0.000111029699621304
0.0595146634522826,56.7469094903208,9.26183512342044e-05
0.0288026377581991,38.987460792996,0.000162903709404996
0.0689475321816281,47.746019330807,7.10309586009716e-05
0.0814174170815386,43.5045956692193,4.24932667121683e-05
0.0856155695812777,62.3358603799716,3.28856734182941e-05
0.0770860236487351,38.1225520395674,5.24057857311224e-05
0.0821254534157924,66.617286526598,4.08729051037657e-05
0.0974932937882841,60.2152603515424,5.703158384642e-06
0.0876999139972031,68.2023795915302,2.81155909989885e-05
0.0659175350796431,29.4565843534656,7.79651945152929e-05
0.0919891580869444,6.79251600056887,5.14126280331327e-05
0.0714059729641303,19.8376513877884,6.54786155727547e-05
0.0545092547615059,19.624960294459,0.00010413925589212
0.0654278305801563,58.0352914286777,7.90858974115174e-05
0.0246734247147106,44.7148030484095,0.000172353532761357
0.0338662801822648,6.02920000907034,0.000168053194024185
0.0198412366444245,5.29461752041243,0.000156832066458699
0.0915643936186098,47.5577069493011,1.92716177280682e-05
0.0483409104193561,63.3769927092362,0.000118189807895968
0.0139733967324719,43.0108431167901,0.00015604094243039
0.0393140659411438,31.148585510673,0.000138848002299127
0.0621880327863619,60.3016091883183,8.65002682708662e-05
0.0448283561505377,38.6582038959023,0.000126228389829226
0.0280809999001212,29.4425800838508,0.000164555198493662
0.0872387914941646,33.3771635591984,2.91708831705145e-05
0.0741106884786859,17.3923596914392,5.96191802650471e-05
0.055247031680774,63.0501051445026,0.000102384949849004
0.0160534254112281,54.5162437832914,0.000160801148160488
0.0666771609801799,32.5145395693835,7.62267686938622e-05
0.0790090009639971,42.6865548756905,4.80049965841032e-05
0.0738427972374484,55.6056223704945,5.98280030806662e-05
0.0138106322009116,17.5191349769011,0.000155598264162976
0.091479347308632,33.6390111141372,1.94662486657156e-05
0.0500228721438907,61.9299595453776,0.000114340589892049
0.032177877551876,12.6024880656041,0.000156516388223997
0.0706524000759237,65.8241873083171,6.71293191657215e-05
0.0533208493771963,30.1742438611109,0.000106793073704386
0.0832746953214519,68.0844921211246,3.82428317973437e-05
0.0952093003806658,65.1087212003768,1.09301432899426e-05
0.0506543026817963,52.1258884016424,0.000112895542861979
0.0162915369030088,48.8882825174369,0.000161346073189241
0.0795597642334178,36.0063610575162,4.67445589286994e-05
0.0649823878728785,32.0522696850821,8.01053059174051e-05
0.056263789664954,17.7132707671262,0.000100312456175905
0.0827167117339559,34.3518376571592,3.95197933592811e-05
0.0523398830625229,19.7190428886097,0.000109097248350901
0.0244251805497333,14.0376964060124,0.000173515482570334
0.0764297290751711,18.9591134304646,5.40436573111647e-05
0.0891551924520172,27.5312375940848,2.4785144207439e-05
0.0624268437898718,13.2859627914149,8.7915335990718e-05
0.0494680942571722,45.3111831948627,0.000115610215115134
0.0438789211516269,46.0279491008259,0.000128401199256486
0.0762365447729826,45.5689670762513,5.43498426824778e-05
0.0766140590282157,12.5375570810866,5.67468722853121e-05
0.0953370778844692,46.4959037664812,1.06377207805827e-05
0.06476226903731,8.84075393667445,8.95461202018079e-05
0.0257321791350842,66.6883137100376,0.000169930542679488
0.0268503209110349,24.7358486766461,0.000167371642918488
0.0989114031335339,36.9861892028712,2.45777417426633e-06
0.0463474882789888,44.5511019427795,0.000122751812060619
0.0317727250186727,30.5797602620441,0.000156106578893963
0.0542472995840944,36.923554771347,0.000104672865637753
0.0260607312363572,21.2057791720144,0.000169178641702791
0.0612339371140115,17.9661809431855,8.89169291381192e-05
0.0343875381257385,32.8867474768776,0.000150122503548024
0.068891193785239,24.4538997299969,7.11598906489067e-05
0.0393440092424862,16.9543923041783,0.000139046341898803
0.0437132050376386,36.0108463338111,0.000128780445371423
0.0550949567160569,40.6930788350292,0.000102732977799697
0.0945667224354111,44.7559340449516,1.24007014838159e-05
0.0615780981630087,37.888552073855,8.78961212793965e-05
0.0655514414398931,40.5077014188282,7.88030103874917e-05
0.0288461000844836,48.8077398971655,0.000162804244615527
0.0169337868015282,35.4573154670652,0.000162815880638682
0.0998949909512885,44.2574595357291,2.0680503429757e-07
0.0339650148106739,40.8214995637536,0.000151089460362617
0.0551204828172922,54.7078137111384,0.000102674560579489
0.0402679130900651,36.4042345352937,0.000136665095539087
0.0123494162363932,28.0175041023176,0.000152324416143058
0.0444252965785563,51.8719354178757,0.000127150803305402
0.0415348749910481,18.1731512059923,0.000133900129331449
0.0630857817223296,55.4996033245698,8.44457438920301e-05
0.0102171395719051,45.6864850502461,0.000147444639387999
0.07543221359374,30.8717484632507,5.6190577825907e-05
0.0986673323181458,37.4498610396404,3.01633728727834e-06
0.0982074810983613,29.6036524453666,4.06872009034602e-06
0.0306399627099745,36.2675109354313,0.000158698938166591
0.0116577804996632,57.4656720843632,0.000150741587775955
0.069079801379703,55.8880564221181,7.07282567194917e-05
0.0498833491629921,37.7857829921413,0.000114659892265106
0.0715158875845373,64.5898179966025,6.51532030533087e-05
0.0109657620033249,51.7429299419746,0.00014915788345243
0.0472920624446124,38.0413537239656,0.000120590126790783
0.0289354719384573,52.5314253545366,0.000162599714545466
0.0672697106772102,54.340649463702,7.48707015915286e-05
0.0203954782150686,22.3520788364112,0.000170738061458044
0.0650506436801516,61.9185550988186,7.99491005303293e-05
0.0493141158670187,64.8717933217995,0.000115962599109935
0.0803744089673273,51.9014655135106,4.4880220917423e-05
0.0195900112669915,63.481547102565,0.000168894727074821
0.0241360991657712,9.84997509396635,0.000176049577790411
0.0347110437764786,68.3893115865067,0.00014938215151918
0.0610929638543166,15.6430840026587,8.97569169330921e-05
0.0896926059690304,43.2411341194529,2.35552578461374e-05
0.0370084735006094,35.5734901782125,0.000144124417215322
0.0984798187506385,34.3060918524861,3.44546750439289e-06
0.017533347918652,5.28831474250183,0.000152997838441695
0.0243836435256526,23.8996984576806,0.000173016705385233
0.0323274031397887,25.4636003472842,0.000154837181987342
0.0907602671883069,6.30202851607464,6.1470482888683e-05
0.022783926774282,26.0033737192862,0.000176204094995818
0.0410720589663833,33.4417553455569,0.000134824784466754
0.0753021565265954,16.0926727973856,5.7210842645378e-05
0.087442757061217,63.8802508462686,2.87041020770894e-05
0.0716685167816468,51.7117914813571,6.48039067257719e-05
0.0792732193600387,63.5172911547124,4.7400325150637e-05
0.048661929348018,65.1920554973185,0.000117455146802448
0.0586552557931282,24.5774825452827,9.45851304932497e-05
0.0626875606877729,27.7411999984179,8.53570842355082e-05
0.0416316745104268,65.68192875362,0.000133544088125105
0.0960623983526602,57.2957901051268,8.9778039322702e-06
0.0984330696286634,51.2515426054597,3.55245422076651e-06
0.0468119292403571,6.91091198823415,0.000137620504713427
0.0708109039394185,62.4792493076529,6.67665784944237e-05
0.0649265362974256,43.8694585964549,8.02331238615618e-05
0.0860722237336449,69.0773974580225,3.18406071963843e-05
0.0915590992732905,42.4611731583718,1.92837339903021e-05
0.0442620535031892,61.9683380017523,0.000127524389800001
0.0701579471235164,49.8967240622733,6.82608890336527e-05
0.035084357818123,37.2900406981353,0.000148527811548625
0.0789528497564606,24.2848705966026,4.81335002449406e-05
0.0114956305082887,24.4778406457044,0.000150370502835657
0.0528711658669636,19.1127337689977,0.000107909082060644
0.0178755969926715,40.8199653099291,0.00016497124047306
0.0321090404386632,22.0628885773476,0.000155336911338073
0.0183371490682475,63.3934455225244,0.000166027515733749
0.0125692762387916,42.9816720448434,0.000152827572111015
0.069660451351665,69.6709307190031,6.93994224817986e-05
0.0610243535554037,14.8843039863277,9.02417623779756e-05
0.0727816776325926,53.2779986865353,6.22564059555604e-05
0.0584486325760372,21.5512851940002,9.50579936955763e-05
0.0374036871292628,67.4442991893739,0.000143219959407147
0.0424215023987927,45.6471593119204,0.000131736544181895
0.0107261101063341,38.5842619510368,0.000148609433161847
0.0556866100314073,19.228563652141,0.000101464897906556
0.0124031433137134,18.4458666923456,0.000152416281004578
0.0940681079309434,49.3908693257254,1.3541795183878e-05
0.0783630787860602,25.5157734372187,4.94832081510953e-05
0.0125030070263892,29.4940712058451,0.0001526759131037
0.0187998308986425,25.6009916891344,0.000167086376470985
0.0382083400897682,6.95212357328273,0.00015412358181656
0.0140265522478148,11.7724578815978,0.000155387755424323
0.0694745405507274,54.2630789475516,6.98248847213093e-05
0.0953893830347806,25.4191311250906,1.05180189328298e-05
0.0821965016750619,11.5281612623949,4.56091206315789e-05
0.0608281678613275,6.67427041451447,0.000112720200243566
0.0718201696337201,8.4823029791005,7.53994976301281e-05
0.0227432945137844,50.1772566186264,0.000176111106893672
0.0892007054109127,67.840068921214,2.468098648599e-05
0.029093388481997,47.4870741425548,0.000162238317972855
0.0398057374428026,35.7900425582193,0.000137722797861598
0.079153233547695,23.879916484002,4.76749161489641e-05
0.0824668047041632,24.8779175721575,4.0091712817585e-05
0.0828323969384655,52.1784271893557,3.92550444262405e-05
0.0254212370770983,16.4203045458999,0.000170858060286692
0.0981253211176954,12.8641685866751,7.94232306705942e-06
0.054944431418553,7.40628029103391,0.000117440606423108
0.0782679289509542,50.3834790957626,4.97009612979222e-05
0.0538218133500777,16.0978243476711,0.000106162144894722
0.0975085173361003,61.740521194879,5.66831885560692e-06
0.0653545168391429,60.2579536603298,7.9253678026098e-05
0.0369545828085393,16.2955447752029,0.000144576959407318
0.0920904571167193,39.1343414352741,1.80677062129663e-05
0.0134118362516165,55.3150571277365,0.000154755795044652
0.012331231131684,65.1210702501703,0.000152282799005505
0.064092825751286,28.9723342680372,8.2141094535e-05
0.0991301050921902,62.4572899763007,1.9572684228735e-06
0.0487051817076281,7.51834320253693,0.000129252752517097
0.0533056975156069,67.0092899980955,0.00010682774917742
0.0195562146161683,9.92676596739329,0.000166867490553101
0.0141088434471749,63.041924238205,0.000156350916150482
0.0461388897406869,22.6271037547849,0.000123229195842611
0.0118286751001142,26.33155879681,0.000151132685006786
0.0241676469310187,31.7301328922622,0.000173511019832894
0.0395853972411715,54.8681590659544,0.000138227052779373
0.0419355948176235,22.7283432893455,0.000132848557720844
0.0147138534719124,27.8768691828009,0.000157735499072793
0.0771762298583053,58.4921417396981,5.21993462141715e-05
0.0548292366811074,42.6704497507308,0.000103341085777192
0.0124026453658007,5.37010030238889,0.000144736429984468
0.0725425397139043,18.307026240509,6.30123624339946e-05
0.0732318937079981,19.4029561965726,6.13281862024777e-05
0.0870077986479737,61.6406664054375,2.96995169731539e-05
0.0795718074776232,38.2612921227701,4.67169976163671e-05
0.0298160798824392,30.3190879977774,0.000160584417822048
0.0695367083721794,15.6338929175399,7.0541233326539e-05
0.0702307017077692,11.6962131182663,7.20682959728261e-05
0.0350497961509973,31.4969476801343,0.000148606906922441
0.0662913780822419,34.0474033064675,7.71096440023107e-05
0.0355181205109693,64.0494585153647,0.000147535133093237
0.0655041257222183,60.5776020768099,7.89112937744948e-05
0.0148320931033231,16.0009610792622,0.000157859067738873
0.0644327286886983,31.4195929747075,8.13632168418354e-05
0.0466159136570059,66.1301426857244,0.000122137512827349
0.0666107925889082,52.46025551809,7.63786546748852e-05
0.0157652075518854,63.6255590815563,0.000160141553261835
0.0162009433237836,40.13045430067,0.000161138747165642
0.0764299825229682,23.9971904677805,5.39071548025927e-05
0.0109529088367708,51.0904136125464,0.000149128468609401
0.0285256054229103,59.6724699425977,0.000163537705908666
0.0664913609670475,25.7934080460109,7.66519773922798e-05
0.015203070375137,11.5986297745258,0.000157968365062736
0.0876076613669284,31.0687783721369,2.83267138088495e-05
0.0635255184490234,47.0049753237981,8.34393936875732e-05
0.0639723547315225,28.5975661582779,8.24167959445266e-05
0.0376333238463849,42.2515519498847,0.000142694429145064
0.0279886761703528,16.5702919696923,0.000164990466031479
0.0921793562942185,59.5176211930811,1.78642578766744e-05
0.0591252999729477,9.85197005677037,9.95473397430478e-05
0.0431384111242369,53.2966594432946,0.000130095877849901
0.0377525098784827,67.4841854150873,0.000142421668466938
0.0504285548534244,13.0382444371935,0.000115176369334779
0.0748286387813278,5.16555871232413,0.000107218200276126
0.0520324154919945,53.7706604262348,0.000109741691877698
0.0490788469300605,20.8141125983093,0.000116514741722462
0.079689096622169,65.7014354853891,4.64485780202108e-05
0.0298779480927624,30.0431709003169,0.000160442830635151
0.0427058621728793,19.3729941011406,0.000131146410682603
0.0827550883614458,45.9195862535853,3.94319673384453e-05
0.0579567189631052,55.9843467327301,9.61837522117483e-05
0.0900570171303116,23.0084581777919,2.27212923745269e-05
0.0815455222758465,32.707517669769,4.22000942736208e-05
0.0644845774024725,68.5327674518339,8.12445595622858e-05
0.041976041062735,68.7304531165864,0.000132755995320283
0.0963678770023398,45.5211212788709,8.27870721621108e-06
0.0942808344308287,46.8466747377534,1.30549644425329e-05
0.0700295609678142,18.1688295281492,6.87823225699895e-05
0.065635976055637,43.4568869706709,7.86095504768829e-05
0.0522825831361115,65.0161882815883,0.000109169175995983
0.0789643698651344,12.5778222014196,5.14184621013392e-05
0.0924282521102577,9.92536410572939,2.65145540955406e-05
0.0527549607330002,50.2274839766324,0.000108088126216985
0.0550975326215848,61.6610102285631,0.000102727082765471
0.0574988578166813,16.6853774269111,9.76703853768847e-05
0.0280999230942689,49.1144692874514,0.000164511892217103
0.0169547649449669,40.6566265120637,0.000162863889726068
0.0169689846341498,32.3296956112608,0.000162896431895616
0.0372238574409857,57.4547161639202,0.000143631504844631
0.0331643591797911,44.0587186079938,0.000152921783907426
0.0840819496684708,10.6155975966249,4.30224874182945e-05
0.0233328780857846,22.9080597602297,0.000175421412454388
0.067655343497172,41.9478358281776,7.39881697408651e-05
0.0945407651481219,40.0972339930013,1.24601054857673e-05
0.0644776252633892,13.7781556800473,8.29690231479251e-05
0.0949676589341834,30.8290728460997,1.14831467220215e-05
0.0300434968410991,32.4770330428146,0.000160063967541343
0.0562197802728042,29.9128667160403,0.000100158786590286
0.0844228143664077,20.2040893852245,3.56780434668155e-05
0.036245181648992,59.6339707018342,0.000145871232671722
0.0672728315321729,51.8191170599312,7.48635594247751e-05
0.095801323861815,7.49945286312141,3.32508035786867e-05
0.0621121501596645,58.2060151756741,8.66739278545581e-05
0.0824946080637164,6.71288798796013,7.0827225927852e-05
0.0678319500293583,21.1065710883122,7.35885305015895e-05
0.0582239055586979,9.42317081149668,0.00010235912529226
0.0491364650754258,64.998517424101,0.000116369158079402
0.0219845162751153,32.7301713183988,0.000174374620970917
0.0854934621206485,35.4806743597146,3.3165119870024e-05
0.0129755470436066,25.0574273883831,0.000153757334586313
0.0745641880808398,12.8601639962289,6.09821756915133e-05
0.0631129928585142,28.017325490946,8.43834704206537e-05
0.0342565446323715,26.9764183100779,0.000150422285942421
0.0238594244653359,45.4602864151821,0.000174216395851154
0.0871329860389233,55.5626354925335,2.94130220118966e-05
0.0232671266654506,23.1184791051783,0.000175571886479593
0.0848860638192855,34.9897769105155,3.45551684323972e-05
0.0237007461534813,29.6460031811148,0.000174579535752564
0.0746599558298476,48.5739358107094,5.79579120316025e-05
0.0372056680195965,15.6573990033939,0.00014412661116919
0.0794049905473367,5.1551508391276,9.99527924464896e-05
0.0688838279363699,49.4518966937903,7.11767476068668e-05
0.0166309459577315,23.1147212442011,0.0001621228206176
0.087144759867806,32.2681249782909,2.93860772643144e-05
0.0848090516054072,31.6146327182651,3.473141310899e-05
0.0366162412939593,36.755965591874,0.000145022051953099
0.066840084977448,59.9760216940194,7.58539124187123e-05
0.0236582637764514,49.8255641537253,0.00017467675789985
0.0447198703093454,68.8533962029032,0.000126476662811302
0.0311572296731174,23.4624035644811,0.00015751515777592
0.0860348033136688,42.479333676165,3.19262449086968e-05
0.0610690256627277,39.6771050570533,8.90611484050428e-05
0.0864119835919701,19.5847769733518,3.11703769254813e-05
0.0825498852902092,33.7465592077933,3.99015804959516e-05
0.0880535340658389,38.2611991849262,2.73063212546865e-05
0.0617454849369824,44.0350066695828,8.75130518108117e-05
0.0482296989928,56.3514582987409,0.000118444318458899
0.0267706664069556,52.0561103627551,0.00016755393455255
0.0860719338664785,16.1239087511785,3.26580395364903e-05
0.0685741540184245,66.0908969608136,7.18854453155674e-05
0.0668549918569625,62.3244787252042,7.58197975942355e-05
0.0925733327749185,22.3020475695375,1.69626313173359e-05
0.0946499581076205,64.0555247035809,1.22102142430165e-05
0.0496724926866591,6.03064535069279,0.00013967886764589
0.0619768159091473,57.8914463019464,8.69836441971114e-05
0.0741374568408355,62.4230252567213,5.91536660646446e-05
0.0593508029659279,49.2801764642354,9.29933506916872e-05
0.0395594565290958,40.3190929861739,0.00013828641884847
0.0261673418153077,34.6169818041381,0.000168934660312538
0.0800749510386959,44.7569199942518,4.55655390394054e-05
0.0151778862555511,25.2080495620612,0.00015879745150556
0.0507509486237541,45.057068791939,0.000112674365831394
0.0826243383833207,50.3025541757233,3.97311924411749e-05
0.0530807529669255,16.2975794041995,0.000107815052093589
0.0168826571921818,29.8853753658477,0.000162698869050392
0.0420423746062443,32.3340344964527,0.000132604189089371
0.018507308261469,54.9446488788817,0.000166416929963887
0.0867705219727941,38.7936855852604,3.0242531499994e-05
0.0782425511046313,50.7322092331015,4.97590392324805e-05
0.0269873791513965,37.2306116612162,0.000167057981175364
0.0750464640348219,34.3270874512382,5.70733768370453e-05
0.0678661058656871,46.3219509099145,7.35058339709108e-05
0.098424129113555,60.8965051593259,3.57291484791262e-06
0.0902939463336952,30.7159270672128,2.21790730469314e-05
0.0433253659121692,9.75597326993011,0.000134228599420535
0.092284147287719,46.4264316007029,1.76244406602974e-05
0.0302484704996459,52.6210256235208,0.000159594879401405
0.0346997493086383,39.6423986216541,0.000149407999235166
0.0355562069360167,69.6996890718583,0.000147447971209076
0.0403985799197108,8.66731006652117,0.000142216946131086
0.0666215892345645,69.4191524747293,7.63539462393509e-05
0.0242710235831328,15.5198345892131,0.000173593046262557
0.0554863179172389,68.6667034460697,0.0001018373363831
0.0518907256633975,32.8562320373021,0.000110065953144321
0.0891070553706959,10.7988496555481,3.14568449587156e-05
0.092575337998569,5.52656831336208,7.1611689802039e-05
0.0923687828215771,39.5809229998849,1.74307497956684e-05
0.0997758238203824,50.0687018118333,4.7952245650056e-07
0.0208648739918135,39.2847765982151,0.000171812287255489
0.0785626691672951,49.3118373351172,4.90264397968268e-05
0.0440753654064611,36.1642364691943,0.000127951630903387
0.0587450024858117,58.9615914016031,9.43797425939708e-05
0.0528942419798113,42.6346143649425,0.000107769377059371
0.0473481059446931,7.55270096589811,0.00013178031284806
0.0279421893181279,7.4490062892437,0.000171993714567959
0.0224259972549044,37.1429673396051,0.000175384962948979
0.0539413370890543,12.5114919885527,0.000107691093296758
0.0568028808617965,56.9133927230723,9.88243440447129e-05
0.0341172729828395,67.5134967942722,0.000150741013136384
0.0942448226734996,38.0340452317614,1.31373783896769e-05
0.0556466582347639,55.2872248843778,0.000101470392933693
0.0848118515801616,48.1319265125785,3.47250052858641e-05
0.0271468648291193,64.9565978557803,0.000166692993593838
0.09181122912094,54.2254084744491,1.87067275491084e-05
0.0660676172049716,19.5401517953724,7.77062349828364e-05
0.0774909511278383,49.6037020278163,5.14790974955284e-05
0.0459526400594041,8.33226535585709,0.000130946585169886
0.0967521178815514,20.8957437612116,7.42060945807863e-06
0.039169948042836,22.3459889483638,0.000139177820273437
0.0585072049172595,13.9769689331297,9.63759359842886e-05
0.0686378626641818,23.9927584328689,7.17396462390027e-05
0.0618713618232869,45.1739852654282,8.7224978919513e-05
0.054934969234746,69.2850382474717,0.000103099113773234
0.0951472928421572,5.07924285251647,7.59113532278994e-05
0.0190394843672402,53.7072970357258,0.000167634830358235
0.0795989304361865,53.0702269729227,4.66549259420249e-05
0.0857135216123425,11.7145279422402,3.74837170245257e-05
0.0237326712929644,54.8263614776079,0.000174506474148436
0.044373737773858,18.8903258205391,0.000127350422037247
0.0981322639947757,32.4448432086501,4.24085660516736e-06
0.0645579696609639,34.3075751804281,8.10765992581882e-05
0.053763039612677,8.69445180636831,0.000113509306661394
0.0678861989849247,67.4146176932845,7.34598502869804e-05
0.0292166389408521,24.9175021774136,0.00016195625573666
0.0442973130685277,28.9999886718579,0.000127443697265961
0.0669008548650891,6.88082750421017,9.8815170804646e-05
0.0170825861813501,14.3910393386614,0.000162789936547113
0.0250526156648994,48.3136048179586,0.000171485743315796
0.0166320768650621,63.8851795485243,0.000162125408731702
0.0928666470618919,20.168590064859,1.6362942774982e-05
0.0656478549935855,49.6665745170321,7.85823651841669e-05
0.0348181379702874,26.4393151341938,0.00014913706336235
0.0412405971833505,59.2214342625812,0.00013443907988761
0.0704265618068166,67.8046786109917,6.7646156569772e-05
0.0538346667261794,36.4018443936948,0.000105617187855391
0.0760487241554074,61.7848403030075,5.47796755925445e-05
0.0721168994205073,24.7039393358864,6.37777701015132e-05
0.0180988966766745,61.1058886733372,0.000165482268251751
0.0151757535431534,5.77793892356567,0.000150575067391168
0.0900410889578052,26.7799338302575,2.27577444575242e-05
0.077360522239469,44.3601166864391,5.17775877750746e-05
0.0460968550620601,14.5034689316526,0.000124273620425447
0.0533182711247355,26.7707231163513,0.000106798974109637
0.0336850788583979,14.3196503317449,0.000152471860451103
0.0746812213468365,46.4644776086789,5.79092452815437e-05
0.0853467989945784,58.5856636043172,3.3500762671608e-05
0.0641877531097271,44.9621605477296,8.19238505324488e-05
0.0946732760802843,61.8459922389593,1.21568503888437e-05
0.0530447128578089,21.137764666928,0.000107427376388788
0.062677041022107,28.1177627725992,8.53811587943319e-05
0.0920340530062094,13.495214972645,2.0862938610633e-05
0.0352238026377745,16.5916954749264,0.000148488126049112
0.0113273849035613,43.2684938493185,0.000149985467908077
0.0214532917039469,44.1340946953278,0.000173158898191
0.0568811896303669,64.6370670455508,9.86451321652456e-05
0.0406207930785604,63.4046514716465,0.00013585751948957
0.0901654719375074,15.541079066461,2.36435366434555e-05
0.0531696508871391,30.2309309667908,0.000107139095817496
0.081894181703683,69.0194604813587,4.14021770991169e-05
0.011351136744488,67.9078750009649,0.000150039824682306
0.0623325701151043,31.4196133147925,8.61694904178876e-05
0.0986503074783832,11.2870421458501,9.37502097398875e-06
0.0846236080746166,40.4495254158974,3.51558059872683e-05
0.0995247254706919,31.9645599694923,1.05416828481162e-06
0.048460974204354,52.8130505396985,0.000117915038454968
0.0109644197463058,8.91974330996163,0.000147675072032963
0.0110784864681773,18.4714803227689,0.00014938883579855
0.0755388207989745,8.87970177922398,6.62571815837874e-05
0.0703530563507229,20.7050849602092,6.78397347489228e-05
0.0568739828909747,57.4815616407432,9.86616249965705e-05
0.057671767573338,26.663950382499,9.68358717003991e-05
0.0681799575756304,17.4108147318475,7.31557583202822e-05
0.0962818030500785,48.9823593304027,8.47568994291641e-06
0.041381467806641,62.158732911339,0.000134116693396001
0.0174918825807981,30.8400370297022,0.000164093098954735
0.0308852104702964,64.7858199290931,0.000158137681581092
0.0879039396205917,32.122458294034,2.76486724649027e-05
0.0589127536839806,63.2109273562674,9.3995839130086e-05
0.0334371993062086,36.6856506292243,0.000152297381394885
0.0140841610054486,39.1637805453502,0.000156294429669436
0.0246721505606547,62.6462649845053,0.000172356448699728
0.0943408571765758,29.9626663874369,1.29176006546392e-05
0.0111755300057121,36.6512827866245,0.00014963794358677
0.035174956258852,26.0420656763017,0.000148320474399334
0.0889055034564808,5.15577045502141,8.45229475751553e-05
0.0538340006163344,11.3422406872269,0.000109011627516103
0.0546145260380581,28.4110779222101,0.000103832457287496
0.0459919785521925,60.0322901329491,0.00012356540634222
0.0304707317287102,22.1328454394825,0.000159086228156845
0.062044100840576,34.2423208581749,8.68296606874572e-05
0.0663760098651983,66.9539224705659,7.69159617217287e-05
0.0592651316802949,17.7028435526881,9.34591356695878e-05
0.095678192069754,13.7983278231695,1.23758751408485e-05
0.0956531994766556,46.1558367649559,9.91426738308759e-06
0.0756536885793321,67.9042076261248,5.56837259222499e-05
0.0944663628493436,57.5441640790086,1.26303772962448e-05
0.0125568191590719,14.7976208245382,0.000152569034619692
0.0750065009854734,32.4532311479561,5.7164833430141e-05
0.0551565653178841,29.8629149934277,0.000102591984734344
0.0981892857048661,29.7067968954798,4.11036077408374e-06
0.0731043673469685,68.2292223593686,6.15179212206604e-05
0.0645256886049174,49.7969075769652,8.11504753876549e-05
0.0286255052196793,32.9486551438458,0.000163309082337332
0.0278138266527094,47.1717309986707,0.000165166632189865
0.0168918619677424,5.44832070241682,0.000152484823191449
0.0854722892655991,40.470603434369,3.32135745605569e-05
0.0682450356357731,66.1254083341919,7.26386422435609e-05
0.0244736139941961,22.8256626962684,0.000172810805368433
0.0453801700286567,54.2132196330931,0.000124965547825461
0.0633319593709894,21.5896988671739,8.38823592302026e-05
0.0673344609630294,52.5873830320779,7.4722518691586e-05
0.0915500528528355,23.0650213209447,1.93044369848937e-05
0.0185796806099825,54.1149740258697,0.000166582556174532
0.0686630130885169,53.9100268296897,7.16820887662345e-05
0.0823700371407904,55.714775378583,4.03131681822921e-05
0.0628959583118558,44.378845152678,8.48801602515123e-05
0.0529087647795677,51.0117841709871,0.000107736141212518
0.0482054395857267,62.5241492583882,0.00011849983681292
0.0551852126303129,31.8723464687355,0.000102526424532137
0.0210981053928845,55.7396104407962,0.000172346044055651
0.0884533132542856,58.7035259674303,2.63914150310108e-05
0.0816306543746032,53.1822507479228,4.20052670058741e-05
0.025981560619548,18.696657367982,0.000169412148397952
0.0993138909130357,30.1246465009172,1.53666926170103e-06
0.0423111790139228,7.85249181441031,0.000140221086055501
0.0869420350319706,57.9210435773712,2.98500189085008e-05
0.0447882678126916,32.8739485994447,0.000126320133148669
0.096394536504522,66.5089350449853,8.21769617518782e-06
0.0522683192533441,39.2856737866532,0.000109201819303826
0.0964448911021464,42.6114405761473,8.10245822361704e-06
0.0175896787084639,6.52767376159318,0.000157192737878507
0.0580345710436814,26.9384937523864,9.60055854759511e-05
0.0852671413682401,13.3274859550875,3.63124270303711e-05
0.0254950176691636,14.1551034629811,0.000171068546565549
0.0588947922922671,60.3400535078254,9.4036944293985e-05
0.0541566180787049,53.1136290973518,0.000104880392882919
0.0557458396814764,27.9859862627927,0.000101243413327218
0.0890593726094812,6.61208749050275,5.97810768502343e-05
0.0429194967681542,54.987533360254,0.000130596869678941
0.040825642789714,46.2933693826199,0.000135388715006823
0.0117647753050551,31.3186039682478,0.000150986448479521
0.0260192339215428,7.09334116661921,0.000175524805934157
0.0157438432751223,58.783567516366,0.00016009266049718
0.0239206658978947,12.4224715633318,0.000175137898901132
0.0458458893350326,29.7162184410263,0.000123899735736681
0.0737745540868491,19.5936590374913,6.00752602429329e-05
0.0730963047943078,55.2911085239612,6.15363726053776e-05
0.0855476485262625,55.8746871748008,3.30411127151556e-05
0.081808081662748,36.8527606967837,4.15992195305056e-05
0.0462196137546562,25.1839028997347,0.000123044456604264
0.0401348199089989,39.750696211122,0.00013696968312945
0.062740641226992,28.5458392184228,8.52356078878367e-05
0.0598597496328876,28.7004639394581,9.18286115392326e-05
0.0250467506377027,34.9081858678255,0.000171499165599995
0.0552963295718655,66.0056305071339,0.000102272130200866
0.0353552574082278,21.8517357332166,0.000147907850009504
0.0685305987787433,47.4959168280475,7.19851227400296e-05
0.0492296488722786,21.9335743074771,0.000116155904267922
0.0133377161086537,60.6775597622618,0.00015458616895591
0.0597876011440531,10.9938624606002,9.61619999162802e-05
0.0911630130256526,67.9169061500579,2.01901888122357e-05
0.0186933288653381,30.0118977017701,0.000166842643490579
0.0699877270567231,14.4474138063379,7.01208086026395e-05
0.0819615954649635,43.3248384122271,4.12478987586247e-05
0.0631913532176986,24.1818634723313,8.42041404745755e-05
0.0775992968236096,17.8792543360032,5.15455053813981e-05
0.0880599139514379,42.0996209734585,2.72917207021576e-05
0.0667496120976284,66.0150494799018,7.60609622182339e-05
0.0568404876952991,6.4465019304771,0.000122562837907997
0.0124953634012491,11.1687940324191,0.000151829827709713
0.0869026755634695,31.6704554611351,2.9940094189388e-05
0.0929700423846953,18.6638422124088,1.6244754622957e-05
0.0823645545169711,15.2850689191837,4.15418253584602e-05
0.0667536329384893,50.5964194762055,7.60517604077486e-05
0.0677268243883736,18.0586457287427,7.40651570828534e-05
0.0506885675038211,20.82359307562,0.000112830945426906
0.0893695034459233,48.7158876901958,2.42946873057462e-05
0.0541873383196071,5.7131455373019,0.000134826253286153
0.0194678426603787,47.7661237947177,0.000168615140688741
0.0758812128473073,63.6303351877723,5.51630300610757e-05
0.0753059240663424,36.6208342998289,5.64795950582698e-05
0.0424885643296875,13.368423281936,0.000132868892029004
0.0997278601396829,8.11891190824099,1.73385835379174e-05
0.0532384670875035,64.2218924488407,0.000106981607954639
0.0354990867804736,50.188517216593,0.000147578692335423
0.0983977706474252,49.7039673419204,3.63323695923196e-06
0.0767700999323279,46.5565780433826,5.31287862841796e-05
0.0728692328557372,32.085895598866,6.205603329764e-05
0.0685600491403602,25.8982584753539,7.1917724736553e-05
0.0378382909670472,52.8114269953221,0.000142225355967265
0.0587452652165666,60.9295137424488,9.4379141327047e-05
0.0736972330417484,25.5186318547931,6.01611309483466e-05
0.0908166227256879,58.485305942595,2.09829130220425e-05
0.0271371829346754,66.3807351968717,0.000166715150889014
0.0482566885533743,12.4815698922612,0.000120479052950523
0.0633595968945883,63.2237364794128,8.38191099589088e-05
0.0388173318747431,39.6081710711587,0.00013998479256234
0.0761965848668478,40.2485470636748,5.44412920822382e-05
0.0856351251481101,41.4717490936164,3.28409199385745e-05
0.0486997073609382,24.1441045107786,0.000117368690728351
0.0744175847596489,63.646390325157,5.85125852286374e-05
0.0345438470831141,32.923880481394,0.000149764785982798
0.0818960914155468,41.4891420456115,4.13978066683387e-05
0.0307140397280455,65.2527651120909,0.00015852941077041
0.0163453017198481,35.9439104888588,0.000161469115526017
0.0349692805949599,62.9548382398207,0.000148791169098788
0.068463264813181,52.8665016801097,7.21392184657152e-05
0.0482375657022931,64.5218398433644,0.00011842631526693
0.0107633138960227,59.9807858443819,0.000148694575109487
0.0511361167300493,26.6855977568775,0.000111792897491384
0.0409079051343724,43.9380359952338,0.000135200455254247
0.0713098126486875,64.7904223122168,6.56248114981732e-05
0.0291822223854251,40.0830820004921,0.000162035019018161
0.0611775147309527,26.1921585537493,8.88128680378093e-05
0.0449397843121551,48.7812095403206,0.000125973383261845
0.0517029880266637,55.7616788882297,0.000110495596150334
0.0790676188608632,69.7422321606427,4.78708478334644e-05
0.0112672971142456,44.3536624475382,0.000149847955266098
0.0371026519360021,25.9498284908477,0.000143908887144806
0.0253022161265835,27.8586779581383,0.000170914525447466
0.0654042670386844,13.8867278303951,8.08125262539209e-05
0.058579464906361,30.2496724331286,9.47585801274606e-05
0.028209716512356,52.1271742158569,0.000164260626807524
0.062003207358066,22.6579231908545,8.69232466037265e-05
0.040829824290704,25.688453373732,0.000135379145520991
0.0876338695455343,67.5899361807387,2.82667356348707e-05
0.0771067835274153,32.4916287034284,5.23582761489428e-05
0.0101349092880264,38.3219013689086,0.000147256453007443
0.0408663684455678,55.2738729806151,0.000135295513166706
0.0799699939996935,23.3579124463722,4.5805736255711e-05
0.0507956319209188,8.22828222531825,0.000120859077317371
0.0851896231807769,20.110000843415,3.39300438253997e-05
0.0784131626482122,36.7653644969687,4.93685897854756e-05
0.0664836914208718,36.9728176097851,7.6669529370301e-05
0.049965073033236,40.3107389924116,0.000114472864826786
0.0522277839295566,12.222546642879,0.000111781333809996
0.0526759742875584,45.211234241724,0.000108268888979553
0.0841181704285555,5.67257269751281,8.35684348364966e-05
0.0778288365411572,42.3674330161884,5.07058369645444e-05
0.0104547852394171,32.3810975032393,0.000147988498364453
0.0637033913610503,16.1079742619768,8.36403048872244e-05
0.0175523313786835,14.0560690872371,0.000163807364393673
0.0427121746051125,5.64270735369064,0.000155314048765329
0.0165149852610193,11.6753436159343,0.00016091684798667
0.0624768886971288,59.2976303095929,8.58392131730935e-05
0.043344155352097,65.0577394128777,0.000129625026239826
0.0304240427259356,45.5055341147818,0.000159193077288691
0.0521162208821625,15.5517322465312,0.000110222619070825
0.0353389003756456,60.496821126435,0.000147945283551176
0.0220606496674009,28.9038827084005,0.000174548854438903
0.0678380224877037,21.6840374527965,7.35701035928456e-05
0.0441902433289215,26.2891493714415,0.000127688729458641
0.0209171812376007,33.2519195461646,0.000171931993898799
0.095905330539681,53.1369059183635,9.33725816047092e-06
0.0392433703504503,24.9086086871102,0.000139009791201053
0.0150661393301561,51.9923736015335,0.000158541715438063
0.097707814979367,41.7896408017259,5.21222044063687e-06
0.0260312235006131,22.7076593297534,0.000169246171008615
0.0665304335439578,37.0880186755676,7.65625586710874e-05
0.0496690307930112,31.8290676258039,0.000115150366047159
0.0984074049536139,43.0026746506337,3.61118857115291e-06
0.0193907261127606,67.0440899312962,0.00016843865724137
0.033558084203396,20.9323211212177,0.0001520272057333
0.0637312502297573,52.5301763310563,8.29685705631062e-05
0.0649885261291638,29.033862646902,8.0091258340542e-05
0.0608393020671792,40.9058650757652,8.9586877490914e-05
0.0592983002751134,10.9573328937404,9.7290549810776e-05
0.0967741251341067,54.3644285365008,7.34899662883827e-06
0.0147554703755304,55.3162515931763,0.00015783074055917
0.0645137434499338,60.2966927748639,8.1177812219969e-05
0.0936225135531276,62.237362943124,1.45615507921739e-05
0.0382580435601994,29.1026458982378,0.000141264740029824
0.0963104253006168,23.89874298824,8.4101870955699e-06
0.0870215289806947,45.4024375334848,2.9668094710008e-05
0.0690127000957727,30.1648034888785,7.08818199465394e-05
0.0994458112772554,61.6574169648811,1.23476569657771e-06
0.0724220123048872,8.89771122951061,7.29145486093677e-05
0.0809637093357742,16.3958159007598,4.42258192404039e-05
0.0792567398678512,7.8217212157324,6.32138788458128e-05
0.0611057480797172,60.1447597402148,8.89771080927327e-05
0.0840844693942927,28.2551773602609,3.63896404346521e-05
0.0514511514408514,67.1692984551191,0.00011107193145334
0.0355349557311274,48.3065504708793,0.000147496605205482
0.0734201159654185,14.7246216516942,6.21807594773011e-05
0.032049581585452,53.5293336410541,0.000155472984641606
0.0908129827794619,45.8616222930141,2.09912431441506e-05
0.0636024409136735,49.9403862038162,8.32633544046823e-05
0.032198369523976,44.964088028064,0.000155132479145328
0.0200909124175087,51.9478853256442,0.000170041053830436
0.0601333581074141,10.7243438786827,9.57560393387899e-05
0.0755330186360516,7.69026846741326,7.24577203028487e-05
0.0548120670230128,44.6298903517891,0.000103380379035828
0.0120426300936379,40.7062602846418,0.000151622327191317
0.029406109850388,31.3143746077549,0.000161522646085759
0.0975404609157704,32.5335909042042,5.59521505057856e-06
0.0252077686111443,10.5658136494458,0.00017315360149564
0.0516721380758099,25.7405896426644,0.000110566197154218
0.0301145024783909,7.94526674086228,0.00016535633873731
0.085993029458914,60.1369435782544,3.20218455822853e-05
0.0578226061025635,38.7294950615615,9.64906733680531e-05
0.0193750456674024,17.0548895467073,0.000168277369420144
0.0911271085147746,67.0638049219269,2.02723573227777e-05
0.0426334638195112,67.6680168032181,0.000131251464346328
0.0667334747337736,44.2876816028729,7.60978930416763e-05
0.0744382789032534,44.8497393087018,5.84652260830777e-05
0.0708586896304041,67.0525595487561,6.66572195599197e-05
0.0909755423106253,68.1068920635153,2.06192209602118e-05
0.0547061888966709,21.5243749588262,0.000103622684187124
0.0774377856589854,56.070052072173,5.1600768207121e-05
0.0282950627058744,10.9352658083662,0.000166070867410113
0.0609966491023079,42.9950341489166,8.92267842547567e-05
0.0485040713730268,13.1972952606156,0.000119401691436428
0.0208476604544558,25.3356111038011,0.000171772893577891
0.0648389929556288,24.5973139314447,8.04334693286746e-05
0.0605178425856866,40.5469093995634,9.03225468023154e-05
0.082279794763308,54.3862805981189,4.05196904705549e-05
0.067310713941697,6.96571554755792,9.70799894592279e-05
0.0264051805390045,11.1688786162995,0.000170141297381468
0.0715857655834407,42.5385406671558,6.49932852338167e-05
0.0270253618713468,44.6507942990866,0.000166971056623314
0.0946673295390792,30.9066485532094,1.21704592202063e-05
0.0982983433804475,41.7367866821587,3.86077913248622e-06
0.0653042491199449,54.7432678716723,7.93687171538798e-05
0.0293545367335901,30.7131189550273,0.000161640672653666
0.0528302750037983,13.2918426499236,0.000109571424443249
0.0376715812203474,44.9335490551312,0.000142606876039372
0.061317203505896,23.096938849194,8.84931862402904e-05
0.0665593826258555,60.288288112497,7.64963078607317e-05
0.0504247200489044,30.6038244895171,0.000113420949350738
0.0643296470795758,35.6890364806168,8.15991220826737e-05
0.057454249789007,63.7537110911217,9.73336674346338e-05
0.0579675412992947,43.9044408488553,9.61589849826865e-05
0.070780011031311,55.7824823760893,6.68372778072238e-05
0.0872255221870728,7.39377069985494,5.21714680897754e-05
0.0721963042486459,17.6467797555961,6.39362429160809e-05
0.0529393491288647,47.4682133749593,0.000107666148045471
0.0407687401864678,56.9173627020791,0.000135518938258453
0.0734061886998825,61.3305829139426,6.08271943339204e-05
0.0771984708402306,17.4709329707548,5.25516678503908e-05
0.0802859406196512,34.3966558238026,4.50826832872167e-05
0.0539121419773437,69.6945060731378,0.000105439883504591
0.0744754389184527,33.6028195044491,5.83801843146209e-05
0.0366494287061505,59.6362821920775,0.000144946101601408
0.0979723159503192,25.9697065048385,4.60690232632315e-06
0.0690730991470628,45.5609249032568,7.07435949725381e-05
0.0508281580638141,68.6837999382988,0.000112497669796986
0.0503327127569355,31.3572161993943,0.000113631510696797
0.0523365361476317,20.0173647259362,0.000109092291727477
0.0688866597204469,42.1626066346653,7.11702669871872e-05
0.0733807839686051,9.68706296873279,6.87775011436658e-05
0.0562659013597295,18.0663923046086,0.000100251899739326
0.058008515604306,14.4199309160467,9.72964503609804e-05
0.015401826610323,66.1918756004889,0.000159309945477818
0.0692720828671008,20.3608844568953,7.03312476749778e-05
0.0727325434610248,18.5722759773489,6.25270047192506e-05
0.0238050018996,56.655027999077,0.000174340943465285
0.0318282081256621,42.4394001415931,0.000155979604200531
0.042984262581449,35.9545780764893,0.000130448651243921
0.0425877284887247,14.6086458011996,0.000132197483754325
0.091777995377779,56.8747081514448,1.87827839305627e-05
0.0150665701180696,28.2674665551167,0.00015854270130865
0.0194855073327199,37.212443954777,0.000168655566801784
0.0842178050009534,64.8822470661253,3.60844980463116e-05
0.0119898425857537,46.5763612580486,0.000151501521454322
0.0513034898834303,6.71424729283899,0.00013055210159405
0.0598048534686677,46.1365090985782,9.19542429971776e-05
0.0765386322094128,33.4465695288964,5.3658506855923e-05
0.0903680724697188,31.0444269317668,2.20094332428975e-05
0.0577655379986391,21.1832725198474,9.66219636056772e-05
0.0788005070318468,24.876780010527,4.84821409718941e-05
0.0251288701337762,24.9113177927211,0.000171311232760532
0.0956246124510653,41.4354093221482,9.97968961712258e-06
0.0812761759152636,39.9276396504138,4.28165012021034e-05
0.0359469363302924,27.9094520770013,0.000146553775700839
0.0355518538574688,7.7896234113723,0.000154701521294626
0.0968339746259153,66.0568560427055,7.21202933758875e-06
0.0172083567851223,5.53062261897139,0.000153298744471723
0.0376282475562766,29.2767917132005,0.000142706046381648
0.0543402345641516,16.1735186423175,0.000104966648084033
0.0407606539968401,21.0429790534545,0.000135542032042434
0.0458522730343975,65.9708426659927,0.000123885126456239
0.0167848141049035,18.9340004930273,0.000162444728736741
0.0693905195151456,58.3793953014538,7.00171692888781e-05
0.0656629893369973,37.1884434565436,7.85477298019888e-05
0.0329258720949292,21.8799081584439,0.000153467568491797
0.0995995947252959,12.5383681117091,5.12089434184284e-06
0.0781540523725562,58.5751609620638,4.99615711378493e-05
0.0843885199981742,41.6545342688914,3.56938118426627e-05
0.0306545997550711,45.3712219803128,0.000158665440865975
0.0494186047138646,49.8160480812658,0.000115723473364907
0.0514370686700568,64.3348116718698,0.0001111041602812
0.0158589480747469,30.0333142979071,0.000160356081156871
0.026691833853256,27.7249303669669,0.00016773434512942
0.0825104102352634,10.2521613962017,4.7380518268114e-05
0.0352130675362423,35.8117923897225,0.000148233255639868
0.0108119182055816,58.7965199886821,0.000148805807476249
0.091867475064937,51.0152128222399,1.85780070811437e-05
0.0567802152736113,54.1666318790522,9.8876214898157e-05
0.0461029568361118,58.0568051093724,0.000123311429332949
0.0728930252650753,62.4917917849962,6.20015836814301e-05
0.0398812932171859,53.2569680071902,0.000137549886288871
0.0545133551885374,20.565020123031,0.000104089367544947
0.0986782921804115,66.6281634022016,2.99125532581719e-06
0.0861928643821739,28.2520727580413,3.15645175865268e-05
0.0327686368953437,34.5296634081751,0.000153827405789082
0.0321591266477481,42.3773954354692,0.00015522228760143
0.0563287892285735,38.5659926198423,9.99093164453864e-05
0.0102070766990073,41.3802249461878,0.000147421610212624
0.06103186680004,6.51755626429804,0.000113972276345699
0.0851569985924289,43.345721247606,3.39351263758756e-05
0.0221747815585695,28.4212423197459,0.000174810048569482
0.0848885321849957,28.6309985385742,3.45495195061503e-05
0.0787898625805974,33.1152350979392,4.8506501106131e-05
0.0126836870587431,68.9299140742514,0.000153089404578173
0.0397877475316636,27.9482355946675,0.000137763968293027
0.0968738331738859,66.7919533594977,7.1208118989154e-06
0.0308393743052147,50.7170085608959,0.000158242578969237
0.0461633911333047,55.3678858221974,0.00012317312369768
0.0851170134148561,21.3325668370817,3.40266336100522e-05
0.0485205656802282,20.7886567094829,0.000117793140635719
0.0968897784454748,39.7814883757383,7.08432068417377e-06
0.0123019560147077,8.77654585754499,0.000150487359441062
0.0316135709080845,33.5830077319406,0.000156470807674522
0.0276032865094021,37.717703350354,0.00016564845939101
0.0972837358992547,15.2403789223172,7.64997617394494e-06
0.0150077051226981,66.7790621344466,0.000158407987065942
0.0204621315281838,28.8170368864667,0.000170890599490939
0.0912236815132201,12.3366647504736,2.42255446001359e-05
0.0583536854153499,56.2562540336512,9.52752830161401e-05
0.0107020227378234,22.0463769230992,0.000148554308523048
0.0680080100195483,45.8152353216428,7.31810822147291e-05
0.061790833317209,12.6208861416671,8.99590882273586e-05
0.0959044294222258,26.2865180242807,9.33932039380342e-06
0.0298767850617878,14.3407826812472,0.000161098358101099
0.0547514981962741,62.8013780794572,0.000103518992545849
0.0512212729058229,60.9303546021693,0.000111598015122688
0.0259838972007856,32.7887039538473,0.00016935447861318
0.0321378947421908,9.6551726362668,0.00015876165029142
0.043894263827242,33.7460578943137,0.000128366087100041
0.0852914262772538,39.330136985518,3.36274847351026e-05
0.0469117827271111,65.5279799015261,0.000121460407911797
0.0436480826162733,55.9699990577065,0.000128929479914315
0.0168254652875476,54.8278847895563,0.000162567983724178
0.0947828479018062,51.9650086958427,1.19060921094059e-05
0.0692899367818609,13.5090320347808,7.22461147140568e-05
0.0830688481009565,38.6305278504733,3.87139191090401e-05
0.0318638007878326,15.1231092365924,0.000156405495891191
0.0506635953416117,19.7835188393947,0.000112928915918991
0.0550422833068296,30.7085174648091,0.000102853522418619
0.0169929950567894,39.1849528485909,0.000162951380441565
0.0794623465905897,43.4917257074267,4.69675020190227e-05
0.0550528359552845,33.1318912515417,0.00010282937237773
0.0115602734847926,29.814428241225,0.00015051844015513
0.0526865596463904,29.1278441762552,0.00010824466408002
0.0142473745136522,9.80606268160045,0.000155191674746581
0.0943439556728117,51.5612238505855,1.29105096564777e-05
0.0749772284459323,56.8362122552935,5.72318244826594e-05
0.0698129184846766,32.7219789708033,6.90504970426321e-05
0.0579613409540616,5.94570756191388,0.000125719555939257
0.0467090569902211,53.6860362440348,0.000121924351618073
0.0583365267165937,39.5399111835286,9.53145511940141e-05
0.085704162043985,59.6932344452944,3.26829270076653e-05
0.0734512312663719,22.0904143725056,6.07241131190837e-05
0.0922342287376523,19.394254196668,1.78679691024077e-05
0.0876451278873719,60.9271185006946,2.82409705942853e-05
0.0815558616048656,39.143576787319,4.21764324204237e-05
0.0101850501890294,48.3474896440748,0.000147371201908122
0.0976918006618507,41.0807298764121,5.24886966897828e-06
0.0926126595959067,39.9804421328008,1.68726307512251e-05
0.0944744718377478,65.1552164857276,1.26118196419867e-05
0.0233881970122457,68.5177257773466,0.000175294813492839
0.0890664849476889,21.7403295007534,2.49881538941415e-05
0.0195933201909065,35.1279767102096,0.000168902299642806
0.0475093164085411,15.8807356189936,0.000120601130988097
0.0531779100582935,66.1154511664063,0.000107120194465675
0.0244523416878656,66.5978907723911,0.000172859487656097
0.0910953751322813,43.6771146557294,2.03449800854937e-05
0.066163430006709,49.5552885241341,7.74024568700021e-05
0.0273906416073442,15.7204031129368,0.00016645731752521
0.0319471781351604,48.6619283200707,0.000155707337896366
0.0122390791471116,40.0364138546865,0.000152071906526242
0.0112149713444524,45.8760327589698,0.000149728206230065
0.0383759390725754,29.7546228975989,0.000140994932743369
0.0935009998246096,53.9533537381794,1.48396384708125e-05
0.0373064291826449,36.083708362421,0.000143442537028079
0.0680230141081847,48.7178913853131,7.31467449243678e-05
0.0761053903470747,22.427755711833,5.46499933756441e-05
0.0483459285809659,59.581492888974,0.000118178323688133
0.0613820207631216,40.4835547565017,8.83448500743493e-05
0.045090075628832,40.7972864934709,0.000125629437241227
0.0856628704001196,63.2974310289137,3.27774241277006e-05
0.056461156369187,55.9116002218798,9.9606390419577e-05
0.0554702189215459,68.7340039596893,0.000101874179399896
0.0861505088442937,57.8443649527617,3.16614494587543e-05
0.055306264704559,33.9711587550119,0.000102249393362638
0.0252285441639833,27.0960263034795,0.000171083125862498
0.0404158878792077,48.6402545974124,0.000136326450958663
0.0409956975653768,33.5793696867768,0.000134999539739286
0.0524105629161932,52.0328031829558,0.000108876290571516
0.0834803667734377,26.5631093259435,3.77721467369598e-05
0.0624178310646676,66.4073455217294,8.59743682713472e-05
0.0313326050504111,43.0604112835135,0.000157113806157821
0.0735370828886516,41.3937367859762,6.05276392009651e-05
0.0794052038458176,59.5415194006637,4.70982748414727e-05
0.0428287043911405,59.851744894404,0.000130804650657022
0.0760216883686371,32.3589203634765,5.48415477717198e-05
0.0495030501461588,66.9225008832291,0.000115530217553199
0.0803323423326947,37.6512229174841,4.49764916262211e-05
0.0444751098938286,53.9934689714573,0.000127036804094134
0.0200053234631196,19.4937236292753,0.000169818815223827
0.0769333202508278,14.3269271787722,5.4444887191358e-05
0.0555479714460671,47.9114459536504,0.000101696240501007
0.0778687008516863,25.8054207579698,5.06146063380895e-05
0.0524858087487519,17.7874175354373,0.000108930313528879
0.0552762986463495,68.7446646159515,0.000102317971552667
0.0735775568149984,45.4579136020038,6.04350134510978e-05
0.0483630218589679,16.826286589494,0.000118486635253773
0.0414854337484576,37.092410227051,0.000133878764334241
0.0442136510508135,42.9566981282551,0.000127635160210766
0.0363468659529463,19.6756417176221,0.000145680935278906
0.0653367629414424,33.8667337573133,7.92943083339531e-05
0.0824301049811766,49.2949900694657,4.01757011940138e-05
0.0266186676756479,45.9428588976152,0.000167901788040883
0.0634123441902921,61.2050996173639,8.36983962486506e-05
0.0902334497170523,23.5600818740204,2.2317521302062e-05
0.0921202843287028,43.2956178218592,1.79994457765373e-05
0.0762964905938134,34.8580220725853,5.42126549394777e-05
0.0891335531650111,14.3867920595221,2.67498593597015e-05
0.0201591950259171,17.1254954149481,0.000170071198401154
0.0308024485851638,27.7499906835146,0.000158327084546477
0.0119050027430058,29.9983657186385,0.000151307363022896
0.046490627694875,25.1336371165235,0.000122424233371603
0.0577866638312116,38.6486099287868,9.65729282945303e-05
0.0294729274697602,46.2729950947687,0.000161369732033249
0.0912759576621465,69.283938263543,1.99317117482831e-05
0.0720216202107258,49.2477393860463,6.39958193260229e-05
0.0728491006558761,55.896561362315,6.21021064187066e-05
0.0116941583994776,12.8524729167111,0.000150383558395119
0.0299150892696343,66.8090281041805,0.00016035783197875
0.0622794712823816,65.0755221408326,8.62910086307709e-05
0.0383832966443151,67.9930057330057,0.000140978094727858
0.0490607803035528,64.6576425095554,0.000116542364866611
0.0267738128476776,49.9172516574618,0.000167546733832047
0.0366365093644708,5.49865885637701,0.00016680727140136
0.0493504208233208,11.4264927245677,0.000118912618908235
0.0520089840493165,20.3712686907966,0.000109827208358036
0.0724766336055473,69.9446939164773,6.29545080251635e-05
0.0793836892605759,32.3804236017168,4.71475115914242e-05
0.0787031053984538,16.2544308195356,4.94170446790692e-05
0.0315007788641378,53.1558506947476,0.000156728935526021
0.0809040882089175,43.1107684760354,4.36680346688951e-05
0.0940258892276324,20.4381424107123,1.36912505595818e-05
0.026549494091887,65.0451701332349,0.000168060093785969
0.0647280906117521,10.4395369684789,8.612036647801e-05
0.0982156996172853,65.1368147321045,4.04991177232892e-06
0.0855267515406013,17.7585151675157,3.34645954889849e-05
0.096261850327719,6.89636171446182,4.15130073608377e-05
0.0302262046863325,69.5915582892485,0.000159645835358505
0.0134202972170897,8.15036194748245,0.000152539908914181
0.0652290115016513,36.962709268555,7.95409006172032e-05
0.0631772967451252,34.0487879910506,8.42363091181969e-05
0.0488954068627209,57.542020076653,0.000116920826764129
0.049920440048445,58.1011993729044,0.000114575008702071
0.0268656684900634,53.5193584638182,0.00016733651954044
0.0200354347168468,63.1463443022221,0.000169914091509541
0.0290944288228639,50.5828112480231,0.000162235937122722
0.0612600749894045,21.33504330297,8.8623926500909e-05
0.0805357964988798,51.1357883620076,4.45108808884567e-05
0.0957530472427607,20.2275349351112,9.75514196632598e-06
0.0729765865323134,16.0755270894151,6.25149569313426e-05
0.0368960602558218,32.8902438527439,0.000144381678174001
0.0297917573177256,38.5350087983534,0.000160640080714153
0.0268997040879913,7.85791845526546,0.000172470996908234
0.0704518619528972,34.4105655816384,6.75882564544634e-05
0.0677204047725536,54.9782857496757,7.38392751323234e-05
0.0209259138605557,60.6899617810268,0.000171951978758745
0.0600276303105056,50.9224139992148,9.14444117578871e-05
0.0311380332079716,24.7745454160031,0.000157559089441055
0.0523970212391578,9.22909625340253,0.000115376304169847
0.0929076815070584,22.4131868686527,1.6197464583416e-05
0.0418833782011643,15.0102120183874,0.000133669301013819
0.015528105199337,29.9570888001472,0.000159598937677373
0.0763969736662693,7.18869621166959,7.65538787982167e-05
0.0600844692741521,37.7134901075624,9.13143341473205e-05
0.0939021547767334,37.2923357377294,1.39215837722116e-05
0.0752969358162954,39.7522170410957,5.65001649282019e-05
0.0925055324821733,17.0166306488682,1.77274219111483e-05
0.0894047976704314,52.1879894053564,2.42139154531949e-05
0.0728448575269431,64.0651090000756,6.21118169418676e-05
0.0804551815753803,40.6956404750235,4.46953704701115e-05
0.0146084549580701,55.2906936558429,0.00015749429152856
0.01906598825939,34.7625494061504,0.000167695485281204
0.0630435510328971,39.4878172141034,8.45423900449777e-05
0.0832261647516862,29.0054180368315,3.83538954084579e-05
0.0525719191203825,47.6795489620417,0.000108507022236125
0.0759883898962289,69.5470559538808,5.49177522879266e-05
0.0763808797835373,14.1499017889146,5.58060951981955e-05
0.0392571395961568,21.5300031541847,0.000138978279884416
0.0291977446852252,65.4758679226507,0.000161999495786579
0.0143648098804988,52.5330442073755,0.000156936702728843
0.0270907089067623,45.3271771152504,0.000166821508044678
0.0241243567899801,67.7397540584207,0.000173610090571453
0.0779664458916523,47.1436961868312,5.03909139899567e-05
0.054054965521209,56.0902953601908,0.000105113027697821
0.0421373684960418,38.0905267875642,0.000132386792827889
0.0838407954620198,59.6316369343549,3.69472952691877e-05
0.091858079538215,10.0170942116529,2.74943014587962e-05
0.0399019590299577,8.86467440635897,0.000142972068912743
0.0118771520466544,51.9616459833924,0.000151243625899599
0.0143814355740324,21.9784660858568,0.000156974751108865
0.0604559976770543,22.087436002912,9.04640806626201e-05
0.0333207469270565,67.9544952022843,0.000152563886029261
0.0848104527243413,50.184147185646,3.47282066078263e-05
0.0654040087084286,54.1799064329825,7.91404144532573e-05
0.0685338864964433,53.255972614279,7.19775987030803e-05
0.0430414907378145,67.1327016479336,0.000130317682954572
0.0973890204401687,41.7005478695501,5.94179095459883e-06
0.0900278053805232,63.7280576582998,2.27881443079396e-05
0.0311556070414372,7.95138942427002,0.000163134901015089
0.0916279162070714,67.3943681549281,1.91262444490004e-05
0.0979020149167627,58.9281508035492,4.76778827284162e-06
0.0574846749869175,42.761119887,9.72640384901331e-05
0.0882320670108311,66.3891766348388,2.68977434516769e-05
0.0213410046487115,63.0099296022672,0.000172901926020757
0.0795885751605965,42.7585867745802,4.66786242894099e-05
0.0259417071845382,29.2085156170651,0.000169451031684369
0.0867357593285851,67.7487319661304,3.03220868156715e-05
0.0833275791374035,35.0653332436923,3.81218056565536e-05
0.0788935738382861,63.5334278189112,4.82691548963563e-05
0.0108607256296091,24.4901123153977,0.00014891750467634
0.0297410351526924,47.3874700174201,0.000160756159854359
0.0182187467440963,64.3110240634996,0.000165756548593903
0.0840386675531045,38.9972994010896,3.64944592715748e-05
0.0410762177733704,44.6774320467375,0.000134815266916803
0.0872336947103031,24.4337647256907,2.91825473076442e-05
0.0293717568926513,23.8702533091418,0.000161601263822108
0.0306993117183447,55.149543575244,0.00015856311624615
0.0634145317832008,52.9309303371701,8.36933898790723e-05
0.0637395885679871,16.4587243786082,8.34827980827171e-05
0.021742248700466,11.2392766645644,0.000172407681636475
0.0820873165945523,49.7058779327199,4.09601823210702e-05
0.010020605546888,43.1188262067735,0.000146994865593243
0.0806900074449368,69.9615171190817,4.41579646827516e-05
0.0392569116503,51.0717646148987,0.000138978801545095
0.010410928230267,58.1857863103505,0.000147888130331842
0.0322963338764384,18.1741100805812,0.000155012793849765
0.0203382916329429,11.5216466085985,0.000169392642094921
0.0524092722707428,47.9009144508746,0.00010887924425092
0.0870919956825674,5.2250861201901,8.62188711348346e-05
0.0361269753356464,29.8292303294875,0.000146141751235176
0.0921129707200453,43.4088329598308,1.80161831812639e-05
0.0538707411382347,34.5464854605962,0.000105534630521096
0.0482078111614101,17.8024386125617,0.00011870014372833
0.0985255784937181,66.1651039018761,3.34074501020813e-06
0.0750697384425439,46.2530970433727,5.70201126825003e-05
0.0668613691441715,5.86077697691508,0.000110956505847531
0.0239323406107724,58.6659030150622,0.00017404952514554
0.0870024701883085,56.7945262498688,2.97117113070541e-05
0.0525624450971373,49.1614539758302,0.000108528703812057
0.067970951278694,22.451604824746,7.32658922139212e-05
0.074964503752999,41.3007723214105,5.72609453100947e-05
0.0347236363496631,45.7901424216107,0.000149353333051607
0.0365202656108886,6.95223123650067,0.000157423057265596
0.0747372171329334,16.867838432081,5.83082279552308e-05
0.0261933841370046,9.86575553426519,0.00017153823716737
0.0982569214818068,59.3851588561665,3.95557434433823e-06
0.0557576480018906,62.6501643634401,0.00010121638964477
0.0197330011287704,31.0288083646446,0.000169221963504943
0.0638698790711351,46.9911145546939,8.2651314454177e-05
0.0142626951448619,26.2820233497769,0.000156703010205913
0.0210508958529681,24.345088765258,0.000172238003659515
0.0380278034508228,61.9939932809211,0.000141791651172515
0.0329526996752247,17.3024462093599,0.00015359473388675
0.0358521275757812,7.40721121313982,0.000156137787069393
0.058629599311389,48.2737454248127,9.46438460930085e-05
0.0868712328444235,56.1915445956402,3.00120517604068e-05
0.0934662446402945,25.3497862361837,1.49191767143076e-05
0.0115180801786482,32.1334454056341,0.000150421879554918
0.0592893553804606,7.08638735464774,0.000111619635925844
0.0693260195339099,32.5739761430305,7.01647793595494e-05
0.0281655175006017,53.4554324217606,0.000164361777522976
0.0972596963704564,38.5437024594285,6.23775282472662e-06
0.0729702522023581,64.4220677309204,6.18248476041221e-05
0.024134737085551,5.57734827394597,0.000165288543660515
0.0721468344028108,57.9360350826755,6.37092630295929e-05
0.0934167650504969,60.5785186216235,1.50324121851849e-05
0.0399845615332015,52.8054458147381,0.000137313553763913
0.0439963725069538,24.2622105311602,0.00012813240843627
0.0327439321996644,49.943097261712,0.000153883943198943
0.0104760693432763,62.0013113378082,0.000148037207651102
0.0366208771569654,35.6813422078267,0.000145011442646664
0.0283566115237772,27.6148419117089,0.000163924453329613
0.0685598852741532,18.3830009831581,7.21013996491236e-05
0.0766162239690311,41.7261758318637,5.34809358721592e-05
0.0699763001338579,22.1665771247353,6.86765934178558e-05
0.0257542111561634,29.3282272480428,0.000169880121762672
0.0841013271827251,44.6049793926068,3.63510608987485e-05
0.0430499355890788,18.6627409723587,0.000130386381929175
0.0790785736520775,29.4649719446898,4.7845777477251e-05
0.0485932583850809,34.8892662138678,0.000117612302285257
0.0324995479220524,47.6164722244721,0.000154443223679311
0.0657563476869836,60.1262029993814,7.833407652062e-05
0.0258147889305837,18.4467129700352,0.000169806140220111
0.0231259555509314,46.815628730692,0.000175894960654061
0.0835242433124222,17.203558345791,3.81744983729953e-05
0.048760890874546,69.0819936210755,0.00011722867048967
0.0842191098956391,66.301305424422,3.60815117571207e-05
0.0725867683975957,36.1626884283032,6.27024613714098e-05
0.0944329019985162,55.8876062312629,1.27069534201557e-05
0.0510066927690059,18.4220732271206,0.000112220161798088
0.0544974110694602,45.8854105975479,0.000104100478276963
0.0758665232057683,15.4511789476965,5.6228529276033e-05
0.0956656175386161,49.1371809295379,9.88584828949302e-06
0.0242694584932178,11.9862105941866,0.000174529245820452
0.0487873962125741,6.20832688990049,0.000139682960363544
0.0921819408121519,69.8044518148527,1.78583431327086e-05
0.0154625511309132,31.0884800902568,0.000159448915297716
0.0306475388817489,58.8333531585522,0.000158681599878585
0.0136512134107761,19.9170817807317,0.000155290369448952
0.0410346473683603,61.3982349145226,0.000134910401989772
0.0491232888074592,54.6949937974569,0.000116399312349348
0.0730155418044888,63.4669359144755,6.17212010410828e-05
0.0574024772038683,56.1960356985219,9.74521504916013e-05
0.0512050873879343,67.4618657887913,0.000111635056148028
0.099564398212824,37.1849603229202,9.63376068168335e-07
0.0242209404963069,44.1050028952304,0.000173389055968908
0.096655954758171,63.4912277723197,7.61943294849204e-06
0.0443012815644033,36.0115736734588,0.000127434615248487
0.0892156757623889,55.4091235436499,2.46467264040948e-05
0.0141130811488256,34.6918743150309,0.000156360614253151
0.0995194101706147,41.5948623011354,1.06633250261457e-06
0.0459495202731341,65.276714018546,0.000123662573340602
0.0631642259005457,46.9565587025136,8.4266222123676e-05
0.0464807998924516,59.0710445621517,0.000122446724581405
0.0983521541720256,58.3196296088863,3.73763158119161e-06
0.0866042980621569,8.81921596592292,4.26466042740761e-05
0.0292456164164469,8.57128535746597,0.000166238945371253
0.0623196622147225,40.3339421562851,8.61990305208625e-05
0.0405510178417899,51.2279909965582,0.000136017202134952
0.092812852342613,9.07182474853471,2.84083958335515e-05
0.0238362417975441,49.2747037101071,0.000174269450056218
0.0441900367359631,29.8833657079376,0.000127689202252596
0.0474474266776815,66.6444648907054,0.000120234571254429
0.0927727748593315,5.16223701299168,7.8121766582113e-05
0.0683963935077191,17.4554510635789,7.26526113458747e-05
0.0527016016212292,39.133564819349,0.00010821024008599
0.049304453691002,6.66262989281677,0.000134812359914954
0.090235595589038,68.9210938930046,2.23126104120215e-05
0.0782741442578845,55.8340875478461,4.9686737388432e-05
0.0940912452316843,56.0156673460733,1.34888448026208e-05
0.0499430631194264,28.3975224057212,0.000114523235150477
0.0157224814710207,41.430179286981,0.000160043773391282
0.0307103627338074,38.1858572550118,0.000158537825677964
0.0238038904801942,61.1543046287261,0.000174343486980708
0.0405211863550358,64.1426698910072,0.000136085472354317
0.0349898109771311,39.197508583311,0.000148744184725999
0.0960937442816794,53.7795853801072,8.90606786802449e-06
0.0718219475401566,62.0899513398763,6.44527760018107e-05
0.0159209983190522,19.3396683095489,0.000160475029994451
0.0791787766641937,38.7114089878742,4.76164599888335e-05
0.0203927283431403,26.2098436371889,0.000170731768296684
0.068902284426149,53.4425131080207,7.11345093967397e-05
0.0109678627806716,18.0814493854996,0.000149124420257192
0.0326445303508081,32.0185245759785,0.000154111427202092
0.0306866689585149,32.151367290644,0.000158592049567311
0.0102935448102653,28.9937502134126,0.000147619494983581
0.03475582994055,10.4941899597179,0.00015214118680497
0.0461330802645534,33.5213352320716,0.000123242490996597
0.0955496087716892,57.4403419741429,1.0151337704474e-05
0.0634484469960444,44.5442226959858,8.36157739345595e-05
0.099519189663697,24.37307805405,1.06683713906683e-06
0.0182601563003846,27.5844248733483,0.000165851315559925
0.0429405142227188,22.2869835118763,0.000130548770626907
0.0378294050390832,49.1617294750176,0.000142245691670154
0.0596298225456849,5.23595427861437,0.000131050979366144
0.025631168296095,46.2284494156484,0.000170161708903045
0.060635523039382,69.4463585794438,9.00532316838641e-05
0.0904051012033597,11.492985219229,2.73706658116302e-05
0.0177709417440929,48.1362371577416,0.000164731733912858
0.0772012016852386,34.1332000854891,5.21421974667177e-05
0.0334772991482168,5.35878228605725,0.000173092488365904
0.0523200550209731,54.1329272836447,0.000109083420504793
0.0475462298491039,45.9278142114636,0.000120008457341885
0.0698468657373451,36.5320307749789,6.89728077740543e-05
0.0949837000737898,13.3869632845745,1.42963089182413e-05
0.0654611733928323,18.6291270749643,7.91454529057226e-05
0.0756476708548144,6.80485492572188,8.27723007388662e-05
0.0533256546594203,43.9725715375971,0.000106782076677177
0.0467507632030174,10.7259974943008,0.00012536692046984
0.0852458276133984,61.3584507221822,3.37318385948286e-05
0.054537212997675,17.4985366303008,0.00010428983659049
0.0148504639719613,61.1398755630944,0.000158048136149274
0.0990439187176526,24.1351500910241,2.15450843120635e-06
0.0940108744939789,63.284496323904,1.36727755580305e-05
0.0644748756429181,6.69200728647411,0.0001055660092405
0.0575648636487313,23.6377014999744,9.70805244206622e-05
0.0888177699712105,27.5389374513179,2.55573453039933e-05
0.0598644246184267,13.6188296903856,9.34868208272526e-05
0.0763040456851013,44.4162464374676,5.41953648947741e-05
0.0517215312900953,58.2037836988457,0.000110453159356196
0.0548318887990899,57.7011419995688,0.00010333501632856
0.0697971940762364,66.0025299608242,6.90864828056768e-05
0.0136042804736644,45.0252701260615,0.000155196209207145
0.0154738727770746,27.6145964383613,0.000159474825212075
0.0864779540104792,46.8431719299406,3.09120817349875e-05
0.0201660503749736,39.278265289031,0.000170213009217074
0.0563455150648952,32.3541914147791,9.98710388857005e-05
0.0593008249881677,8.90764094423503,0.000101138316705539
0.0440450870385394,52.1404064400122,0.000128020923823216
0.022083950121887,7.82834598445334,0.000170227795905578
0.045502549125813,36.9891162985005,0.000124685479725691
0.052032704227604,35.0444040377624,0.000109741031097913
0.0511515705287457,7.04589685890824,0.000128039861405744
0.0363868464576081,24.3908515048679,0.000145547028664049
0.0457297570817173,25.8954672375694,0.00012416550775383
0.0183416482643224,17.7806791709736,0.000165958405190814
0.0450902769411914,26.5494705573656,0.000125628976532076
0.0721343685430475,22.9239999700803,6.37377915098403e-05
0.0565682993456721,36.793918722542,9.93611906221831e-05
0.090997380123008,52.7815618785098,2.05692444956088e-05
0.0489543722104281,17.0104816625826,0.000117109429858026
0.0488855805061758,24.6037222992163,0.000116943314664998
0.0326694512157701,46.1687162611634,0.000154054395082582
0.0937217311467976,46.8288401607424,1.43344884623428e-05
0.0307520032953471,37.5745488330722,0.00015844253004975
0.0356728038191795,45.6863384169992,0.000147181135873097
0.0266043961863034,49.0273682004772,0.000167934448756598
0.0926732507813722,6.13321806886233,6.07652896813058e-05
0.0402125151432119,47.5071448425297,0.000136791875341087
0.0356076202937402,20.0998385495041,0.000147359678873053
0.0705968547123484,58.0834788456559,6.72564363351488e-05
0.03487183453748,69.504526531091,0.000149014177216862
0.023477608282119,14.7762293205597,0.00017552405910483
0.0258959549013525,37.9466912709177,0.000169555737106371
0.0569292869395577,36.0845452267677,9.85350600834755e-05
0.0919533095043153,24.885564763099,1.83815724865917e-05
0.021872395768296,63.8600121741183,0.000174118029951536
0.0927722376841121,66.2758575112093,1.65074316856395e-05
0.062308328896761,27.5056777044665,8.62249671464737e-05
0.0983975944598205,11.3404874294065,9.83842421480403e-06
0.0764343548170291,15.4151875304524,5.4955874926813e-05
0.0756582951894961,61.6535945422947,5.56731835617897e-05
0.0352533106459305,28.7508851487655,0.000148141158120593
0.052964148519095,9.53590237302706,0.000113576538807686
0.0668815840105526,44.1791484074201,7.57589406824109e-05
0.0442340748989955,57.867032539798,0.000127588419644091
0.0259259153227322,41.0889894340653,0.00016948717181639
0.0129567701765336,67.6851751934737,0.000153714363183492
0.021074441310484,60.15198482899,0.000172291888119345
0.0704549030121416,47.7023320971057,6.75812969025165e-05
0.0679837077390403,38.1609987199772,7.32366986858433e-05
0.0961596192931756,23.2462995289825,8.75531100087289e-06
0.0600965537782759,40.5446878203657,9.12866784104728e-05
0.0546892050234601,51.2497209419962,0.000103661552271686
0.0819978993316181,64.2961301875766,4.11648163108493e-05
0.056882421518676,24.8105418123305,9.86423129532569e-05
0.0474815795593895,38.9956144278403,0.000120156411397853
0.0766464439569973,31.4387821650598,5.34117765565453e-05
0.0775776127353311,69.1622780705802,5.12807699028469e-05
0.0161534589412622,11.0433370689861,0.000159919604770884
0.032702267288696,69.8797979974188,0.000153979294551528
0.0162741055409424,56.4170235337224,0.000161306181013503
0.0655522724636831,12.0237849664409,8.21390088223487e-05
0.0407486525992863,31.7919198959135,0.000135564909282113
0.0755448048282415,27.0082309748977,5.5932909532625e-05
0.0170409977762029,50.5348783847876,0.000163061236051897
0.0584230921417475,13.8874248869251,9.66102604393377e-05
0.0499778590188362,7.54739872645587,0.000126430788557491
0.0683246341068298,21.8071341037285,7.24564788426901e-05
0.0283912368514575,56.0218483407516,0.000163845212266779
0.0571654150425457,6.21198954293504,0.000124338196751877
0.0422499559796415,15.8690187009051,0.000132584336594941
0.0469087592908181,67.9927393444814,0.000121467327133111
0.0896322702220641,55.7893573550973,2.36933379463649e-05
0.058191361729987,12.4472357076593,9.82065177604989e-05
0.0702144257701002,35.723016030388,6.81316360190945e-05
0.0370862169936299,52.4178862129338,0.000143946498985283
0.0646189859975129,65.5781583464705,8.09369616090362e-05
0.0301275760051794,68.4092852624599,0.000159871549945025
0.0287789786001667,35.2873427595478,0.000162957854071743
0.062397796115838,50.8948359766509,8.60202188306182e-05
0.0645506255631335,58.3887032058556,8.10934064382678e-05
0.0258887673984282,17.0426109910477,0.000169740725154162
0.0696039825328626,29.6591569052544,6.95286530051949e-05
0.0238326300564222,39.7559373243712,0.000174277715630131
0.0830769165209495,53.4606161166448,3.86954542967635e-05
0.056028406880796,5.49081670935266,0.000134071171301783
0.0239972696825862,43.8341322727501,0.000173900933088682
0.0558594905561768,54.8402411793359,0.000100983320016725
0.0120482668606564,47.1112210315187,0.000151635227095504
0.0445151781570166,26.2110748025589,0.000126945106716126
0.0871380382101052,57.1937266609166,2.94014599721733e-05
0.0768498840625398,65.8461260877084,5.29461979969678e-05
0.0470545680075884,33.153527835384,0.000121133639671896
0.0459447023342364,8.88841074076481,0.000129929377129905
0.0360673158615828,21.2107240222394,0.000146278283665326
0.0839297906961292,19.9233793222811,3.68246478222934e-05
0.0728984871436842,42.289384190226,6.19890840144223e-05
0.0335899152141064,41.057236941997,0.000151947886627203
0.0782708260929212,8.74593313666992,6.07857323936594e-05
0.0191460082563572,11.4247260731645,0.000166701264569578
0.0702331976080313,46.2473193090409,6.80886761256099e-05
0.0619392222561874,12.2973469574936,8.99432706760485e-05
0.0629075816646218,38.1494845671114,8.4853559872871e-05
0.0842681042570621,69.9394202348776,3.59693867453984e-05
0.0809511528047733,35.3684932517353,4.35603259814306e-05
0.0978497438598424,61.249184088083,4.88741209688383e-06
0.0273871834855527,45.8647084317636,0.000166143017405006
0.0839912073104642,58.4278024185915,3.66030734081372e-05
0.0361037038406357,53.9807714463677,0.000146195008723897
0.0213303463254124,27.3647932708263,0.000172877534139933
0.0868474552291445,6.98156964499503,5.86183002805829e-05
0.0893595041288063,38.0969743826427,2.43175710318812e-05
0.0923631602199748,22.0700082427356,1.74436172818903e-05
0.0229672761284746,45.303161906777,0.000176258103097116
0.0267633712803945,58.5227070457768,0.000167570629660465
0.0898645505704917,51.4696248201653,2.31617576576568e-05
0.0201568363583647,23.0134209769312,0.000170191922673841
0.0629231104184874,61.0047989350278,8.48180218709738e-05
0.0216898213839158,17.939225275768,0.000173615977104541
0.0961197917582467,55.1250820804853,8.84645746530419e-06
0.0919929256266914,21.4883269707207,1.82909098458957e-05
0.0484718750370667,37.6076183607802,0.000117890091584345
0.0134238816960715,20.9409890545066,0.000154780856958309
0.0536797002563253,38.2799987203907,0.000105971833099136
0.0555150826601312,60.4428089235444,0.000101771507437884
0.0504397916328162,63.9497668098193,0.000113386457595489
0.0136475299415179,11.3573412934784,0.000154438892674015
0.0629031504457817,42.4123200727627,8.4863700845219e-05
0.064906468889676,51.7702373838984,8.02790487040092e-05
0.010185216255486,34.3459209019784,0.000147371581956006
0.059396342788823,49.3071698758286,9.28891314911988e-05
0.0320984838926233,27.8223394881934,0.000155361070298698
0.03478470178321,46.2087182013784,0.000149213583042557
0.0732303259358741,8.79104792955332,7.14770332235421e-05
0.062359011603985,42.7253733226098,8.6108978306604e-05
0.0556168106757105,57.937039041426,0.000101538699934979
0.0798871476040222,55.0964700279292,4.59953326259055e-05
0.0646067591477186,52.3337876645383,8.09649431080639e-05
0.0240029896819033,55.0607675942592,0.000173887842704976
0.0941322282957844,15.1450812956318,1.48789534996343e-05
0.0837658291659318,29.1109948523808,3.71188578038041e-05
0.0752486197184771,56.4068047900219,5.66107377140678e-05
0.0879979548812844,24.6948971541133,2.74335158244022e-05
0.0124113331036642,44.4699295517057,0.000152466114682787
0.0770696276403032,56.3673064636532,5.24433084701525e-05
0.0744797176076099,64.4905136909802,5.83703924108593e-05
0.0353886697278358,61.0151489661075,0.000147831384950691
0.0581756305112504,14.5854872674681,9.68424504162572e-05
0.052238797582686,5.59362523024902,0.000139420066404117
0.058678409291897,36.9240569777321,9.45321430423377e-05
0.0288736729626544,23.5194430954289,0.000162741143287164
0.074753840144258,61.6130701615475,5.77430550654525e-05
0.0794143526093103,33.7575025064871,4.70773376318822e-05
0.0421784221567214,39.9145849479828,0.00013229284033925
0.0783022292074748,17.0452976529486,5.01315747403183e-05
0.0671934904274531,52.0186911441851,7.50451338353477e-05
0.0487911393819377,18.3190076402389,0.000117298234824751
0.0465424772677943,42.4862347159069,0.000122305574125875
0.0784195312391967,52.8641664900351,4.93540150809983e-05
0.0894347117817961,51.2012530618813,2.41454561450214e-05
0.0757622589520179,30.8089434262365,5.54352594874089e-05
0.0832096725818701,7.62803567689844,5.73389203650141e-05
0.057729346533306,7.19074480934069,0.000113741246017345
0.0175741127389483,44.2833042319398,0.000164281285047558
0.0238563593081199,18.6960475891829,0.000174271466436498
0.0882549151778221,49.6891712013166,2.68454547613604e-05
0.0882503803167492,20.0000279664528,2.69356103318317e-05
0.0354637970612384,53.9581311156508,0.000147659453877527
0.0905979137262329,53.1590307550505,2.14834348865064e-05
0.0706595019157976,18.987943821121,6.72369270344716e-05
0.0996920421719551,16.2980359361973,1.55853892285534e-06
0.0146177357574925,44.0368209930602,0.000157515530906191
0.0473110159183852,24.2706876399461,0.000120546751218427
0.0434637420601212,23.3320615452249,0.000129351348603265
0.0411596315400675,37.3571427143179,0.000134624372101623
0.0805525853042491,45.0080109434202,4.44724592222861e-05
0.0414520528819412,43.4824932157062,0.000133955157411745
0.0768605339201167,39.8671676393133,5.29218254901941e-05
0.0693228166829795,68.1627662922256,7.01721091764443e-05
